[
  {
    "pk": 4, 
    "model": "sites.site", 
    "fields": {
      "domain": "ec.beta.bvsalud.org", 
      "name": "EnsaiosClinicos.gov.br (BETA)"
    }
  }, 
  {
    "pk": 3, 
    "model": "sites.site", 
    "fields": {
      "domain": "ec.homolog.bvsalud.org", 
      "name": "EnsaiosClinicos.gov.br (HOMOLOG)"
    }
  }, 
  {
    "pk": 2, 
    "model": "sites.site", 
    "fields": {
      "domain": "ec.teste.bvsalud.org", 
      "name": "EnsaiosClinicos.gov.br (TESTE)"
    }
  }, 
  {
    "pk": 1, 
    "model": "sites.site", 
    "fields": {
      "domain": "example.com", 
      "name": "example.com"
    }
  }, 
  {
    "pk": 329, 
    "model": "admin.logentry", 
    "fields": {
      "action_flag": 2, 
      "action_time": "2010-09-10 12:52:26", 
      "object_repr": "/site-description/ -- Site description", 
      "object_id": "2", 
      "change_message": "Modificado content.", 
      "user": 17, 
      "content_type": [
        "flatpages", 
        "flatpage"
      ]
    }
  }, 
  {
    "pk": 323, 
    "model": "admin.logentry", 
    "fields": {
      "action_flag": 3, 
      "action_time": "2010-09-10 12:41:37", 
      "object_repr": "Not\u00edcia teste do dia 22", 
      "object_id": "6", 
      "change_message": "", 
      "user": 17, 
      "content_type": [
        "reviewapp", 
        "news"
      ]
    }
  }, 
  {
    "pk": 324, 
    "model": "admin.logentry", 
    "fields": {
      "action_flag": 3, 
      "action_time": "2010-09-10 12:41:37", 
      "object_repr": "Quisque feugiat hendrerit sagittis", 
      "object_id": "5", 
      "change_message": "", 
      "user": 17, 
      "content_type": [
        "reviewapp", 
        "news"
      ]
    }
  }, 
  {
    "pk": 325, 
    "model": "admin.logentry", 
    "fields": {
      "action_flag": 3, 
      "action_time": "2010-09-10 12:41:37", 
      "object_repr": "Nam non odio purus, ut condimentum dui", 
      "object_id": "4", 
      "change_message": "", 
      "user": 17, 
      "content_type": [
        "reviewapp", 
        "news"
      ]
    }
  }, 
  {
    "pk": 326, 
    "model": "admin.logentry", 
    "fields": {
      "action_flag": 3, 
      "action_time": "2010-09-10 12:41:37", 
      "object_repr": "Cras porttitor scelerisque congue", 
      "object_id": "3", 
      "change_message": "", 
      "user": 17, 
      "content_type": [
        "reviewapp", 
        "news"
      ]
    }
  }, 
  {
    "pk": 327, 
    "model": "admin.logentry", 
    "fields": {
      "action_flag": 3, 
      "action_time": "2010-09-10 12:41:37", 
      "object_repr": "Nullam elit sapien, faucibus non accumsan et, suscipit et arcu", 
      "object_id": "2", 
      "change_message": "", 
      "user": 17, 
      "content_type": [
        "reviewapp", 
        "news"
      ]
    }
  }, 
  {
    "pk": 328, 
    "model": "admin.logentry", 
    "fields": {
      "action_flag": 3, 
      "action_time": "2010-09-10 12:41:37", 
      "object_repr": "Aenean euismod, magna id rhoncus semper", 
      "object_id": "1", 
      "change_message": "", 
      "user": 17, 
      "content_type": [
        "reviewapp", 
        "news"
      ]
    }
  }, 
  {
    "pk": 322, 
    "model": "admin.logentry", 
    "fields": {
      "action_flag": 2, 
      "action_time": "2010-09-03 19:39:31", 
      "object_repr": "Please enter the primary sponsor country.\r\n", 
      "object_id": "74", 
      "change_message": "Modificado text. Modificado text para field help translation \"pt-BR\".", 
      "user": 6, 
      "content_type": [
        "assistance", 
        "fieldhelp"
      ]
    }
  }, 
  {
    "pk": 321, 
    "model": "admin.logentry", 
    "fields": {
      "action_flag": 2, 
      "action_time": "2010-09-03 19:25:12", 
      "object_repr": "Please enter the primary sponsor country.", 
      "object_id": "74", 
      "change_message": "Adicionado field help translation \"pt-BR\"", 
      "user": 6, 
      "content_type": [
        "assistance", 
        "fieldhelp"
      ]
    }
  }, 
  {
    "pk": 320, 
    "model": "admin.logentry", 
    "fields": {
      "action_flag": 2, 
      "action_time": "2010-09-03 19:24:49", 
      "object_repr": "Please enter the primary sponsor country.", 
      "object_id": "74", 
      "change_message": "Modificado text.", 
      "user": 6, 
      "content_type": [
        "assistance", 
        "fieldhelp"
      ]
    }
  }, 
  {
    "pk": 319, 
    "model": "admin.logentry", 
    "fields": {
      "action_flag": 2, 
      "action_time": "2010-09-03 19:24:29", 
      "object_repr": "Please enter the primary sponsor.\r\nThe Primary Sponsor is the individual, organization, group or other legal entity which takes responsibility for initiating, managing and/or financing the study.  \r\nT", 
      "object_id": "73", 
      "change_message": "Modificado text. Adicionado field help translation \"pt-BR\"", 
      "user": 6, 
      "content_type": [
        "assistance", 
        "fieldhelp"
      ]
    }
  }, 
  {
    "pk": 318, 
    "model": "admin.logentry", 
    "fields": {
      "action_flag": 2, 
      "action_time": "2010-09-03 19:22:45", 
      "object_repr": "Please enter the countries from which participants will be, are intended to be, or have been recruited.\r\n", 
      "object_id": "72", 
      "change_message": "Modificado text. Adicionado field help translation \"pt-BR\"", 
      "user": 6, 
      "content_type": [
        "assistance", 
        "fieldhelp"
      ]
    }
  }, 
  {
    "pk": 317, 
    "model": "admin.logentry", 
    "fields": {
      "action_flag": 2, 
      "action_time": "2010-09-03 19:21:51", 
      "object_repr": "Please enter the scientific title of the study as it appears in the protocol submitted for funding and ethical review.\r\n", 
      "object_id": "71", 
      "change_message": "Adicionado field help translation \"pt-BR\"", 
      "user": 6, 
      "content_type": [
        "assistance", 
        "fieldhelp"
      ]
    }
  }, 
  {
    "pk": 316, 
    "model": "admin.logentry", 
    "fields": {
      "action_flag": 2, 
      "action_time": "2010-09-03 19:21:37", 
      "object_repr": "Please enter the scientific title of the study as it appears in the protocol submitted for funding and ethical review.\r\n", 
      "object_id": "71", 
      "change_message": "Modificado text.", 
      "user": 6, 
      "content_type": [
        "assistance", 
        "fieldhelp"
      ]
    }
  }, 
  {
    "pk": 315, 
    "model": "admin.logentry", 
    "fields": {
      "action_flag": 2, 
      "action_time": "2010-09-03 19:20:49", 
      "object_repr": "Please, enter the scientific tittle as it appears in the protocol submitted for funding and ethical review. Include trial acronym if available.\r\n\r\n", 
      "object_id": "71", 
      "change_message": "Modificado text.", 
      "user": 6, 
      "content_type": [
        "assistance", 
        "fieldhelp"
      ]
    }
  }, 
  {
    "pk": 314, 
    "model": "admin.logentry", 
    "fields": {
      "action_flag": 2, 
      "action_time": "2010-09-03 19:02:00", 
      "object_repr": "Please, select the submission language.\r\n", 
      "object_id": "70", 
      "change_message": "Modificado text. Adicionado field help translation \"pt-BR\"", 
      "user": 6, 
      "content_type": [
        "assistance", 
        "fieldhelp"
      ]
    }
  }, 
  {
    "pk": 313, 
    "model": "admin.logentry", 
    "fields": {
      "action_flag": 2, 
      "action_time": "2010-09-03 18:59:26", 
      "object_repr": "Please enter the anticipated or actual date of enrollment of the last participant. \r\nPlease use the format dd/mm/yyyy.\r\n", 
      "object_id": "69", 
      "change_message": "Modificado text. Modificado text para field help translation \"pt-BR\".", 
      "user": 6, 
      "content_type": [
        "assistance", 
        "fieldhelp"
      ]
    }
  }, 
  {
    "pk": 312, 
    "model": "admin.logentry", 
    "fields": {
      "action_flag": 2, 
      "action_time": "2010-09-03 18:59:13", 
      "object_repr": "Please select this field if the file attached to this study will be public to every user of the EnsaiosClinicos.gov.br.\r\n", 
      "object_id": "68", 
      "change_message": "Modificado text. Modificado text para field help translation \"pt-BR\".", 
      "user": 6, 
      "content_type": [
        "assistance", 
        "fieldhelp"
      ]
    }
  }, 
  {
    "pk": 311, 
    "model": "admin.logentry", 
    "fields": {
      "action_flag": 2, 
      "action_time": "2010-09-03 18:58:49", 
      "object_repr": "Please enter the description of the file attached to this study.\r\n", 
      "object_id": "67", 
      "change_message": "Modificado text. Modificado text para field help translation \"pt-BR\".", 
      "user": 6, 
      "content_type": [
        "assistance", 
        "fieldhelp"
      ]
    }
  }, 
  {
    "pk": 310, 
    "model": "admin.logentry", 
    "fields": {
      "action_flag": 2, 
      "action_time": "2010-09-03 18:58:33", 
      "object_repr": "Please enter the file to be attached to this study.\r\n", 
      "object_id": "66", 
      "change_message": "Modificado text e example. Modificado text e example para field help translation \"pt-BR\".", 
      "user": 6, 
      "content_type": [
        "assistance", 
        "fieldhelp"
      ]
    }
  }, 
  {
    "pk": 309, 
    "model": "admin.logentry", 
    "fields": {
      "action_flag": 2, 
      "action_time": "2010-09-03 18:58:08", 
      "object_repr": "Please enter the anticipated or actual date of enrollment of the first participant. \r\nPlease use the format dd/mm/yyyy.\r\n", 
      "object_id": "65", 
      "change_message": "Modificado text. Modificado text para field help translation \"pt-BR\".", 
      "user": 6, 
      "content_type": [
        "assistance", 
        "fieldhelp"
      ]
    }
  }, 
  {
    "pk": 308, 
    "model": "admin.logentry", 
    "fields": {
      "action_flag": 2, 
      "action_time": "2010-09-03 18:57:53", 
      "object_repr": "Please select this field to delete the corresponding descriptor.\r\n", 
      "object_id": "64", 
      "change_message": "Modificado text. Modificado text para field help translation \"pt-BR\".", 
      "user": 6, 
      "content_type": [
        "assistance", 
        "fieldhelp"
      ]
    }
  }, 
  {
    "pk": 307, 
    "model": "admin.logentry", 
    "fields": {
      "action_flag": 2, 
      "action_time": "2010-09-03 18:57:39", 
      "object_repr": "Please enter which is the country of the new institution.\r\n", 
      "object_id": "63", 
      "change_message": "Modificado text. Modificado text para field help translation \"pt-BR\".", 
      "user": 6, 
      "content_type": [
        "assistance", 
        "fieldhelp"
      ]
    }
  }, 
  {
    "pk": 306, 
    "model": "admin.logentry", 
    "fields": {
      "action_flag": 2, 
      "action_time": "2010-09-03 18:57:30", 
      "object_repr": "Please enter the address of the new institution.\r\n", 
      "object_id": "62", 
      "change_message": "Modificado text. Modificado text para field help translation \"pt-BR\".", 
      "user": 6, 
      "content_type": [
        "assistance", 
        "fieldhelp"
      ]
    }
  }, 
  {
    "pk": 305, 
    "model": "admin.logentry", 
    "fields": {
      "action_flag": 2, 
      "action_time": "2010-09-03 18:57:19", 
      "object_repr": "Please enter the name of the new institution.\r\n", 
      "object_id": "61", 
      "change_message": "Modificado text. Modificado text para field help translation \"pt-BR\".", 
      "user": 6, 
      "content_type": [
        "assistance", 
        "fieldhelp"
      ]
    }
  }, 
  {
    "pk": 304, 
    "model": "admin.logentry", 
    "fields": {
      "action_flag": 2, 
      "action_time": "2010-09-03 18:57:08", 
      "object_repr": "Please enter the expansion of the trial public acronym, if available.\r\n", 
      "object_id": "60", 
      "change_message": "Modificado text e example. Modificado text e example para field help translation \"pt-BR\".", 
      "user": 6, 
      "content_type": [
        "assistance", 
        "fieldhelp"
      ]
    }
  }, 
  {
    "pk": 303, 
    "model": "admin.logentry", 
    "fields": {
      "action_flag": 2, 
      "action_time": "2010-09-03 18:56:55", 
      "object_repr": "Select the relation of the contact: a contact for Public Queries, for Scientific Queries or for Site Queries.\r\n", 
      "object_id": "59", 
      "change_message": "Modificado text. Modificado text para field help translation \"pt-BR\".", 
      "user": 6, 
      "content_type": [
        "assistance", 
        "fieldhelp"
      ]
    }
  }, 
  {
    "pk": 302, 
    "model": "admin.logentry", 
    "fields": {
      "action_flag": 2, 
      "action_time": "2010-09-03 18:56:41", 
      "object_repr": "Please enter the telephone number of the contact.\r\n", 
      "object_id": "58", 
      "change_message": "Modificado text. Modificado text para field help translation \"pt-BR\".", 
      "user": 6, 
      "content_type": [
        "assistance", 
        "fieldhelp"
      ]
    }
  }, 
  {
    "pk": 301, 
    "model": "admin.logentry", 
    "fields": {
      "action_flag": 2, 
      "action_time": "2010-09-03 18:56:32", 
      "object_repr": "Please enter the zip code of the contact.\r\n", 
      "object_id": "57", 
      "change_message": "Modificado text. Modificado text para field help translation \"pt-BR\".", 
      "user": 6, 
      "content_type": [
        "assistance", 
        "fieldhelp"
      ]
    }
  }, 
  {
    "pk": 300, 
    "model": "admin.logentry", 
    "fields": {
      "action_flag": 2, 
      "action_time": "2010-09-03 18:56:24", 
      "object_repr": "Please enter the country of the contact.\r\n", 
      "object_id": "56", 
      "change_message": "Modificado text. Modificado text para field help translation \"pt-BR\".", 
      "user": 6, 
      "content_type": [
        "assistance", 
        "fieldhelp"
      ]
    }
  }, 
  {
    "pk": 299, 
    "model": "admin.logentry", 
    "fields": {
      "action_flag": 2, 
      "action_time": "2010-09-03 18:56:11", 
      "object_repr": "Please enter the city of the contact.\r\n", 
      "object_id": "55", 
      "change_message": "Modificado text. Modificado text para field help translation \"pt-BR\".", 
      "user": 6, 
      "content_type": [
        "assistance", 
        "fieldhelp"
      ]
    }
  }, 
  {
    "pk": 298, 
    "model": "admin.logentry", 
    "fields": {
      "action_flag": 2, 
      "action_time": "2010-09-03 18:55:59", 
      "object_repr": "Please enter the address of the contact.\r\n", 
      "object_id": "54", 
      "change_message": "Modificado text. Modificado text para field help translation \"pt-BR\".", 
      "user": 6, 
      "content_type": [
        "assistance", 
        "fieldhelp"
      ]
    }
  }, 
  {
    "pk": 297, 
    "model": "admin.logentry", 
    "fields": {
      "action_flag": 2, 
      "action_time": "2010-09-03 18:55:48", 
      "object_repr": "Please enter the affiliation of the contact.\r\n", 
      "object_id": "53", 
      "change_message": "Modificado text. Modificado text para field help translation \"pt-BR\".", 
      "user": 6, 
      "content_type": [
        "assistance", 
        "fieldhelp"
      ]
    }
  }, 
  {
    "pk": 296, 
    "model": "admin.logentry", 
    "fields": {
      "action_flag": 2, 
      "action_time": "2010-09-03 18:55:30", 
      "object_repr": "Please enter the email of the contact.\r\n", 
      "object_id": "52", 
      "change_message": "Modificado text. Modificado text para field help translation \"pt-BR\".", 
      "user": 6, 
      "content_type": [
        "assistance", 
        "fieldhelp"
      ]
    }
  }, 
  {
    "pk": 295, 
    "model": "admin.logentry", 
    "fields": {
      "action_flag": 2, 
      "action_time": "2010-09-03 18:55:19", 
      "object_repr": "Please enter the last name of the contact.\r\n", 
      "object_id": "51", 
      "change_message": "Modificado text. Modificado text para field help translation \"pt-BR\".", 
      "user": 6, 
      "content_type": [
        "assistance", 
        "fieldhelp"
      ]
    }
  }, 
  {
    "pk": 294, 
    "model": "admin.logentry", 
    "fields": {
      "action_flag": 2, 
      "action_time": "2010-09-03 18:55:06", 
      "object_repr": "Please enter the middle name of the contact.\r\n", 
      "object_id": "50", 
      "change_message": "Modificado text. Modificado text para field help translation \"pt-BR\".", 
      "user": 6, 
      "content_type": [
        "assistance", 
        "fieldhelp"
      ]
    }
  }, 
  {
    "pk": 293, 
    "model": "admin.logentry", 
    "fields": {
      "action_flag": 2, 
      "action_time": "2010-09-03 18:54:57", 
      "object_repr": "Please enter the first name of the contact.\r\n", 
      "object_id": "49", 
      "change_message": "Modificado text. Modificado text para field help translation \"pt-BR\".", 
      "user": 6, 
      "content_type": [
        "assistance", 
        "fieldhelp"
      ]
    }
  }, 
  {
    "pk": 292, 
    "model": "admin.logentry", 
    "fields": {
      "action_flag": 2, 
      "action_time": "2010-09-03 18:54:35", 
      "object_repr": "Please select this field to delete the corresponding site queries contact.\r\n", 
      "object_id": "48", 
      "change_message": "Modificado text. Modificado text para field help translation \"pt-BR\".", 
      "user": 6, 
      "content_type": [
        "assistance", 
        "fieldhelp"
      ]
    }
  }, 
  {
    "pk": 291, 
    "model": "admin.logentry", 
    "fields": {
      "action_flag": 2, 
      "action_time": "2010-09-03 18:54:21", 
      "object_repr": "Please select from one of the contacts included previously who is the contact(s) for site queries (see form bellow for a new contact).\r\n", 
      "object_id": "47", 
      "change_message": "Modificado text. Modificado text para field help translation \"pt-BR\".", 
      "user": 6, 
      "content_type": [
        "assistance", 
        "fieldhelp"
      ]
    }
  }, 
  {
    "pk": 290, 
    "model": "admin.logentry", 
    "fields": {
      "action_flag": 2, 
      "action_time": "2010-09-03 18:54:07", 
      "object_repr": "Please select this field to delete the corresponding scientific contact.\r\n", 
      "object_id": "46", 
      "change_message": "Modificado text e example. Modificado text para field help translation \"pt-BR\".", 
      "user": 6, 
      "content_type": [
        "assistance", 
        "fieldhelp"
      ]
    }
  }, 
  {
    "pk": 289, 
    "model": "admin.logentry", 
    "fields": {
      "action_flag": 2, 
      "action_time": "2010-09-03 18:53:41", 
      "object_repr": "Please select from one of the contacts included previously who is the contact(s) for scientific queries (see form bellow for a new contact).\r\n", 
      "object_id": "45", 
      "change_message": "Modificado text. Modificado text para field help translation \"pt-BR\".", 
      "user": 6, 
      "content_type": [
        "assistance", 
        "fieldhelp"
      ]
    }
  }, 
  {
    "pk": 288, 
    "model": "admin.logentry", 
    "fields": {
      "action_flag": 2, 
      "action_time": "2010-09-03 18:53:31", 
      "object_repr": "Please select this field to delete the corresponding public contact.\r\n", 
      "object_id": "44", 
      "change_message": "Modificado text. Modificado text para field help translation \"pt-BR\".", 
      "user": 6, 
      "content_type": [
        "assistance", 
        "fieldhelp"
      ]
    }
  }, 
  {
    "pk": 287, 
    "model": "admin.logentry", 
    "fields": {
      "action_flag": 2, 
      "action_time": "2010-09-03 18:53:22", 
      "object_repr": "Please select from one of the contacts included previously who is the contact(s) for public queries (see form bellow for a new contact).\r\n", 
      "object_id": "43", 
      "change_message": "Nenhum campo modificado.", 
      "user": 6, 
      "content_type": [
        "assistance", 
        "fieldhelp"
      ]
    }
  }, 
  {
    "pk": 286, 
    "model": "admin.logentry", 
    "fields": {
      "action_flag": 2, 
      "action_time": "2010-09-03 18:53:06", 
      "object_repr": "Please select this field to delete the corresponding outcome.\r\n", 
      "object_id": "42", 
      "change_message": "Modificado text. Modificado text para field help translation \"pt-BR\".", 
      "user": 6, 
      "content_type": [
        "assistance", 
        "fieldhelp"
      ]
    }
  }, 
  {
    "pk": 285, 
    "model": "admin.logentry", 
    "fields": {
      "action_flag": 2, 
      "action_time": "2010-09-03 18:52:54", 
      "object_repr": "Please enter the description of outcome measure.\r\n", 
      "object_id": "41", 
      "change_message": "Modificado text. Modificado text para field help translation \"pt-BR\".", 
      "user": 6, 
      "content_type": [
        "assistance", 
        "fieldhelp"
      ]
    }
  }, 
  {
    "pk": 284, 
    "model": "admin.logentry", 
    "fields": {
      "action_flag": 2, 
      "action_time": "2010-09-03 18:50:52", 
      "object_repr": "Please enter the type of outcome: primary or secondary. Primary outcomes are events, variables, or experiences that are measured because it is believed that they may be influenced by the intervention.", 
      "object_id": "40", 
      "change_message": "Modificado text. Modificado text para field help translation \"pt-BR\".", 
      "user": 6, 
      "content_type": [
        "assistance", 
        "fieldhelp"
      ]
    }
  }, 
  {
    "pk": 283, 
    "model": "admin.logentry", 
    "fields": {
      "action_flag": 2, 
      "action_time": "2010-09-03 18:50:21", 
      "object_repr": "Please enter the phase of the study.\r\n", 
      "object_id": "39", 
      "change_message": "Modificado text. Modificado text para field help translation \"pt-BR\".", 
      "user": 6, 
      "content_type": [
        "assistance", 
        "fieldhelp"
      ]
    }
  }, 
  {
    "pk": 282, 
    "model": "admin.logentry", 
    "fields": {
      "action_flag": 2, 
      "action_time": "2010-09-03 18:50:04", 
      "object_repr": "Please enter the participant assignment to the intervention groups:\r\n\r\n    * N/A: single arm study\r\n    * Randomized Controlled Trial: participants are assigned to intervention groups by chance\r\n    *", 
      "object_id": "38", 
      "change_message": "Modificado text. Modificado text para field help translation \"pt-BR\".", 
      "user": 6, 
      "content_type": [
        "assistance", 
        "fieldhelp"
      ]
    }
  }, 
  {
    "pk": 281, 
    "model": "admin.logentry", 
    "fields": {
      "action_flag": 2, 
      "action_time": "2010-09-03 18:49:50", 
      "object_repr": "Blinding refers to methods used to prevent participants and investigators from knowing what interventions are being used. Masking refers to the methods used to camouflage interventions to achieve blin", 
      "object_id": "37", 
      "change_message": "Modificado text. Modificado text para field help translation \"pt-BR\".", 
      "user": 6, 
      "content_type": [
        "assistance", 
        "fieldhelp"
      ]
    }
  }, 
  {
    "pk": 280, 
    "model": "admin.logentry", 
    "fields": {
      "action_flag": 2, 
      "action_time": "2010-09-03 18:45:06", 
      "object_repr": "Please enter the number of intervention groups (enter 1 for single-arm study). \r\n", 
      "object_id": "36", 
      "change_message": "Modificado text. Modificado text para field help translation \"pt-BR\".", 
      "user": 6, 
      "content_type": [
        "assistance", 
        "fieldhelp"
      ]
    }
  }, 
  {
    "pk": 279, 
    "model": "admin.logentry", 
    "fields": {
      "action_flag": 2, 
      "action_time": "2010-09-03 18:30:58", 
      "object_repr": "Please enter the intervention assignment of the trial.\r\n\r\n* Single Group: single arm study\r\n* Parallel: participants are assigned to one of two or more groups in parallel for the duration of the study", 
      "object_id": "35", 
      "change_message": "Modificado text. Modificado text para field help translation \"pt-BR\".", 
      "user": 6, 
      "content_type": [
        "assistance", 
        "fieldhelp"
      ]
    }
  }, 
  {
    "pk": 278, 
    "model": "admin.logentry", 
    "fields": {
      "action_flag": 2, 
      "action_time": "2010-09-03 18:30:40", 
      "object_repr": "Please select the most apropriate purpose of your study. Only choose \"Other\" option if none of the listed categories are adequate to define the purpose of your study.\r\n\r\n   * Diagnostic: conducted to ", 
      "object_id": "34", 
      "change_message": "Modificado text.", 
      "user": 6, 
      "content_type": [
        "assistance", 
        "fieldhelp"
      ]
    }
  }, 
  {
    "pk": 277, 
    "model": "admin.logentry", 
    "fields": {
      "action_flag": 2, 
      "action_time": "2010-09-03 17:58:13", 
      "object_repr": "Please enter if there is an expanded access program or not or if it is unknown.\r\n", 
      "object_id": "33", 
      "change_message": "Modificado text. Modificado text para field help translation \"pt-BR\".", 
      "user": 6, 
      "content_type": [
        "assistance", 
        "fieldhelp"
      ]
    }
  }, 
  {
    "pk": 276, 
    "model": "admin.logentry", 
    "fields": {
      "action_flag": 2, 
      "action_time": "2010-09-03 17:58:00", 
      "object_repr": "Please enter whether the trial is a  single arm study, a controlled non-randomized trial or a randomized controlled trial. \r\n\r\nA single arm study is one in which all participants are given the same in", 
      "object_id": "32", 
      "change_message": "Modificado text. Modificado text para field help translation \"pt-BR\".", 
      "user": 6, 
      "content_type": [
        "assistance", 
        "fieldhelp"
      ]
    }
  }, 
  {
    "pk": 275, 
    "model": "admin.logentry", 
    "fields": {
      "action_flag": 2, 
      "action_time": "2010-09-03 17:57:47", 
      "object_repr": "Please select the intervention category:\r\n\r\n* drug\r\n* device\r\n* biological/vaccine\r\n* procedure/surgery\r\n* radiation\r\n* behavioural\r\n* genetics\r\n* dietary supplement\r\n* other\r\n\r\n", 
      "object_id": "31", 
      "change_message": "Nenhum campo modificado.", 
      "user": 6, 
      "content_type": [
        "assistance", 
        "fieldhelp"
      ]
    }
  }, 
  {
    "pk": 274, 
    "model": "admin.logentry", 
    "fields": {
      "action_flag": 2, 
      "action_time": "2010-09-03 17:57:25", 
      "object_repr": "Please select the specific name of the intervention(s) and the comparator/control(s) being studied. Use the International Non-Proprietary Name if possible (not brand/trade names). For an unregistered ", 
      "object_id": "30", 
      "change_message": "Modificado text. Modificado text para field help translation \"pt-BR\".", 
      "user": 6, 
      "content_type": [
        "assistance", 
        "fieldhelp"
      ]
    }
  }, 
  {
    "pk": 273, 
    "model": "admin.logentry", 
    "fields": {
      "action_flag": 2, 
      "action_time": "2010-09-03 17:57:13", 
      "object_repr": "Please enter the health condition descriptor text.\r\nIf you choose one descriptor of the DeCS, ICD-10 or CAS vocabularies, then this field will automatically filled.\r\n", 
      "object_id": "29", 
      "change_message": "Nenhum campo modificado.", 
      "user": 6, 
      "content_type": [
        "assistance", 
        "fieldhelp"
      ]
    }
  }, 
  {
    "pk": 272, 
    "model": "admin.logentry", 
    "fields": {
      "action_flag": 2, 
      "action_time": "2010-09-03 17:33:51", 
      "object_repr": "Please enter the health condition descriptor text.\r\nIf you choose one descriptor of the DeCS, ICD-10 or CAS vocabularies, then this field will automatically filled.\r\n", 
      "object_id": "29", 
      "change_message": "Modificado text para field help translation \"pt-BR\".", 
      "user": 6, 
      "content_type": [
        "assistance", 
        "fieldhelp"
      ]
    }
  }, 
  {
    "pk": 271, 
    "model": "admin.logentry", 
    "fields": {
      "action_flag": 2, 
      "action_time": "2010-09-03 17:33:34", 
      "object_repr": "Please enter the health condition descriptor code.\r\nIf you choose one descriptor of the DeCS, ICD-10 or CAS vocabularies, then this field will be automatically filled.\r\n", 
      "object_id": "28", 
      "change_message": "Modificado text para field help translation \"pt-BR\".", 
      "user": 6, 
      "content_type": [
        "assistance", 
        "fieldhelp"
      ]
    }
  }, 
  {
    "pk": 270, 
    "model": "admin.logentry", 
    "fields": {
      "action_flag": 2, 
      "action_time": "2010-09-03 17:33:13", 
      "object_repr": "Please select the vocabulary will be used to choose the descriptor of the health condition: \r\nDeCS: Health Sciences Descriptors or\r\nICD-10: International Classification of Diseases or\r\nChemical Abstra", 
      "object_id": "26", 
      "change_message": "Modificado text.", 
      "user": 6, 
      "content_type": [
        "assistance", 
        "fieldhelp"
      ]
    }
  }, 
  {
    "pk": 269, 
    "model": "admin.logentry", 
    "fields": {
      "action_flag": 2, 
      "action_time": "2010-09-03 17:32:59", 
      "object_repr": "Please enter the primary health condition(s) or problem(s) studied. If the study is conducted in healthy human volunteers belonging to the target population of the intervention (e.g., preventive or sc", 
      "object_id": "25", 
      "change_message": "Modificado example. Modificado text e example para field help translation \"pt-BR\".", 
      "user": 6, 
      "content_type": [
        "assistance", 
        "fieldhelp"
      ]
    }
  }, 
  {
    "pk": 268, 
    "model": "admin.logentry", 
    "fields": {
      "action_flag": 2, 
      "action_time": "2010-09-03 17:32:39", 
      "object_repr": "Please select this field to delete the corresponding support source.\r\n", 
      "object_id": "24", 
      "change_message": "Modificado text. Modificado text para field help translation \"pt-BR\".", 
      "user": 6, 
      "content_type": [
        "assistance", 
        "fieldhelp"
      ]
    }
  }, 
  {
    "pk": 267, 
    "model": "admin.logentry", 
    "fields": {
      "action_flag": 2, 
      "action_time": "2010-09-03 17:32:28", 
      "object_repr": "Please enter the major source(s) of monetary or material or infrastructural support for the trial (e.g., funding agency, foundation, company, hospital, university, etc).\r\n", 
      "object_id": "23", 
      "change_message": "Modificado text. Modificado text para field help translation \"pt-BR\".", 
      "user": 6, 
      "content_type": [
        "assistance", 
        "fieldhelp"
      ]
    }
  }, 
  {
    "pk": 266, 
    "model": "admin.logentry", 
    "fields": {
      "action_flag": 2, 
      "action_time": "2010-09-03 17:32:12", 
      "object_repr": "Please select this field to delete the corresponding secondary sponsor.\r\n", 
      "object_id": "22", 
      "change_message": "Modificado text. Modificado text para field help translation \"pt-BR\".", 
      "user": 6, 
      "content_type": [
        "assistance", 
        "fieldhelp"
      ]
    }
  }, 
  {
    "pk": 265, 
    "model": "admin.logentry", 
    "fields": {
      "action_flag": 2, 
      "action_time": "2010-09-03 17:31:39", 
      "object_repr": "Please enter the name of additional individuals, organizations or other legal persons, if any, that have agreed with the primary sponsor to take on responsibilities of sponsorship.\r\nA secondary sponso", 
      "object_id": "21", 
      "change_message": "Modificado text. Modificado text para field help translation \"pt-BR\".", 
      "user": 6, 
      "content_type": [
        "assistance", 
        "fieldhelp"
      ]
    }
  }, 
  {
    "pk": 264, 
    "model": "admin.logentry", 
    "fields": {
      "action_flag": 2, 
      "action_time": "2010-09-03 17:31:27", 
      "object_repr": "Please enter the primary spondor.\r\nThe Primary Sponsor is the individual, organization, group or other legal entity which takes responsibility for initiating, managing and/or financing the study.  \r\nT", 
      "object_id": "20", 
      "change_message": "Modificado text. Modificado text para field help translation \"pt-BR\".", 
      "user": 6, 
      "content_type": [
        "assistance", 
        "fieldhelp"
      ]
    }
  }, 
  {
    "pk": 263, 
    "model": "admin.logentry", 
    "fields": {
      "action_flag": 2, 
      "action_time": "2010-09-03 17:31:11", 
      "object_repr": "Please enter the exclusion criteria for participant selection, including age and sex.\r\n", 
      "object_id": "19", 
      "change_message": "Modificado text. Modificado text para field help translation \"pt-BR\".", 
      "user": 6, 
      "content_type": [
        "assistance", 
        "fieldhelp"
      ]
    }
  }, 
  {
    "pk": 262, 
    "model": "admin.logentry", 
    "fields": {
      "action_flag": 2, 
      "action_time": "2010-09-03 17:30:52", 
      "object_repr": "Please enter the temporal unit of maximal age in inclusion criteria.\r\n", 
      "object_id": "18", 
      "change_message": "Modificado text. Modificado text para field help translation \"pt-BR\".", 
      "user": 6, 
      "content_type": [
        "assistance", 
        "fieldhelp"
      ]
    }
  }, 
  {
    "pk": 261, 
    "model": "admin.logentry", 
    "fields": {
      "action_flag": 2, 
      "action_time": "2010-09-03 17:30:45", 
      "object_repr": "Please enter the maximal age in inclusion criteria of participants.\r\n", 
      "object_id": "17", 
      "change_message": "Modificado text. Modificado text para field help translation \"pt-BR\".", 
      "user": 6, 
      "content_type": [
        "assistance", 
        "fieldhelp"
      ]
    }
  }, 
  {
    "pk": 260, 
    "model": "admin.logentry", 
    "fields": {
      "action_flag": 2, 
      "action_time": "2010-09-03 17:30:29", 
      "object_repr": "Please enter the temporal unit of minimal age in the inclusion criteria of participants.\r\n\r\n", 
      "object_id": "16", 
      "change_message": "Modificado text. Modificado text para field help translation \"pt-BR\".", 
      "user": 6, 
      "content_type": [
        "assistance", 
        "fieldhelp"
      ]
    }
  }, 
  {
    "pk": 259, 
    "model": "admin.logentry", 
    "fields": {
      "action_flag": 2, 
      "action_time": "2010-09-03 17:30:12", 
      "object_repr": "Please enter the temporal unit of minimal age in the inclusion criteria of participants.\r\n", 
      "object_id": "16", 
      "change_message": "Modificado text. Modificado text para field help translation \"pt-BR\".", 
      "user": 6, 
      "content_type": [
        "assistance", 
        "fieldhelp"
      ]
    }
  }, 
  {
    "pk": 258, 
    "model": "admin.logentry", 
    "fields": {
      "action_flag": 2, 
      "action_time": "2010-09-03 17:29:59", 
      "object_repr": "Please enter the minimal age in the inclusion criteria of participants.\r\n", 
      "object_id": "15", 
      "change_message": "Modificado text. Modificado text para field help translation \"pt-BR\".", 
      "user": 6, 
      "content_type": [
        "assistance", 
        "fieldhelp"
      ]
    }
  }, 
  {
    "pk": 257, 
    "model": "admin.logentry", 
    "fields": {
      "action_flag": 2, 
      "action_time": "2010-09-03 17:29:50", 
      "object_repr": "Please enter the gender selected in the inclusion criteria (female, male or both) of participants.\r\n", 
      "object_id": "14", 
      "change_message": "Modificado text. Modificado text para field help translation \"pt-BR\".", 
      "user": 6, 
      "content_type": [
        "assistance", 
        "fieldhelp"
      ]
    }
  }, 
  {
    "pk": 256, 
    "model": "admin.logentry", 
    "fields": {
      "action_flag": 2, 
      "action_time": "2010-09-03 17:29:32", 
      "object_repr": "Please enter the inclusion criteria for participant selection.\r\n", 
      "object_id": "13", 
      "change_message": "Modificado text. Modificado text para field help translation \"pt-BR\".", 
      "user": 6, 
      "content_type": [
        "assistance", 
        "fieldhelp"
      ]
    }
  }, 
  {
    "pk": 255, 
    "model": "admin.logentry", 
    "fields": {
      "action_flag": 2, 
      "action_time": "2010-09-03 17:29:24", 
      "object_repr": "Please enter the number of participants that this trial plans to enroll.\r\n", 
      "object_id": "12", 
      "change_message": "Modificado text. Modificado text para field help translation \"pt-BR\".", 
      "user": 6, 
      "content_type": [
        "assistance", 
        "fieldhelp"
      ]
    }
  }, 
  {
    "pk": 254, 
    "model": "admin.logentry", 
    "fields": {
      "action_flag": 2, 
      "action_time": "2010-09-03 17:29:12", 
      "object_repr": "Please enter the anticipated or actual date of enrollment of the first participant.\r\n", 
      "object_id": "11", 
      "change_message": "Modificado text. Modificado text para field help translation \"pt-BR\".", 
      "user": 6, 
      "content_type": [
        "assistance", 
        "fieldhelp"
      ]
    }
  }, 
  {
    "pk": 253, 
    "model": "admin.logentry", 
    "fields": {
      "action_flag": 2, 
      "action_time": "2010-09-03 17:29:02", 
      "object_repr": "Please enter the countries from which participants will be, are intended to be, or have been recruited.\r\n", 
      "object_id": "10", 
      "change_message": "Modificado text. Modificado text para field help translation \"pt-BR\".", 
      "user": 6, 
      "content_type": [
        "assistance", 
        "fieldhelp"
      ]
    }
  }, 
  {
    "pk": 252, 
    "model": "admin.logentry", 
    "fields": {
      "action_flag": 2, 
      "action_time": "2010-09-03 17:28:54", 
      "object_repr": "Please enter the recruitment status of this trial:\r\n\r\n    * Pending: participants are not yet being recruited or enrolled at any site\r\n    * Recruiting: participants are currently being recruited and ", 
      "object_id": "9", 
      "change_message": "Modificado text. Modificado text para field help translation \"pt-BR\".", 
      "user": 6, 
      "content_type": [
        "assistance", 
        "fieldhelp"
      ]
    }
  }, 
  {
    "pk": 251, 
    "model": "admin.logentry", 
    "fields": {
      "action_flag": 2, 
      "action_time": "2010-09-03 17:28:37", 
      "object_repr": "Please select this field to delete the corresponding secondary trial number.\r\n", 
      "object_id": "8", 
      "change_message": "Modificado text. Modificado text para field help translation \"pt-BR\".", 
      "user": 6, 
      "content_type": [
        "assistance", 
        "fieldhelp"
      ]
    }
  }, 
  {
    "pk": 250, 
    "model": "admin.logentry", 
    "fields": {
      "action_flag": 2, 
      "action_time": "2010-09-03 17:28:17", 
      "object_repr": "Please enter any other secondary identifying numbers, such as protocol number, institutional review board/ethics committee approval, registration number at regulatory agencies or any other Trial Regis", 
      "object_id": "7", 
      "change_message": "Modificado text. Modificado text para field help translation \"pt-BR\".", 
      "user": 6, 
      "content_type": [
        "assistance", 
        "fieldhelp"
      ]
    }
  }, 
  {
    "pk": 249, 
    "model": "admin.logentry", 
    "fields": {
      "action_flag": 2, 
      "action_time": "2010-09-03 17:27:58", 
      "object_repr": "Please enter the institution or organization that assigned a secondary identification number, besides the Primary Registry, if any.\r\n", 
      "object_id": "6", 
      "change_message": "Modificado text e example. Modificado text para field help translation \"pt-BR\".", 
      "user": 6, 
      "content_type": [
        "assistance", 
        "fieldhelp"
      ]
    }
  }, 
  {
    "pk": 248, 
    "model": "admin.logentry", 
    "fields": {
      "action_flag": 2, 
      "action_time": "2010-09-03 17:27:26", 
      "object_repr": "Please enter the trial public acronym if available.\r\n", 
      "object_id": "5", 
      "change_message": "Modificado text. Modificado text para field help translation \"pt-BR\".", 
      "user": 6, 
      "content_type": [
        "assistance", 
        "fieldhelp"
      ]
    }
  }, 
  {
    "pk": 247, 
    "model": "admin.logentry", 
    "fields": {
      "action_flag": 2, 
      "action_time": "2010-09-03 17:27:19", 
      "object_repr": "Please enter the title intended for the lay public in easily understood language.\r\n", 
      "object_id": "4", 
      "change_message": "Modificado text. Modificado text para field help translation \"pt-BR\".", 
      "user": 6, 
      "content_type": [
        "assistance", 
        "fieldhelp"
      ]
    }
  }, 
  {
    "pk": 246, 
    "model": "admin.logentry", 
    "fields": {
      "action_flag": 2, 
      "action_time": "2010-09-03 17:26:57", 
      "object_repr": "Please enter the expansion of the trial scientific acronym if available.\r\n", 
      "object_id": "3", 
      "change_message": "Modificado text e example. Modificado text e example para field help translation \"pt-BR\".", 
      "user": 6, 
      "content_type": [
        "assistance", 
        "fieldhelp"
      ]
    }
  }, 
  {
    "pk": 245, 
    "model": "admin.logentry", 
    "fields": {
      "action_flag": 2, 
      "action_time": "2010-09-03 17:26:43", 
      "object_repr": "Please enter the trial scientific acronym if available.\r\n", 
      "object_id": "2", 
      "change_message": "Modificado text. Modificado text para field help translation \"pt-BR\".", 
      "user": 6, 
      "content_type": [
        "assistance", 
        "fieldhelp"
      ]
    }
  }, 
  {
    "pk": 244, 
    "model": "admin.logentry", 
    "fields": {
      "action_flag": 2, 
      "action_time": "2010-09-03 17:14:49", 
      "object_repr": "Please enter the scientific title of the study as it appears in the protocol submitted for funding and ethical review.\r\n", 
      "object_id": "1", 
      "change_message": "Modificado text. Modificado text para field help translation \"pt-BR\".", 
      "user": 6, 
      "content_type": [
        "assistance", 
        "fieldhelp"
      ]
    }
  }, 
  {
    "pk": 243, 
    "model": "admin.logentry", 
    "fields": {
      "action_flag": 2, 
      "action_time": "2010-09-03 17:14:30", 
      "object_repr": "Please select from one of the contacts included previously who is the contact(s) for public queries (see form bellow for a new contact).\r\n", 
      "object_id": "43", 
      "change_message": "Nenhum campo modificado.", 
      "user": 6, 
      "content_type": [
        "assistance", 
        "fieldhelp"
      ]
    }
  }, 
  {
    "pk": 242, 
    "model": "admin.logentry", 
    "fields": {
      "action_flag": 2, 
      "action_time": "2010-09-03 13:30:29", 
      "object_repr": "Please select from one of the contacts included previously who is the contact(s) for public queries (see form bellow for a new contact).\r\n", 
      "object_id": "43", 
      "change_message": "Modificado text. Modificado text para field help translation \"pt-BR\".", 
      "user": 6, 
      "content_type": [
        "assistance", 
        "fieldhelp"
      ]
    }
  }, 
  {
    "pk": 241, 
    "model": "admin.logentry", 
    "fields": {
      "action_flag": 2, 
      "action_time": "2010-09-02 17:46:57", 
      "object_repr": "Please enter the anticipated or actual date of enrollment of the last participant. \r\nPlease use the format dd/mm/yyyy.", 
      "object_id": "69", 
      "change_message": "Modificado text. Modificado text para field help translation \"pt-BR\".", 
      "user": 6, 
      "content_type": [
        "assistance", 
        "fieldhelp"
      ]
    }
  }, 
  {
    "pk": 240, 
    "model": "admin.logentry", 
    "fields": {
      "action_flag": 2, 
      "action_time": "2010-09-02 17:46:07", 
      "object_repr": "", 
      "object_id": "69", 
      "change_message": "Modificado text. Adicionado field help translation \"pt-BR\"", 
      "user": 6, 
      "content_type": [
        "assistance", 
        "fieldhelp"
      ]
    }
  }, 
  {
    "pk": 239, 
    "model": "admin.logentry", 
    "fields": {
      "action_flag": 2, 
      "action_time": "2010-09-02 17:45:41", 
      "object_repr": "Please enter the anticipated or actual date of enrollment of the first participant. \r\nPlease use the format dd/mm/yyyy.", 
      "object_id": "65", 
      "change_message": "Modificado text.", 
      "user": 6, 
      "content_type": [
        "assistance", 
        "fieldhelp"
      ]
    }
  }, 
  {
    "pk": 238, 
    "model": "admin.logentry", 
    "fields": {
      "action_flag": 2, 
      "action_time": "2010-09-02 17:44:23", 
      "object_repr": "Por favor, indique a data, prevista ou real, de t\u00e9rmino do recrutamento do ultimo participante.\r\nPor favor, use o formato dd/mm/yyyy.", 
      "object_id": "69", 
      "change_message": "Modificado text.", 
      "user": 6, 
      "content_type": [
        "assistance", 
        "fieldhelp"
      ]
    }
  }, 
  {
    "pk": 237, 
    "model": "admin.logentry", 
    "fields": {
      "action_flag": 2, 
      "action_time": "2010-09-01 21:29:18", 
      "object_repr": "/site-description/ -- Site description", 
      "object_id": "2", 
      "change_message": "Modificado content.", 
      "user": 1, 
      "content_type": [
        "flatpages", 
        "flatpage"
      ]
    }
  }, 
  {
    "pk": 236, 
    "model": "admin.logentry", 
    "fields": {
      "action_flag": 2, 
      "action_time": "2010-08-25 16:00:09", 
      "object_repr": "Please enter the description of the file attached to this study.", 
      "object_id": "67", 
      "change_message": "Modificado text. Modificado text para field help translation \"pt-BR\".", 
      "user": 6, 
      "content_type": [
        "assistance", 
        "fieldhelp"
      ]
    }
  }, 
  {
    "pk": 235, 
    "model": "admin.logentry", 
    "fields": {
      "action_flag": 2, 
      "action_time": "2010-08-25 16:00:00", 
      "object_repr": "Please enter the file to be attached to this study.", 
      "object_id": "66", 
      "change_message": "Modificado text e example. Modificado text para field help translation \"pt-BR\".", 
      "user": 6, 
      "content_type": [
        "assistance", 
        "fieldhelp"
      ]
    }
  }, 
  {
    "pk": 234, 
    "model": "admin.logentry", 
    "fields": {
      "action_flag": 2, 
      "action_time": "2010-08-25 15:59:27", 
      "object_repr": "Please enter the anticipated or actual date of enrollment of the first participant. \r\nPlease use the format dd/mm/yyyy,", 
      "object_id": "65", 
      "change_message": "Modificado text. Modificado text para field help translation \"pt-BR\".", 
      "user": 6, 
      "content_type": [
        "assistance", 
        "fieldhelp"
      ]
    }
  }, 
  {
    "pk": 233, 
    "model": "admin.logentry", 
    "fields": {
      "action_flag": 2, 
      "action_time": "2010-08-25 15:59:14", 
      "object_repr": "Please enter which is the country of the new institution.", 
      "object_id": "63", 
      "change_message": "Modificado text. Modificado text para field help translation \"pt-BR\".", 
      "user": 6, 
      "content_type": [
        "assistance", 
        "fieldhelp"
      ]
    }
  }, 
  {
    "pk": 232, 
    "model": "admin.logentry", 
    "fields": {
      "action_flag": 2, 
      "action_time": "2010-08-25 15:59:07", 
      "object_repr": "Please enter the address of the new institution.", 
      "object_id": "62", 
      "change_message": "Modificado text. Modificado text para field help translation \"pt-BR\".", 
      "user": 6, 
      "content_type": [
        "assistance", 
        "fieldhelp"
      ]
    }
  }, 
  {
    "pk": 231, 
    "model": "admin.logentry", 
    "fields": {
      "action_flag": 2, 
      "action_time": "2010-08-25 15:58:57", 
      "object_repr": "Please enter the name of the new institution.", 
      "object_id": "61", 
      "change_message": "Modificado text. Modificado text para field help translation \"pt-BR\".", 
      "user": 6, 
      "content_type": [
        "assistance", 
        "fieldhelp"
      ]
    }
  }, 
  {
    "pk": 230, 
    "model": "admin.logentry", 
    "fields": {
      "action_flag": 2, 
      "action_time": "2010-08-25 15:58:49", 
      "object_repr": "Please enter the expansion of the trial public acronym, if available.", 
      "object_id": "60", 
      "change_message": "Modificado text. Modificado text para field help translation \"pt-BR\".", 
      "user": 6, 
      "content_type": [
        "assistance", 
        "fieldhelp"
      ]
    }
  }, 
  {
    "pk": 229, 
    "model": "admin.logentry", 
    "fields": {
      "action_flag": 2, 
      "action_time": "2010-08-25 15:58:39", 
      "object_repr": "Select the relation of the contact: a contact for Public Queries, for Scientific Queries or for Site Queries.", 
      "object_id": "59", 
      "change_message": "Modificado text. Modificado text para field help translation \"pt-BR\".", 
      "user": 6, 
      "content_type": [
        "assistance", 
        "fieldhelp"
      ]
    }
  }, 
  {
    "pk": 228, 
    "model": "admin.logentry", 
    "fields": {
      "action_flag": 2, 
      "action_time": "2010-08-25 15:58:29", 
      "object_repr": "Please enter the telephone number of the contact.", 
      "object_id": "58", 
      "change_message": "Modificado text. Modificado text para field help translation \"pt-BR\".", 
      "user": 6, 
      "content_type": [
        "assistance", 
        "fieldhelp"
      ]
    }
  }, 
  {
    "pk": 227, 
    "model": "admin.logentry", 
    "fields": {
      "action_flag": 2, 
      "action_time": "2010-08-25 15:58:22", 
      "object_repr": "Please enter the zip code of the contact.", 
      "object_id": "57", 
      "change_message": "Modificado text. Modificado text para field help translation \"pt-BR\".", 
      "user": 6, 
      "content_type": [
        "assistance", 
        "fieldhelp"
      ]
    }
  }, 
  {
    "pk": 226, 
    "model": "admin.logentry", 
    "fields": {
      "action_flag": 2, 
      "action_time": "2010-08-25 15:58:09", 
      "object_repr": "Please enter the country of the contact.", 
      "object_id": "56", 
      "change_message": "Modificado text. Modificado text para field help translation \"pt-BR\".", 
      "user": 6, 
      "content_type": [
        "assistance", 
        "fieldhelp"
      ]
    }
  }, 
  {
    "pk": 225, 
    "model": "admin.logentry", 
    "fields": {
      "action_flag": 2, 
      "action_time": "2010-08-25 15:49:38", 
      "object_repr": "Please enter the city of the contact.", 
      "object_id": "55", 
      "change_message": "Modificado text. Modificado text para field help translation \"pt-BR\".", 
      "user": 6, 
      "content_type": [
        "assistance", 
        "fieldhelp"
      ]
    }
  }, 
  {
    "pk": 224, 
    "model": "admin.logentry", 
    "fields": {
      "action_flag": 2, 
      "action_time": "2010-08-25 15:49:27", 
      "object_repr": "Please enter the address of the contact.", 
      "object_id": "54", 
      "change_message": "Modificado text. Modificado text para field help translation \"pt-BR\".", 
      "user": 6, 
      "content_type": [
        "assistance", 
        "fieldhelp"
      ]
    }
  }, 
  {
    "pk": 223, 
    "model": "admin.logentry", 
    "fields": {
      "action_flag": 2, 
      "action_time": "2010-08-25 15:49:15", 
      "object_repr": "Please enter the affiliation of the contact.", 
      "object_id": "53", 
      "change_message": "Modificado text. Modificado text para field help translation \"pt-BR\".", 
      "user": 6, 
      "content_type": [
        "assistance", 
        "fieldhelp"
      ]
    }
  }, 
  {
    "pk": 222, 
    "model": "admin.logentry", 
    "fields": {
      "action_flag": 2, 
      "action_time": "2010-08-25 15:49:04", 
      "object_repr": "Please enter the email of the contact.", 
      "object_id": "52", 
      "change_message": "Modificado text. Modificado text para field help translation \"pt-BR\".", 
      "user": 6, 
      "content_type": [
        "assistance", 
        "fieldhelp"
      ]
    }
  }, 
  {
    "pk": 221, 
    "model": "admin.logentry", 
    "fields": {
      "action_flag": 2, 
      "action_time": "2010-08-25 15:48:54", 
      "object_repr": "Please enter the last name of the contact.", 
      "object_id": "51", 
      "change_message": "Modificado text. Modificado text para field help translation \"pt-BR\".", 
      "user": 6, 
      "content_type": [
        "assistance", 
        "fieldhelp"
      ]
    }
  }, 
  {
    "pk": 220, 
    "model": "admin.logentry", 
    "fields": {
      "action_flag": 2, 
      "action_time": "2010-08-25 15:48:45", 
      "object_repr": "Please enter the middle name of the contact.", 
      "object_id": "50", 
      "change_message": "Modificado text. Modificado text para field help translation \"pt-BR\".", 
      "user": 6, 
      "content_type": [
        "assistance", 
        "fieldhelp"
      ]
    }
  }, 
  {
    "pk": 219, 
    "model": "admin.logentry", 
    "fields": {
      "action_flag": 2, 
      "action_time": "2010-08-25 15:48:36", 
      "object_repr": "Please enter the first name of the contact.", 
      "object_id": "49", 
      "change_message": "Modificado text. Modificado text para field help translation \"pt-BR\".", 
      "user": 6, 
      "content_type": [
        "assistance", 
        "fieldhelp"
      ]
    }
  }, 
  {
    "pk": 218, 
    "model": "admin.logentry", 
    "fields": {
      "action_flag": 2, 
      "action_time": "2010-08-25 15:48:26", 
      "object_repr": "Please select from one of the contacts included previously who is the contact(s) for site queries (see form bellow for a new contact).", 
      "object_id": "47", 
      "change_message": "Modificado text. Modificado text para field help translation \"pt-BR\".", 
      "user": 6, 
      "content_type": [
        "assistance", 
        "fieldhelp"
      ]
    }
  }, 
  {
    "pk": 217, 
    "model": "admin.logentry", 
    "fields": {
      "action_flag": 2, 
      "action_time": "2010-08-25 15:48:03", 
      "object_repr": "Please select from one of the contacts included previously who is the contact(s) for public queries (see form bellow for a new contact).", 
      "object_id": "43", 
      "change_message": "Modificado text para field help translation \"pt-BR\".", 
      "user": 6, 
      "content_type": [
        "assistance", 
        "fieldhelp"
      ]
    }
  }, 
  {
    "pk": 216, 
    "model": "admin.logentry", 
    "fields": {
      "action_flag": 2, 
      "action_time": "2010-08-25 15:47:38", 
      "object_repr": "Please select from one of the contacts included previously who is the contact(s) for scientific queries (see form bellow for a new contact).", 
      "object_id": "45", 
      "change_message": "Modificado text. Modificado text para field help translation \"pt-BR\".", 
      "user": 6, 
      "content_type": [
        "assistance", 
        "fieldhelp"
      ]
    }
  }, 
  {
    "pk": 215, 
    "model": "admin.logentry", 
    "fields": {
      "action_flag": 2, 
      "action_time": "2010-08-25 15:47:08", 
      "object_repr": "Please select from one of the contacts included previously who is the contact(s) for public queries (see form bellow for a new contact).", 
      "object_id": "43", 
      "change_message": "Modificado text. Modificado text para field help translation \"pt-BR\".", 
      "user": 6, 
      "content_type": [
        "assistance", 
        "fieldhelp"
      ]
    }
  }, 
  {
    "pk": 214, 
    "model": "admin.logentry", 
    "fields": {
      "action_flag": 2, 
      "action_time": "2010-08-25 15:45:56", 
      "object_repr": "Please enter the description of outcome measure.", 
      "object_id": "41", 
      "change_message": "Modificado text. Modificado text para field help translation \"pt-BR\".", 
      "user": 6, 
      "content_type": [
        "assistance", 
        "fieldhelp"
      ]
    }
  }, 
  {
    "pk": 213, 
    "model": "admin.logentry", 
    "fields": {
      "action_flag": 2, 
      "action_time": "2010-08-25 15:45:45", 
      "object_repr": "Please enter the phase of the study.", 
      "object_id": "39", 
      "change_message": "Modificado text. Modificado text para field help translation \"pt-BR\".", 
      "user": 6, 
      "content_type": [
        "assistance", 
        "fieldhelp"
      ]
    }
  }, 
  {
    "pk": 212, 
    "model": "admin.logentry", 
    "fields": {
      "action_flag": 2, 
      "action_time": "2010-08-25 15:45:35", 
      "object_repr": "Please enter the participant assignment to the intervention groups:\r\n\r\n    * N/A: single arm study\r\n    * Randomized Controlled Trial: participants are assigned to intervention groups by chance\r\n    *", 
      "object_id": "38", 
      "change_message": "Modificado text.", 
      "user": 6, 
      "content_type": [
        "assistance", 
        "fieldhelp"
      ]
    }
  }, 
  {
    "pk": 211, 
    "model": "admin.logentry", 
    "fields": {
      "action_flag": 2, 
      "action_time": "2010-08-25 15:45:25", 
      "object_repr": "Please enter the number of intervention groups (enter 1 for single-arm study). ", 
      "object_id": "36", 
      "change_message": "Modificado text. Modificado text para field help translation \"pt-BR\".", 
      "user": 6, 
      "content_type": [
        "assistance", 
        "fieldhelp"
      ]
    }
  }, 
  {
    "pk": 210, 
    "model": "admin.logentry", 
    "fields": {
      "action_flag": 2, 
      "action_time": "2010-08-25 15:45:09", 
      "object_repr": "Please enter the intervention assignment of the trial.\r\n\r\n* Single Group: single arm study\r\n* Parallel: participants are assigned to one of two or more groups in parallel for the duration of the study", 
      "object_id": "35", 
      "change_message": "Modificado text. Modificado text para field help translation \"pt-BR\".", 
      "user": 6, 
      "content_type": [
        "assistance", 
        "fieldhelp"
      ]
    }
  }, 
  {
    "pk": 209, 
    "model": "admin.logentry", 
    "fields": {
      "action_flag": 2, 
      "action_time": "2010-08-25 15:44:56", 
      "object_repr": "Please select the most apropriate purpose of your study. Only choose \"Other\" option if none of the listed categories are adequate to define the purpose of your study.\r\n\r\n   * Diagnostic: conducted to ", 
      "object_id": "34", 
      "change_message": "Modificado text. Modificado text para field help translation \"pt-BR\".", 
      "user": 6, 
      "content_type": [
        "assistance", 
        "fieldhelp"
      ]
    }
  }, 
  {
    "pk": 208, 
    "model": "admin.logentry", 
    "fields": {
      "action_flag": 2, 
      "action_time": "2010-08-25 15:44:41", 
      "object_repr": "Please enter if there is an expanded access program or not or if it is unknown.", 
      "object_id": "33", 
      "change_message": "Nenhum campo modificado.", 
      "user": 6, 
      "content_type": [
        "assistance", 
        "fieldhelp"
      ]
    }
  }, 
  {
    "pk": 207, 
    "model": "admin.logentry", 
    "fields": {
      "action_flag": 2, 
      "action_time": "2010-08-25 15:44:28", 
      "object_repr": "Please enter if there is an expanded access program or not or if it is unknown.", 
      "object_id": "33", 
      "change_message": "Modificado text. Modificado text para field help translation \"pt-BR\".", 
      "user": 6, 
      "content_type": [
        "assistance", 
        "fieldhelp"
      ]
    }
  }, 
  {
    "pk": 206, 
    "model": "admin.logentry", 
    "fields": {
      "action_flag": 2, 
      "action_time": "2010-08-25 15:44:19", 
      "object_repr": "Please enter whether the trial is a  single arm study, a controlled non-randomized trial or a randomized controlled trial. \r\n\r\nA single arm study is one in which all participants are given the same in", 
      "object_id": "32", 
      "change_message": "Modificado text. Modificado text para field help translation \"pt-BR\".", 
      "user": 6, 
      "content_type": [
        "assistance", 
        "fieldhelp"
      ]
    }
  }, 
  {
    "pk": 205, 
    "model": "admin.logentry", 
    "fields": {
      "action_flag": 2, 
      "action_time": "2010-08-25 15:44:09", 
      "object_repr": "Please select the intervention category:\r\n\r\n* drug\r\n* device\r\n* biological/vaccine\r\n* procedure/surgery\r\n* radiation\r\n* behavioural\r\n* genetics\r\n* dietary supplement\r\n* other\r\n\r\n", 
      "object_id": "31", 
      "change_message": "Modificado text.", 
      "user": 6, 
      "content_type": [
        "assistance", 
        "fieldhelp"
      ]
    }
  }, 
  {
    "pk": 204, 
    "model": "admin.logentry", 
    "fields": {
      "action_flag": 2, 
      "action_time": "2010-08-25 15:43:50", 
      "object_repr": "Please select the specific name of the intervention(s) and the comparator/control(s) being studied. Use the International Non-Proprietary Name if possible (not brand/trade names). For an unregistered ", 
      "object_id": "30", 
      "change_message": "Modificado text. Modificado text para field help translation \"pt-BR\".", 
      "user": 6, 
      "content_type": [
        "assistance", 
        "fieldhelp"
      ]
    }
  }, 
  {
    "pk": 203, 
    "model": "admin.logentry", 
    "fields": {
      "action_flag": 2, 
      "action_time": "2010-08-25 15:43:09", 
      "object_repr": "Please enter the health condition descriptor text.\r\nIf you choose one descriptor of the DeCS, ICD-10 or CAS vocabularies, then this field will automatically filled.\r\n", 
      "object_id": "29", 
      "change_message": "Modificado text. Modificado text para field help translation \"pt-BR\".", 
      "user": 6, 
      "content_type": [
        "assistance", 
        "fieldhelp"
      ]
    }
  }, 
  {
    "pk": 202, 
    "model": "admin.logentry", 
    "fields": {
      "action_flag": 2, 
      "action_time": "2010-08-25 15:42:52", 
      "object_repr": "Please enter the health condition descriptor code.\r\nIf you choose one descriptor of the DeCS, ICD-10 or CAS vocabularies, then this field will be automatically filled.\r\n", 
      "object_id": "28", 
      "change_message": "Modificado text. Modificado text para field help translation \"pt-BR\".", 
      "user": 6, 
      "content_type": [
        "assistance", 
        "fieldhelp"
      ]
    }
  }, 
  {
    "pk": 201, 
    "model": "admin.logentry", 
    "fields": {
      "action_flag": 2, 
      "action_time": "2010-08-25 15:42:39", 
      "object_repr": "Please select the vocabulary will be used to choose the descriptor of the health condition: \r\nDeCS: Health Sciences Descriptors or\r\nICD-10: International Classification of Diseases or\r\nChemical Abstra", 
      "object_id": "26", 
      "change_message": "Modificado text. Modificado text para field help translation \"pt-BR\".", 
      "user": 6, 
      "content_type": [
        "assistance", 
        "fieldhelp"
      ]
    }
  }, 
  {
    "pk": 200, 
    "model": "admin.logentry", 
    "fields": {
      "action_flag": 2, 
      "action_time": "2010-08-25 15:42:28", 
      "object_repr": "Please enter the primary health condition(s) or problem(s) studied. If the study is conducted in healthy human volunteers belonging to the target population of the intervention (e.g., preventive or sc", 
      "object_id": "25", 
      "change_message": "Modificado text. Modificado text para field help translation \"pt-BR\".", 
      "user": 6, 
      "content_type": [
        "assistance", 
        "fieldhelp"
      ]
    }
  }, 
  {
    "pk": 199, 
    "model": "admin.logentry", 
    "fields": {
      "action_flag": 2, 
      "action_time": "2010-08-25 15:41:37", 
      "object_repr": "Please enter the major source(s) of monetary or material or infrastructural support for the trial (e.g., funding agency, foundation, company, hospital, university, etc).", 
      "object_id": "23", 
      "change_message": "Modificado text. Modificado text para field help translation \"pt-BR\".", 
      "user": 6, 
      "content_type": [
        "assistance", 
        "fieldhelp"
      ]
    }
  }, 
  {
    "pk": 198, 
    "model": "admin.logentry", 
    "fields": {
      "action_flag": 2, 
      "action_time": "2010-08-25 15:41:13", 
      "object_repr": "Please enter the name of additional individuals, organizations or other legal persons, if any, that have agreed with the primary sponsor to take on responsibilities of sponsorship.\r\nA secondary sponso", 
      "object_id": "21", 
      "change_message": "Modificado text. Modificado text para field help translation \"pt-BR\".", 
      "user": 6, 
      "content_type": [
        "assistance", 
        "fieldhelp"
      ]
    }
  }, 
  {
    "pk": 197, 
    "model": "admin.logentry", 
    "fields": {
      "action_flag": 2, 
      "action_time": "2010-08-25 15:41:03", 
      "object_repr": "Please enter the primary spondor.\r\nThe Primary Sponsor is the individual, organization, group or other legal entity which takes responsibility for initiating, managing and/or financing the study.  \r\nT", 
      "object_id": "20", 
      "change_message": "Modificado text. Modificado text para field help translation \"pt-BR\".", 
      "user": 6, 
      "content_type": [
        "assistance", 
        "fieldhelp"
      ]
    }
  }, 
  {
    "pk": 196, 
    "model": "admin.logentry", 
    "fields": {
      "action_flag": 2, 
      "action_time": "2010-08-25 15:40:46", 
      "object_repr": "Please enter the exclusion criteria for participant selection, including age and sex.", 
      "object_id": "19", 
      "change_message": "Modificado text. Modificado text para field help translation \"pt-BR\".", 
      "user": 6, 
      "content_type": [
        "assistance", 
        "fieldhelp"
      ]
    }
  }, 
  {
    "pk": 195, 
    "model": "admin.logentry", 
    "fields": {
      "action_flag": 2, 
      "action_time": "2010-08-25 15:40:36", 
      "object_repr": "Please enter the temporal unit of maximal age in inclusion criteria.", 
      "object_id": "18", 
      "change_message": "Modificado text. Modificado text para field help translation \"pt-BR\".", 
      "user": 6, 
      "content_type": [
        "assistance", 
        "fieldhelp"
      ]
    }
  }, 
  {
    "pk": 194, 
    "model": "admin.logentry", 
    "fields": {
      "action_flag": 2, 
      "action_time": "2010-08-25 15:40:28", 
      "object_repr": "Please enter the maximal age in inclusion criteria of participants.", 
      "object_id": "17", 
      "change_message": "Modificado text. Modificado text para field help translation \"pt-BR\".", 
      "user": 6, 
      "content_type": [
        "assistance", 
        "fieldhelp"
      ]
    }
  }, 
  {
    "pk": 193, 
    "model": "admin.logentry", 
    "fields": {
      "action_flag": 2, 
      "action_time": "2010-08-25 15:40:10", 
      "object_repr": "Please enter the temporal unit of minimal age in the inclusion criteria of participants.", 
      "object_id": "16", 
      "change_message": "Modificado text. Modificado text para field help translation \"pt-BR\".", 
      "user": 6, 
      "content_type": [
        "assistance", 
        "fieldhelp"
      ]
    }
  }, 
  {
    "pk": 192, 
    "model": "admin.logentry", 
    "fields": {
      "action_flag": 2, 
      "action_time": "2010-08-25 15:39:54", 
      "object_repr": "Please enter the minimal age in the inclusion criteria of participants.", 
      "object_id": "15", 
      "change_message": "Modificado text. Modificado text para field help translation \"pt-BR\".", 
      "user": 6, 
      "content_type": [
        "assistance", 
        "fieldhelp"
      ]
    }
  }, 
  {
    "pk": 191, 
    "model": "admin.logentry", 
    "fields": {
      "action_flag": 2, 
      "action_time": "2010-08-25 15:35:05", 
      "object_repr": "Interface", 
      "object_id": "2", 
      "change_message": "Adicionado category translation \"es\"", 
      "user": 17, 
      "content_type": [
        "assistance", 
        "category"
      ]
    }
  }, 
  {
    "pk": 190, 
    "model": "admin.logentry", 
    "fields": {
      "action_flag": 2, 
      "action_time": "2010-08-25 15:34:13", 
      "object_repr": "Interface", 
      "object_id": "2", 
      "change_message": "Adicionado category translation \"pt-BR\"", 
      "user": 17, 
      "content_type": [
        "assistance", 
        "category"
      ]
    }
  }, 
  {
    "pk": 189, 
    "model": "admin.logentry", 
    "fields": {
      "action_flag": 3, 
      "action_time": "2010-08-25 15:30:56", 
      "object_repr": "RBR-7k3-rct PERISCOPE - Efficacy Study of Pioglitazone Compared to Glimepiride on Coronary Atherosclerotic Disease Progression in\u2026", 
      "object_id": "24", 
      "change_message": "", 
      "user": 17, 
      "content_type": [
        "repository", 
        "clinicaltrial"
      ]
    }
  }, 
  {
    "pk": 188, 
    "model": "admin.logentry", 
    "fields": {
      "action_flag": 2, 
      "action_time": "2010-08-24 19:02:07", 
      "object_repr": "Please enter the gender selected in the inclusion criteria (female, male or both) of participants.", 
      "object_id": "14", 
      "change_message": "Modificado text. Modificado text para field help translation \"pt-BR\".", 
      "user": 6, 
      "content_type": [
        "assistance", 
        "fieldhelp"
      ]
    }
  }, 
  {
    "pk": 187, 
    "model": "admin.logentry", 
    "fields": {
      "action_flag": 2, 
      "action_time": "2010-08-24 19:01:53", 
      "object_repr": "Please enter the inclusion criteria for participant selection.", 
      "object_id": "13", 
      "change_message": "Modificado text. Modificado text para field help translation \"pt-BR\".", 
      "user": 6, 
      "content_type": [
        "assistance", 
        "fieldhelp"
      ]
    }
  }, 
  {
    "pk": 186, 
    "model": "admin.logentry", 
    "fields": {
      "action_flag": 2, 
      "action_time": "2010-08-24 19:01:36", 
      "object_repr": "Please enter the number of participants that this trial plans to enroll.", 
      "object_id": "12", 
      "change_message": "Modificado text. Modificado text para field help translation \"pt-BR\".", 
      "user": 6, 
      "content_type": [
        "assistance", 
        "fieldhelp"
      ]
    }
  }, 
  {
    "pk": 185, 
    "model": "admin.logentry", 
    "fields": {
      "action_flag": 2, 
      "action_time": "2010-08-24 19:01:20", 
      "object_repr": "Please enter the anticipated or actual date of enrollment of the first participant.", 
      "object_id": "11", 
      "change_message": "Modificado text. Modificado text para field help translation \"pt-BR\".", 
      "user": 6, 
      "content_type": [
        "assistance", 
        "fieldhelp"
      ]
    }
  }, 
  {
    "pk": 184, 
    "model": "admin.logentry", 
    "fields": {
      "action_flag": 2, 
      "action_time": "2010-08-24 19:01:10", 
      "object_repr": "Please enter the countries from which participants will be, are intended to be, or have been recruited.", 
      "object_id": "10", 
      "change_message": "Modificado text. Modificado text para field help translation \"pt-BR\".", 
      "user": 6, 
      "content_type": [
        "assistance", 
        "fieldhelp"
      ]
    }
  }, 
  {
    "pk": 183, 
    "model": "admin.logentry", 
    "fields": {
      "action_flag": 2, 
      "action_time": "2010-08-24 19:00:59", 
      "object_repr": "Please enter the recruitment status of this trial:\r\n\r\n    * Pending: participants are not yet being recruited or enrolled at any site\r\n    * Recruiting: participants are currently being recruited and ", 
      "object_id": "9", 
      "change_message": "Modificado text. Modificado text para field help translation \"pt-BR\".", 
      "user": 6, 
      "content_type": [
        "assistance", 
        "fieldhelp"
      ]
    }
  }, 
  {
    "pk": 182, 
    "model": "admin.logentry", 
    "fields": {
      "action_flag": 2, 
      "action_time": "2010-08-24 19:00:44", 
      "object_repr": "Please enter any other secondary identifying numbers, such as protocol number, institutional review board/ethics committee approval, registration number at regulatory agencies or any other Trial Regis", 
      "object_id": "7", 
      "change_message": "Modificado text. Modificado text para field help translation \"pt-BR\".", 
      "user": 6, 
      "content_type": [
        "assistance", 
        "fieldhelp"
      ]
    }
  }, 
  {
    "pk": 181, 
    "model": "admin.logentry", 
    "fields": {
      "action_flag": 2, 
      "action_time": "2010-08-24 17:12:14", 
      "object_repr": "Please enter the institution or organization that assigned a secondary identification number, besides the Primary Registry, if any.", 
      "object_id": "6", 
      "change_message": "Modificado text. Modificado text para field help translation \"pt-BR\".", 
      "user": 6, 
      "content_type": [
        "assistance", 
        "fieldhelp"
      ]
    }
  }, 
  {
    "pk": 180, 
    "model": "admin.logentry", 
    "fields": {
      "action_flag": 2, 
      "action_time": "2010-08-24 17:12:03", 
      "object_repr": "Please enter the trial public acronym if available.", 
      "object_id": "5", 
      "change_message": "Modificado text. Modificado text para field help translation \"pt-BR\".", 
      "user": 6, 
      "content_type": [
        "assistance", 
        "fieldhelp"
      ]
    }
  }, 
  {
    "pk": 179, 
    "model": "admin.logentry", 
    "fields": {
      "action_flag": 2, 
      "action_time": "2010-08-24 17:11:53", 
      "object_repr": "Please enter the title intended for the lay public in easily understood language.", 
      "object_id": "4", 
      "change_message": "Modificado text. Modificado text para field help translation \"pt-BR\".", 
      "user": 6, 
      "content_type": [
        "assistance", 
        "fieldhelp"
      ]
    }
  }, 
  {
    "pk": 178, 
    "model": "admin.logentry", 
    "fields": {
      "action_flag": 2, 
      "action_time": "2010-08-24 17:11:46", 
      "object_repr": "Please enter the expansion of the trial scientific acronym if available.", 
      "object_id": "3", 
      "change_message": "Modificado text. Modificado text para field help translation \"pt-BR\".", 
      "user": 6, 
      "content_type": [
        "assistance", 
        "fieldhelp"
      ]
    }
  }, 
  {
    "pk": 177, 
    "model": "admin.logentry", 
    "fields": {
      "action_flag": 2, 
      "action_time": "2010-08-24 17:11:34", 
      "object_repr": "Please enter the trial scientific acronym if available.", 
      "object_id": "2", 
      "change_message": "Modificado text. Modificado text para field help translation \"pt-BR\".", 
      "user": 6, 
      "content_type": [
        "assistance", 
        "fieldhelp"
      ]
    }
  }, 
  {
    "pk": 176, 
    "model": "admin.logentry", 
    "fields": {
      "action_flag": 2, 
      "action_time": "2010-08-24 17:11:24", 
      "object_repr": "Please enter the scientific title of the study as it appears in the protocol submitted for funding and ethical review.", 
      "object_id": "1", 
      "change_message": "Modificado text. Modificado text para field help translation \"pt-BR\".", 
      "user": 6, 
      "content_type": [
        "assistance", 
        "fieldhelp"
      ]
    }
  }, 
  {
    "pk": 175, 
    "model": "admin.logentry", 
    "fields": {
      "action_flag": 3, 
      "action_time": "2010-08-20 12:40:12", 
      "object_repr": "RBR-7k3-rct PERISCOPE - Efficacy Study of Pioglitazone Compared to Glimepiride on Coronary Atherosclerotic Disease Progression in\u2026", 
      "object_id": "24", 
      "change_message": "", 
      "user": 17, 
      "content_type": [
        "repository", 
        "clinicaltrial"
      ]
    }
  }, 
  {
    "pk": 174, 
    "model": "admin.logentry", 
    "fields": {
      "action_flag": 1, 
      "action_time": "2010-08-13 16:29:51", 
      "object_repr": "Article on clinical trial registration legislation", 
      "object_id": "9", 
      "change_message": "", 
      "user": 17, 
      "content_type": [
        "reviewapp", 
        "news"
      ]
    }
  }, 
  {
    "pk": 173, 
    "model": "admin.logentry", 
    "fields": {
      "action_flag": 1, 
      "action_time": "2010-08-13 15:21:21", 
      "object_repr": "International Clinical Trials Day", 
      "object_id": "8", 
      "change_message": "", 
      "user": 17, 
      "content_type": [
        "reviewapp", 
        "news"
      ]
    }
  }, 
  {
    "pk": 172, 
    "model": "admin.logentry", 
    "fields": {
      "action_flag": 2, 
      "action_time": "2010-08-13 13:52:38", 
      "object_repr": "Blinding refers to methods used to prevent participants and investigators from knowing what interventions are being used. Masking refers to the methods used to camouflage interventions to achieve blin", 
      "object_id": "37", 
      "change_message": "Modificado text para field help translation \"pt-BR\".", 
      "user": 17, 
      "content_type": [
        "assistance", 
        "fieldhelp"
      ]
    }
  }, 
  {
    "pk": 171, 
    "model": "admin.logentry", 
    "fields": {
      "action_flag": 2, 
      "action_time": "2010-08-12 20:07:36", 
      "object_repr": "Please enter here the description of the file attached to this study.", 
      "object_id": "67", 
      "change_message": "Modificado text. Modificado text para field help translation \"pt-BR\".", 
      "user": 17, 
      "content_type": [
        "assistance", 
        "fieldhelp"
      ]
    }
  }, 
  {
    "pk": 170, 
    "model": "admin.logentry", 
    "fields": {
      "action_flag": 2, 
      "action_time": "2010-08-12 20:05:39", 
      "object_repr": "Please enter here the file to be attached to this study.", 
      "object_id": "66", 
      "change_message": "Modificado text e example. Modificado text e example para field help translation \"pt-BR\".", 
      "user": 17, 
      "content_type": [
        "assistance", 
        "fieldhelp"
      ]
    }
  }, 
  {
    "pk": 169, 
    "model": "admin.logentry", 
    "fields": {
      "action_flag": 2, 
      "action_time": "2010-08-12 20:00:34", 
      "object_repr": "Please enter here the address of the new institution.", 
      "object_id": "62", 
      "change_message": "Modificado text. Modificado text para field help translation \"pt-BR\".", 
      "user": 17, 
      "content_type": [
        "assistance", 
        "fieldhelp"
      ]
    }
  }, 
  {
    "pk": 168, 
    "model": "admin.logentry", 
    "fields": {
      "action_flag": 2, 
      "action_time": "2010-08-12 19:59:18", 
      "object_repr": "Please enter here the name of the new institution.", 
      "object_id": "61", 
      "change_message": "Modificado text. Modificado text para field help translation \"pt-BR\".", 
      "user": 17, 
      "content_type": [
        "assistance", 
        "fieldhelp"
      ]
    }
  }, 
  {
    "pk": 167, 
    "model": "admin.logentry", 
    "fields": {
      "action_flag": 2, 
      "action_time": "2010-08-12 19:58:42", 
      "object_repr": "Please enter here the expansion of the trial public acronym, if available.", 
      "object_id": "60", 
      "change_message": "Modificado text. Modificado text para field help translation \"pt-BR\".", 
      "user": 17, 
      "content_type": [
        "assistance", 
        "fieldhelp"
      ]
    }
  }, 
  {
    "pk": 166, 
    "model": "admin.logentry", 
    "fields": {
      "action_flag": 2, 
      "action_time": "2010-08-12 19:57:52", 
      "object_repr": "Select here the relation of the contact: a contact for Public Queries, for Scientific Queries or for Site Queries.", 
      "object_id": "59", 
      "change_message": "Modificado text. Modificado text para field help translation \"pt-BR\".", 
      "user": 17, 
      "content_type": [
        "assistance", 
        "fieldhelp"
      ]
    }
  }, 
  {
    "pk": 165, 
    "model": "admin.logentry", 
    "fields": {
      "action_flag": 2, 
      "action_time": "2010-08-12 19:50:34", 
      "object_repr": "Please enter here the phase of the study.", 
      "object_id": "39", 
      "change_message": "Modificado text. Modificado text para field help translation \"pt-BR\".", 
      "user": 17, 
      "content_type": [
        "assistance", 
        "fieldhelp"
      ]
    }
  }, 
  {
    "pk": 164, 
    "model": "admin.logentry", 
    "fields": {
      "action_flag": 2, 
      "action_time": "2010-08-12 19:49:50", 
      "object_repr": "Please enter here the participant assignment to the intervention groups:\r\n\r\n    * N/A: single arm study\r\n    * Randomized Controlled Trial: participants are assigned to intervention groups by chance\r\n", 
      "object_id": "38", 
      "change_message": "Modificado text. Modificado text para field help translation \"pt-BR\".", 
      "user": 17, 
      "content_type": [
        "assistance", 
        "fieldhelp"
      ]
    }
  }, 
  {
    "pk": 163, 
    "model": "admin.logentry", 
    "fields": {
      "action_flag": 2, 
      "action_time": "2010-08-12 19:39:04", 
      "object_repr": "Please enter the type of outcome: primary or secondary. Primary outcomes are events, variables, or experiences that are measured because it is believed that they may be influenced by the intervention.", 
      "object_id": "40", 
      "change_message": "Modificado text. Modificado text para field help translation \"pt-BR\".", 
      "user": 17, 
      "content_type": [
        "assistance", 
        "fieldhelp"
      ]
    }
  }, 
  {
    "pk": 162, 
    "model": "admin.logentry", 
    "fields": {
      "action_flag": 2, 
      "action_time": "2010-08-12 19:27:16", 
      "object_repr": "Please enter the type of outcome: primary or secondary. Primary outcomes are events, variables, or experiences that are measured because it is believed that they may be influenced by the intervention.", 
      "object_id": "40", 
      "change_message": "Modificado text. Modificado text para field help translation \"pt-BR\".", 
      "user": 17, 
      "content_type": [
        "assistance", 
        "fieldhelp"
      ]
    }
  }, 
  {
    "pk": 161, 
    "model": "admin.logentry", 
    "fields": {
      "action_flag": 2, 
      "action_time": "2010-08-12 19:15:23", 
      "object_repr": "Blinding refers to methods used to prevent participants and investigators from knowing what interventions are being used. Masking refers to the methods used to camouflage interventions to achieve blin", 
      "object_id": "37", 
      "change_message": "Modificado text. Modificado text para field help translation \"pt-BR\".", 
      "user": 17, 
      "content_type": [
        "assistance", 
        "fieldhelp"
      ]
    }
  }, 
  {
    "pk": 160, 
    "model": "admin.logentry", 
    "fields": {
      "action_flag": 2, 
      "action_time": "2010-08-12 19:10:04", 
      "object_repr": "Please enter here the intervention assignment of the trial.\r\n\r\n* Single Group: single arm study\r\n* Parallel: participants are assigned to one of two or more groups in parallel for the duration of the ", 
      "object_id": "35", 
      "change_message": "Modificado text. Modificado text para field help translation \"pt-BR\".", 
      "user": 17, 
      "content_type": [
        "assistance", 
        "fieldhelp"
      ]
    }
  }, 
  {
    "pk": 159, 
    "model": "admin.logentry", 
    "fields": {
      "action_flag": 2, 
      "action_time": "2010-08-12 19:03:41", 
      "object_repr": "Please select here the most apropriate purpose of your study. Only choose \"Other\" option if none of the listed categories are adequate to define the purpose of your study.\r\n\r\n   * Diagnostic: conducte", 
      "object_id": "34", 
      "change_message": "Modificado text. Modificado text para field help translation \"pt-BR\".", 
      "user": 17, 
      "content_type": [
        "assistance", 
        "fieldhelp"
      ]
    }
  }, 
  {
    "pk": 158, 
    "model": "admin.logentry", 
    "fields": {
      "action_flag": 2, 
      "action_time": "2010-08-12 19:02:17", 
      "object_repr": "Please select here the intervention category:\r\n\r\n* drug\r\n* device\r\n* biological/vaccine\r\n* procedure/surgery\r\n* radiation\r\n* behavioural\r\n* genetics\r\n* dietary supplement\r\n* other\r\n\r\n", 
      "object_id": "31", 
      "change_message": "Modificado text. Modificado text para field help translation \"pt-BR\".", 
      "user": 17, 
      "content_type": [
        "assistance", 
        "fieldhelp"
      ]
    }
  }, 
  {
    "pk": 157, 
    "model": "admin.logentry", 
    "fields": {
      "action_flag": 2, 
      "action_time": "2010-08-12 19:01:46", 
      "object_repr": "Please select here the specific name of the intervention(s) and the comparator/control(s) being studied. Use the International Non-Proprietary Name if possible (not brand/trade names). For an unregist", 
      "object_id": "30", 
      "change_message": "Modificado text. Modificado text para field help translation \"pt-BR\".", 
      "user": 17, 
      "content_type": [
        "assistance", 
        "fieldhelp"
      ]
    }
  }, 
  {
    "pk": 156, 
    "model": "admin.logentry", 
    "fields": {
      "action_flag": 2, 
      "action_time": "2010-08-12 18:46:17", 
      "object_repr": "Please enter here the health condition descriptor text.\r\nIf you choose one descriptor of the DeCS, ICD-10 or CAS vocabularies, then this field will automatically filled.\r\n", 
      "object_id": "29", 
      "change_message": "Modificado text. Modificado text para field help translation \"pt-BR\".", 
      "user": 17, 
      "content_type": [
        "assistance", 
        "fieldhelp"
      ]
    }
  }, 
  {
    "pk": 155, 
    "model": "admin.logentry", 
    "fields": {
      "action_flag": 2, 
      "action_time": "2010-08-12 18:45:45", 
      "object_repr": "Please enter here the health condition descriptor code.\r\nIf you choose one descriptor of the DeCS, ICD-10 or CAS vocabularies, then this field will be automatically filled.\r\n", 
      "object_id": "28", 
      "change_message": "Modificado text. Modificado text para field help translation \"pt-BR\".", 
      "user": 17, 
      "content_type": [
        "assistance", 
        "fieldhelp"
      ]
    }
  }, 
  {
    "pk": 154, 
    "model": "admin.logentry", 
    "fields": {
      "action_flag": 2, 
      "action_time": "2010-08-12 18:45:12", 
      "object_repr": "Please select here the vocabulary will be used to choose the descriptor of the health condition: \r\nDeCS: Health Sciences Descriptors or\r\nICD-10: International Classification of Diseases or\r\nChemical A", 
      "object_id": "26", 
      "change_message": "Modificado text. Modificado text para field help translation \"pt-BR\".", 
      "user": 17, 
      "content_type": [
        "assistance", 
        "fieldhelp"
      ]
    }
  }, 
  {
    "pk": 153, 
    "model": "admin.logentry", 
    "fields": {
      "action_flag": 2, 
      "action_time": "2010-08-12 18:44:31", 
      "object_repr": "Please enter here which is the health condition descriptor code.\r\nIf you choose one descriptor of the DeCS, ICD-10 or CAS vocabularies, then this field will be automatically filled.\r\n", 
      "object_id": "28", 
      "change_message": "Modificado text. Modificado text para field help translation \"pt-BR\".", 
      "user": 17, 
      "content_type": [
        "assistance", 
        "fieldhelp"
      ]
    }
  }, 
  {
    "pk": 152, 
    "model": "admin.logentry", 
    "fields": {
      "action_flag": 2, 
      "action_time": "2010-08-12 18:42:31", 
      "object_repr": "Please enter here the major source(s) of monetary or material or infrastructural support for the trial (e.g., funding agency, foundation, company, hospital, university, etc).", 
      "object_id": "23", 
      "change_message": "Modificado text. Modificado text para field help translation \"pt-BR\".", 
      "user": 17, 
      "content_type": [
        "assistance", 
        "fieldhelp"
      ]
    }
  }, 
  {
    "pk": 151, 
    "model": "admin.logentry", 
    "fields": {
      "action_flag": 2, 
      "action_time": "2010-08-12 18:40:00", 
      "object_repr": "Please enter here the name of additional individuals, organizations or other legal persons, if any, that have agreed with the primary sponsor to take on responsibilities of sponsorship.\r\nA secondary s", 
      "object_id": "21", 
      "change_message": "Modificado text. Modificado text para field help translation \"pt-BR\".", 
      "user": 17, 
      "content_type": [
        "assistance", 
        "fieldhelp"
      ]
    }
  }, 
  {
    "pk": 150, 
    "model": "admin.logentry", 
    "fields": {
      "action_flag": 2, 
      "action_time": "2010-08-12 18:22:29", 
      "object_repr": "Please select here which is the most apropriate purpose of your study. Only choose \"Other\" option if none of the listed categories are adequate to define the purpose of your study.\r\n\r\n\r\n   * Diagnosti", 
      "object_id": "34", 
      "change_message": "Modificado text. Modificado text para field help translation \"pt-BR\".", 
      "user": 6, 
      "content_type": [
        "assistance", 
        "fieldhelp"
      ]
    }
  }, 
  {
    "pk": 149, 
    "model": "admin.logentry", 
    "fields": {
      "action_flag": 2, 
      "action_time": "2010-08-12 18:19:16", 
      "object_repr": "Please enter here which is the purpose of the study.\r\n\r\n   * Diagnostic: conducted to find better tests or procedures for diagnosing a particular disease or condition.\r\n   * Etiological: identify caus", 
      "object_id": "34", 
      "change_message": "Modificado text. Modificado text para field help translation \"pt-BR\".", 
      "user": 6, 
      "content_type": [
        "assistance", 
        "fieldhelp"
      ]
    }
  }, 
  {
    "pk": 148, 
    "model": "admin.logentry", 
    "fields": {
      "action_flag": 2, 
      "action_time": "2010-08-12 18:08:10", 
      "object_repr": "Blinding refers to methods used to prevent participants and investigators from knowing what interventions are being used. Masking refers to the methods used to camouflage interventions to achieve blin", 
      "object_id": "37", 
      "change_message": "Modificado text. Modificado text para field help translation \"pt-BR\".", 
      "user": 6, 
      "content_type": [
        "assistance", 
        "fieldhelp"
      ]
    }
  }, 
  {
    "pk": 147, 
    "model": "admin.logentry", 
    "fields": {
      "action_flag": 2, 
      "action_time": "2010-08-12 13:56:03", 
      "object_repr": "Please enter here the primary spondor.\r\nThe Primary Sponsor is the individual, organization, group or other legal entity which takes responsibility for initiating, managing and/or financing the study.", 
      "object_id": "20", 
      "change_message": "Modificado text. Modificado text para field help translation \"pt-BR\".", 
      "user": 17, 
      "content_type": [
        "assistance", 
        "fieldhelp"
      ]
    }
  }, 
  {
    "pk": 146, 
    "model": "admin.logentry", 
    "fields": {
      "action_flag": 2, 
      "action_time": "2010-08-12 13:47:52", 
      "object_repr": "Please enter here the exclusion criteria for participant selection, including age and sex.", 
      "object_id": "19", 
      "change_message": "Modificado text.", 
      "user": 17, 
      "content_type": [
        "assistance", 
        "fieldhelp"
      ]
    }
  }, 
  {
    "pk": 145, 
    "model": "admin.logentry", 
    "fields": {
      "action_flag": 2, 
      "action_time": "2010-08-12 13:46:50", 
      "object_repr": "Please enter here the temporal unit of maximal age in inclusion criteria.", 
      "object_id": "18", 
      "change_message": "Modificado text. Modificado text para field help translation \"pt-BR\".", 
      "user": 17, 
      "content_type": [
        "assistance", 
        "fieldhelp"
      ]
    }
  }, 
  {
    "pk": 144, 
    "model": "admin.logentry", 
    "fields": {
      "action_flag": 2, 
      "action_time": "2010-08-12 13:43:55", 
      "object_repr": "Please enter here the maximal age in inclusion criteria of participants.", 
      "object_id": "17", 
      "change_message": "Modificado text. Modificado text para field help translation \"pt-BR\".", 
      "user": 17, 
      "content_type": [
        "assistance", 
        "fieldhelp"
      ]
    }
  }, 
  {
    "pk": 143, 
    "model": "admin.logentry", 
    "fields": {
      "action_flag": 2, 
      "action_time": "2010-08-12 13:43:19", 
      "object_repr": "Please enter here the primary health condition(s) or problem(s) studied. If the study is conducted in healthy human volunteers belonging to the target population of the intervention (e.g., preventive ", 
      "object_id": "25", 
      "change_message": "Modificado text e example. Modificado example para field help translation \"pt-BR\".", 
      "user": 17, 
      "content_type": [
        "assistance", 
        "fieldhelp"
      ]
    }
  }, 
  {
    "pk": 142, 
    "model": "admin.logentry", 
    "fields": {
      "action_flag": 2, 
      "action_time": "2010-08-12 13:29:51", 
      "object_repr": "Please enter here the temporal unit of minimal age in the inclusion criteria of participants.", 
      "object_id": "16", 
      "change_message": "Modificado text. Modificado text para field help translation \"pt-BR\".", 
      "user": 17, 
      "content_type": [
        "assistance", 
        "fieldhelp"
      ]
    }
  }, 
  {
    "pk": 141, 
    "model": "admin.logentry", 
    "fields": {
      "action_flag": 2, 
      "action_time": "2010-08-12 13:29:10", 
      "object_repr": "Please enter here the gender selected in the inclusion criteria (female, male or both) of participants.", 
      "object_id": "14", 
      "change_message": "Modificado text. Modificado text para field help translation \"pt-BR\".", 
      "user": 17, 
      "content_type": [
        "assistance", 
        "fieldhelp"
      ]
    }
  }, 
  {
    "pk": 140, 
    "model": "admin.logentry", 
    "fields": {
      "action_flag": 2, 
      "action_time": "2010-08-12 13:28:46", 
      "object_repr": "Please enter here the minimal age in the inclusion criteria of participants.", 
      "object_id": "15", 
      "change_message": "Modificado text. Modificado text para field help translation \"pt-BR\".", 
      "user": 17, 
      "content_type": [
        "assistance", 
        "fieldhelp"
      ]
    }
  }, 
  {
    "pk": 139, 
    "model": "admin.logentry", 
    "fields": {
      "action_flag": 2, 
      "action_time": "2010-08-12 13:27:50", 
      "object_repr": "Please enter here the gender selected in the inclusion criteria (female, male or both).", 
      "object_id": "14", 
      "change_message": "Modificado text. Modificado text para field help translation \"pt-BR\".", 
      "user": 17, 
      "content_type": [
        "assistance", 
        "fieldhelp"
      ]
    }
  }, 
  {
    "pk": 138, 
    "model": "admin.logentry", 
    "fields": {
      "action_flag": 2, 
      "action_time": "2010-08-12 13:23:49", 
      "object_repr": "Please enter here the inclusion criteria for participant selection.", 
      "object_id": "13", 
      "change_message": "Modificado text. Modificado text para field help translation \"pt-BR\".", 
      "user": 17, 
      "content_type": [
        "assistance", 
        "fieldhelp"
      ]
    }
  }, 
  {
    "pk": 137, 
    "model": "admin.logentry", 
    "fields": {
      "action_flag": 2, 
      "action_time": "2010-08-12 13:22:08", 
      "object_repr": "Please enter here the number of participants that this trial plans to enroll.", 
      "object_id": "12", 
      "change_message": "Modificado text. Modificado text para field help translation \"pt-BR\".", 
      "user": 17, 
      "content_type": [
        "assistance", 
        "fieldhelp"
      ]
    }
  }, 
  {
    "pk": 136, 
    "model": "admin.logentry", 
    "fields": {
      "action_flag": 2, 
      "action_time": "2010-08-12 13:21:05", 
      "object_repr": "Please enter here the anticipated or actual date of enrollment of the first participant.", 
      "object_id": "11", 
      "change_message": "Modificado text. Modificado text para field help translation \"pt-BR\".", 
      "user": 17, 
      "content_type": [
        "assistance", 
        "fieldhelp"
      ]
    }
  }, 
  {
    "pk": 135, 
    "model": "admin.logentry", 
    "fields": {
      "action_flag": 2, 
      "action_time": "2010-08-12 13:20:25", 
      "object_repr": "Please enter here the countries from which participants will be, are intended to be, or have been recruited.", 
      "object_id": "10", 
      "change_message": "Modificado text. Modificado text para field help translation \"pt-BR\".", 
      "user": 17, 
      "content_type": [
        "assistance", 
        "fieldhelp"
      ]
    }
  }, 
  {
    "pk": 134, 
    "model": "admin.logentry", 
    "fields": {
      "action_flag": 2, 
      "action_time": "2010-08-12 13:15:42", 
      "object_repr": "Please enter here the recruitment status of this trial:\r\n\r\n    * Pending: participants are not yet being recruited or enrolled at any site\r\n    * Recruiting: participants are currently being recruited", 
      "object_id": "9", 
      "change_message": "Modificado text.", 
      "user": 17, 
      "content_type": [
        "assistance", 
        "fieldhelp"
      ]
    }
  }, 
  {
    "pk": 133, 
    "model": "admin.logentry", 
    "fields": {
      "action_flag": 2, 
      "action_time": "2010-08-12 13:14:32", 
      "object_repr": "Please select this field to delete the corresponding secondary trial number.", 
      "object_id": "8", 
      "change_message": "Modificado text. Modificado text para field help translation \"pt-BR\".", 
      "user": 17, 
      "content_type": [
        "assistance", 
        "fieldhelp"
      ]
    }
  }, 
  {
    "pk": 132, 
    "model": "admin.logentry", 
    "fields": {
      "action_flag": 2, 
      "action_time": "2010-08-12 13:13:49", 
      "object_repr": "Please enter here any other secondary identifying numbers, such as protocol number, institutional review board/ethics committee approval, registration number at regulatory agencies or any other Trial ", 
      "object_id": "7", 
      "change_message": "Modificado text para field help translation \"pt-BR\".", 
      "user": 17, 
      "content_type": [
        "assistance", 
        "fieldhelp"
      ]
    }
  }, 
  {
    "pk": 131, 
    "model": "admin.logentry", 
    "fields": {
      "action_flag": 2, 
      "action_time": "2010-08-12 13:12:25", 
      "object_repr": "Please enter here the institution or organization that assigned a secondary identification number, besides the Primary Registry, if any.", 
      "object_id": "6", 
      "change_message": "Modificado text.", 
      "user": 17, 
      "content_type": [
        "assistance", 
        "fieldhelp"
      ]
    }
  }, 
  {
    "pk": 130, 
    "model": "admin.logentry", 
    "fields": {
      "action_flag": 2, 
      "action_time": "2010-08-12 13:11:46", 
      "object_repr": "Please enter here the trial public acronym if available.", 
      "object_id": "5", 
      "change_message": "Modificado text. Modificado text para field help translation \"pt-BR\".", 
      "user": 17, 
      "content_type": [
        "assistance", 
        "fieldhelp"
      ]
    }
  }, 
  {
    "pk": 129, 
    "model": "admin.logentry", 
    "fields": {
      "action_flag": 2, 
      "action_time": "2010-08-12 13:11:10", 
      "object_repr": "Please enter here the title intended for the lay public in easily understood language.", 
      "object_id": "4", 
      "change_message": "Modificado text. Modificado text para field help translation \"pt-BR\".", 
      "user": 17, 
      "content_type": [
        "assistance", 
        "fieldhelp"
      ]
    }
  }, 
  {
    "pk": 128, 
    "model": "admin.logentry", 
    "fields": {
      "action_flag": 2, 
      "action_time": "2010-08-12 13:10:25", 
      "object_repr": "Please enter here the expansion of the trial scientific acronym if available.", 
      "object_id": "3", 
      "change_message": "Modificado text para field help translation \"pt-BR\".", 
      "user": 17, 
      "content_type": [
        "assistance", 
        "fieldhelp"
      ]
    }
  }, 
  {
    "pk": 127, 
    "model": "admin.logentry", 
    "fields": {
      "action_flag": 2, 
      "action_time": "2010-08-12 13:08:08", 
      "object_repr": "Please enter here the expansion of the trial scientific acronym if available.", 
      "object_id": "3", 
      "change_message": "Modificado text. Modificado text para field help translation \"pt-BR\".", 
      "user": 17, 
      "content_type": [
        "assistance", 
        "fieldhelp"
      ]
    }
  }, 
  {
    "pk": 126, 
    "model": "admin.logentry", 
    "fields": {
      "action_flag": 2, 
      "action_time": "2010-08-12 13:07:13", 
      "object_repr": "Please enter here the trial scientific acronym if available.", 
      "object_id": "2", 
      "change_message": "Modificado text. Modificado text para field help translation \"pt-BR\".", 
      "user": 17, 
      "content_type": [
        "assistance", 
        "fieldhelp"
      ]
    }
  }, 
  {
    "pk": 125, 
    "model": "admin.logentry", 
    "fields": {
      "action_flag": 2, 
      "action_time": "2010-08-12 13:06:12", 
      "object_repr": "Please enter here the scientific title of the study as it appears in the protocol submitted for funding and ethical review.", 
      "object_id": "1", 
      "change_message": "Modificado text.", 
      "user": 17, 
      "content_type": [
        "assistance", 
        "fieldhelp"
      ]
    }
  }, 
  {
    "pk": 124, 
    "model": "admin.logentry", 
    "fields": {
      "action_flag": 2, 
      "action_time": "2010-08-11 20:18:25", 
      "object_repr": "Please enter here any other secondary identifying numbers, such as protocol number, institutional review board/ethics committee approval, registration number at regulatory agencies or any other Trial ", 
      "object_id": "7", 
      "change_message": "Modificado text. Modificado text para field help translation \"pt-BR\".", 
      "user": 6, 
      "content_type": [
        "assistance", 
        "fieldhelp"
      ]
    }
  }, 
  {
    "pk": 123, 
    "model": "admin.logentry", 
    "fields": {
      "action_flag": 2, 
      "action_time": "2010-08-11 17:40:50", 
      "object_repr": "Please enter here which is the institution or organization that assigned a secondary identification number, besides the Primary Registry, if any.", 
      "object_id": "6", 
      "change_message": "Modificado text. Modificado text para field help translation \"pt-BR\".", 
      "user": 6, 
      "content_type": [
        "assistance", 
        "fieldhelp"
      ]
    }
  }, 
  {
    "pk": 122, 
    "model": "admin.logentry", 
    "fields": {
      "action_flag": 2, 
      "action_time": "2010-08-10 21:17:29", 
      "object_repr": "Please enter here which is the trial public acronym, if available.", 
      "object_id": "5", 
      "change_message": "Modificado text.", 
      "user": 6, 
      "content_type": [
        "assistance", 
        "fieldhelp"
      ]
    }
  }, 
  {
    "pk": 121, 
    "model": "admin.logentry", 
    "fields": {
      "action_flag": 2, 
      "action_time": "2010-08-10 21:17:15", 
      "object_repr": "Please enter here which is the expansion of the trial scientific acronym, if available.", 
      "object_id": "3", 
      "change_message": "Nenhum campo modificado.", 
      "user": 6, 
      "content_type": [
        "assistance", 
        "fieldhelp"
      ]
    }
  }, 
  {
    "pk": 120, 
    "model": "admin.logentry", 
    "fields": {
      "action_flag": 2, 
      "action_time": "2010-08-10 21:16:30", 
      "object_repr": "Please enter here which is the public trial acronym, if available.", 
      "object_id": "5", 
      "change_message": "Modificado text.", 
      "user": 6, 
      "content_type": [
        "assistance", 
        "fieldhelp"
      ]
    }
  }, 
  {
    "pk": 119, 
    "model": "admin.logentry", 
    "fields": {
      "action_flag": 2, 
      "action_time": "2010-08-10 21:08:04", 
      "object_repr": "Please enter here other secondary identifying numbers, of the corresponding issuing authorities, besides the Primary Registry, if any. \r\nInclude the sponsor name and sponsor-issued trial number (e.g.,", 
      "object_id": "7", 
      "change_message": "Modificado text. Modificado text para field help translation \"pt-BR\".", 
      "user": 6, 
      "content_type": [
        "assistance", 
        "fieldhelp"
      ]
    }
  }, 
  {
    "pk": 118, 
    "model": "admin.logentry", 
    "fields": {
      "action_flag": 2, 
      "action_time": "2010-08-10 21:03:34", 
      "object_repr": "Please enter here other identifying numbers and issuing authorities besides the Primary Registry, if any. \r\nInclude the sponsor name and sponsor-issued trial number (e.g., protocol number) if availabl", 
      "object_id": "6", 
      "change_message": "Modificado example. Modificado text e example para field help translation \"pt-BR\".", 
      "user": 6, 
      "content_type": [
        "assistance", 
        "fieldhelp"
      ]
    }
  }, 
  {
    "pk": 117, 
    "model": "admin.logentry", 
    "fields": {
      "action_flag": 2, 
      "action_time": "2010-08-10 21:01:20", 
      "object_repr": "Please enter here other identifying numbers, of the corresponding issuing authorities, besides the Primary Registry, if any. \r\nInclude the sponsor name and sponsor-issued trial number (e.g., protocol ", 
      "object_id": "7", 
      "change_message": "Modificado example. Adicionado field help translation \"pt-BR\"", 
      "user": 6, 
      "content_type": [
        "assistance", 
        "fieldhelp"
      ]
    }
  }, 
  {
    "pk": 116, 
    "model": "admin.logentry", 
    "fields": {
      "action_flag": 2, 
      "action_time": "2010-08-10 20:57:58", 
      "object_repr": "Please enter here other identifying numbers, of the corresponding issuing authorities, besides the Primary Registry, if any. \r\nInclude the sponsor name and sponsor-issued trial number (e.g., protocol ", 
      "object_id": "7", 
      "change_message": "Modificado text.", 
      "user": 6, 
      "content_type": [
        "assistance", 
        "fieldhelp"
      ]
    }
  }, 
  {
    "pk": 115, 
    "model": "admin.logentry", 
    "fields": {
      "action_flag": 2, 
      "action_time": "2010-08-10 20:56:03", 
      "object_repr": "Please enter here other identifying numbers and issuing authorities besides the Primary Registry, if any. \r\nInclude the sponsor name and sponsor-issued trial number (e.g., protocol number) if availabl", 
      "object_id": "6", 
      "change_message": "Modificado text e example. Adicionado field help translation \"pt-BR\"", 
      "user": 6, 
      "content_type": [
        "assistance", 
        "fieldhelp"
      ]
    }
  }, 
  {
    "pk": 114, 
    "model": "admin.logentry", 
    "fields": {
      "action_flag": 2, 
      "action_time": "2010-08-10 20:45:03", 
      "object_repr": "Please select this field to delete the corresponding descriptor..", 
      "object_id": "64", 
      "change_message": "Modificado example. Adicionado field help translation \"pt-BR\"", 
      "user": 6, 
      "content_type": [
        "assistance", 
        "fieldhelp"
      ]
    }
  }, 
  {
    "pk": 113, 
    "model": "admin.logentry", 
    "fields": {
      "action_flag": 2, 
      "action_time": "2010-08-10 20:44:23", 
      "object_repr": "Please enter here the anticipated or actual date of enrollment of the first participant. \r\nPlease use the format dd/mm/yyyy,", 
      "object_id": "65", 
      "change_message": "Modificado text. Adicionado field help translation \"pt-BR\"", 
      "user": 6, 
      "content_type": [
        "assistance", 
        "fieldhelp"
      ]
    }
  }, 
  {
    "pk": 112, 
    "model": "admin.logentry", 
    "fields": {
      "action_flag": 2, 
      "action_time": "2010-08-10 20:36:15", 
      "object_repr": "Please select this field if the file attached to this study will be public to every user of the EnsaiosClinicos.gov.br.", 
      "object_id": "68", 
      "change_message": "Modificado text. Modificado text para field help translation \"pt-BR\".", 
      "user": 6, 
      "content_type": [
        "assistance", 
        "fieldhelp"
      ]
    }
  }, 
  {
    "pk": 111, 
    "model": "admin.logentry", 
    "fields": {
      "action_flag": 2, 
      "action_time": "2010-08-10 20:02:49", 
      "object_repr": "Please select this field if the file attached to this study will be public to everyone.", 
      "object_id": "68", 
      "change_message": "Modificado text. Adicionado field help translation \"pt-BR\"", 
      "user": 6, 
      "content_type": [
        "assistance", 
        "fieldhelp"
      ]
    }
  }, 
  {
    "pk": 110, 
    "model": "admin.logentry", 
    "fields": {
      "action_flag": 2, 
      "action_time": "2010-08-10 20:01:20", 
      "object_repr": "Please enter here which is the description of the file attached to this study.", 
      "object_id": "67", 
      "change_message": "Modificado text. Adicionado field help translation \"pt-BR\"", 
      "user": 6, 
      "content_type": [
        "assistance", 
        "fieldhelp"
      ]
    }
  }, 
  {
    "pk": 109, 
    "model": "admin.logentry", 
    "fields": {
      "action_flag": 2, 
      "action_time": "2010-08-10 20:00:03", 
      "object_repr": "Please enter here which is the file to be attached to this study.", 
      "object_id": "66", 
      "change_message": "Modificado text. Adicionado field help translation \"pt-BR\"", 
      "user": 6, 
      "content_type": [
        "assistance", 
        "fieldhelp"
      ]
    }
  }, 
  {
    "pk": 108, 
    "model": "admin.logentry", 
    "fields": {
      "action_flag": 2, 
      "action_time": "2010-08-10 19:56:17", 
      "object_repr": "Please select this field to delete the corresponding descriptor..", 
      "object_id": "64", 
      "change_message": "Modificado text e example.", 
      "user": 6, 
      "content_type": [
        "assistance", 
        "fieldhelp"
      ]
    }
  }, 
  {
    "pk": 107, 
    "model": "admin.logentry", 
    "fields": {
      "action_flag": 2, 
      "action_time": "2010-08-10 19:55:16", 
      "object_repr": "Please select this field to delete the corresponding descriptor.", 
      "object_id": "64", 
      "change_message": "Modificado text.", 
      "user": 6, 
      "content_type": [
        "assistance", 
        "fieldhelp"
      ]
    }
  }, 
  {
    "pk": 106, 
    "model": "admin.logentry", 
    "fields": {
      "action_flag": 2, 
      "action_time": "2010-08-10 19:54:00", 
      "object_repr": "Please enter here which is the country of the new institution.", 
      "object_id": "63", 
      "change_message": "Modificado text. Adicionado field help translation \"pt-BR\"", 
      "user": 6, 
      "content_type": [
        "assistance", 
        "fieldhelp"
      ]
    }
  }, 
  {
    "pk": 105, 
    "model": "admin.logentry", 
    "fields": {
      "action_flag": 2, 
      "action_time": "2010-08-10 19:53:17", 
      "object_repr": "Please enter here which is the address of the new institution.", 
      "object_id": "62", 
      "change_message": "Modificado text. Adicionado field help translation \"pt-BR\"", 
      "user": 6, 
      "content_type": [
        "assistance", 
        "fieldhelp"
      ]
    }
  }, 
  {
    "pk": 104, 
    "model": "admin.logentry", 
    "fields": {
      "action_flag": 2, 
      "action_time": "2010-08-10 19:52:24", 
      "object_repr": "Please enter here which is the name of the new institution.", 
      "object_id": "61", 
      "change_message": "Modificado text. Adicionado field help translation \"pt-BR\"", 
      "user": 6, 
      "content_type": [
        "assistance", 
        "fieldhelp"
      ]
    }
  }, 
  {
    "pk": 103, 
    "model": "admin.logentry", 
    "fields": {
      "action_flag": 1, 
      "action_time": "2010-08-10 19:09:28", 
      "object_repr": "When to cite a record on a clinical trials register", 
      "object_id": "18", 
      "change_message": "", 
      "user": 17, 
      "content_type": [
        "assistance", 
        "question"
      ]
    }
  }, 
  {
    "pk": 102, 
    "model": "admin.logentry", 
    "fields": {
      "action_flag": 2, 
      "action_time": "2010-08-10 18:56:50", 
      "object_repr": "How to cite a record on a clinical trials register", 
      "object_id": "17", 
      "change_message": "Modificado answer. Modificado answer para question translation \"pt-BR\".", 
      "user": 17, 
      "content_type": [
        "assistance", 
        "question"
      ]
    }
  }, 
  {
    "pk": 101, 
    "model": "admin.logentry", 
    "fields": {
      "action_flag": 1, 
      "action_time": "2010-08-10 18:53:15", 
      "object_repr": "How to cite a record on a clinical trials register", 
      "object_id": "17", 
      "change_message": "", 
      "user": 17, 
      "content_type": [
        "assistance", 
        "question"
      ]
    }
  }, 
  {
    "pk": 100, 
    "model": "admin.logentry", 
    "fields": {
      "action_flag": 2, 
      "action_time": "2010-08-10 18:30:58", 
      "object_repr": "Clinical Trials Registry Network for Latin America and the Caribbean", 
      "object_id": "7", 
      "change_message": "Modificado text.", 
      "user": 17, 
      "content_type": [
        "reviewapp", 
        "news"
      ]
    }
  }, 
  {
    "pk": 99, 
    "model": "admin.logentry", 
    "fields": {
      "action_flag": 2, 
      "action_time": "2010-08-10 18:30:36", 
      "object_repr": "Clinical Trials Registry Network for Latin America and the Caribbean", 
      "object_id": "7", 
      "change_message": "Modificado text.", 
      "user": 17, 
      "content_type": [
        "reviewapp", 
        "news"
      ]
    }
  }, 
  {
    "pk": 98, 
    "model": "admin.logentry", 
    "fields": {
      "action_flag": 2, 
      "action_time": "2010-08-10 18:28:51", 
      "object_repr": "Clinical Trials Registry Network for Latin America and the Caribbean", 
      "object_id": "7", 
      "change_message": "Modificado status.", 
      "user": 17, 
      "content_type": [
        "reviewapp", 
        "news"
      ]
    }
  }, 
  {
    "pk": 97, 
    "model": "admin.logentry", 
    "fields": {
      "action_flag": 1, 
      "action_time": "2010-08-10 18:27:45", 
      "object_repr": "Clinical Trials Registry Network for Latin America and the Caribbean", 
      "object_id": "7", 
      "change_message": "", 
      "user": 17, 
      "content_type": [
        "reviewapp", 
        "news"
      ]
    }
  }, 
  {
    "pk": 91, 
    "model": "admin.logentry", 
    "fields": {
      "action_flag": 3, 
      "action_time": "2010-08-10 18:26:11", 
      "object_repr": "Not\u00edcia teste do dia 22", 
      "object_id": "6", 
      "change_message": "", 
      "user": 17, 
      "content_type": [
        "reviewapp", 
        "news"
      ]
    }
  }, 
  {
    "pk": 92, 
    "model": "admin.logentry", 
    "fields": {
      "action_flag": 3, 
      "action_time": "2010-08-10 18:26:11", 
      "object_repr": "Quisque feugiat hendrerit sagittis", 
      "object_id": "5", 
      "change_message": "", 
      "user": 17, 
      "content_type": [
        "reviewapp", 
        "news"
      ]
    }
  }, 
  {
    "pk": 93, 
    "model": "admin.logentry", 
    "fields": {
      "action_flag": 3, 
      "action_time": "2010-08-10 18:26:11", 
      "object_repr": "Nam non odio purus, ut condimentum dui", 
      "object_id": "4", 
      "change_message": "", 
      "user": 17, 
      "content_type": [
        "reviewapp", 
        "news"
      ]
    }
  }, 
  {
    "pk": 94, 
    "model": "admin.logentry", 
    "fields": {
      "action_flag": 3, 
      "action_time": "2010-08-10 18:26:11", 
      "object_repr": "Cras porttitor scelerisque congue", 
      "object_id": "3", 
      "change_message": "", 
      "user": 17, 
      "content_type": [
        "reviewapp", 
        "news"
      ]
    }
  }, 
  {
    "pk": 95, 
    "model": "admin.logentry", 
    "fields": {
      "action_flag": 3, 
      "action_time": "2010-08-10 18:26:11", 
      "object_repr": "Nullam elit sapien, faucibus non accumsan et, suscipit et arcu", 
      "object_id": "2", 
      "change_message": "", 
      "user": 17, 
      "content_type": [
        "reviewapp", 
        "news"
      ]
    }
  }, 
  {
    "pk": 96, 
    "model": "admin.logentry", 
    "fields": {
      "action_flag": 3, 
      "action_time": "2010-08-10 18:26:11", 
      "object_repr": "Aenean euismod, magna id rhoncus semper", 
      "object_id": "1", 
      "change_message": "", 
      "user": 17, 
      "content_type": [
        "reviewapp", 
        "news"
      ]
    }
  }, 
  {
    "pk": 90, 
    "model": "admin.logentry", 
    "fields": {
      "action_flag": 2, 
      "action_time": "2010-08-10 15:47:53", 
      "object_repr": "Please select here which is the intervention description.", 
      "object_id": "30", 
      "change_message": "Modificado text. Adicionado field help translation \"pt-BR\"", 
      "user": 6, 
      "content_type": [
        "assistance", 
        "fieldhelp"
      ]
    }
  }, 
  {
    "pk": 89, 
    "model": "admin.logentry", 
    "fields": {
      "action_flag": 2, 
      "action_time": "2010-08-10 15:41:30", 
      "object_repr": "Please select here which is the intervention category:\r\n\r\n* drug\r\n* device\r\n* biological/vaccine\r\n* procedure/surgery\r\n* radiation\r\n* behavioural\r\n* genetics\r\n* dietary supplement\r\n* other\r\n\r\n", 
      "object_id": "31", 
      "change_message": "Modificado text. Adicionado field help translation \"pt-BR\"", 
      "user": 6, 
      "content_type": [
        "assistance", 
        "fieldhelp"
      ]
    }
  }, 
  {
    "pk": 88, 
    "model": "admin.logentry", 
    "fields": {
      "action_flag": 2, 
      "action_time": "2010-08-10 15:37:25", 
      "object_repr": "Please choose here which is the intervantion category:\r\n\r\n* drug\r\n* device\r\n* biological/vaccine\r\n* procedure/surgery\r\n* radiation\r\n* behavioural\r\n* genetics\r\n* dietary supplement\r\n* other\r\n\r\n", 
      "object_id": "31", 
      "change_message": "Modificado text.", 
      "user": 6, 
      "content_type": [
        "assistance", 
        "fieldhelp"
      ]
    }
  }, 
  {
    "pk": 87, 
    "model": "admin.logentry", 
    "fields": {
      "action_flag": 2, 
      "action_time": "2010-08-10 15:31:46", 
      "object_repr": "Please enter here which is the health condition descriptor code.\r\nIf you choose one descriptor of the DeCS, ICD-10 or CAS vocabularies, then this field will automatically filled.\r\n", 
      "object_id": "28", 
      "change_message": "Modificado text.", 
      "user": 6, 
      "content_type": [
        "assistance", 
        "fieldhelp"
      ]
    }
  }, 
  {
    "pk": 86, 
    "model": "admin.logentry", 
    "fields": {
      "action_flag": 2, 
      "action_time": "2010-08-10 15:31:31", 
      "object_repr": "Please enter here which is the health condition descriptor text.\r\nIf you choose one descriptor of the DeCS, ICD-10 or CAS vocabularies, then this field will automatically filled.\r\n", 
      "object_id": "29", 
      "change_message": "Modificado text.", 
      "user": 6, 
      "content_type": [
        "assistance", 
        "fieldhelp"
      ]
    }
  }, 
  {
    "pk": 85, 
    "model": "admin.logentry", 
    "fields": {
      "action_flag": 2, 
      "action_time": "2010-08-10 14:14:16", 
      "object_repr": "Please enter here which is the Institution of the Secondary Sponsor.", 
      "object_id": "21", 
      "change_message": "Modificado text. Modificado text para field help translation \"pt-BR\".", 
      "user": 6, 
      "content_type": [
        "assistance", 
        "fieldhelp"
      ]
    }
  }, 
  {
    "pk": 84, 
    "model": "admin.logentry", 
    "fields": {
      "action_flag": 2, 
      "action_time": "2010-08-09 21:37:32", 
      "object_repr": "/site-description/ -- Site description", 
      "object_id": "2", 
      "change_message": "Modificado content.", 
      "user": 1, 
      "content_type": [
        "flatpages", 
        "flatpage"
      ]
    }
  }, 
  {
    "pk": 83, 
    "model": "admin.logentry", 
    "fields": {
      "action_flag": 1, 
      "action_time": "2010-08-09 21:22:20", 
      "object_repr": "/site-description/ -- Site description", 
      "object_id": "2", 
      "change_message": "", 
      "user": 1, 
      "content_type": [
        "flatpages", 
        "flatpage"
      ]
    }
  }, 
  {
    "pk": 82, 
    "model": "admin.logentry", 
    "fields": {
      "action_flag": 2, 
      "action_time": "2010-08-09 21:18:15", 
      "object_repr": "/about/ -- About", 
      "object_id": "1", 
      "change_message": "Modificado content.", 
      "user": 1, 
      "content_type": [
        "flatpages", 
        "flatpage"
      ]
    }
  }, 
  {
    "pk": 81, 
    "model": "admin.logentry", 
    "fields": {
      "action_flag": 2, 
      "action_time": "2010-08-09 20:24:01", 
      "object_repr": "terminated", 
      "object_id": "6", 
      "change_message": "Modificado label e description.", 
      "user": 1, 
      "content_type": [
        "vocabulary", 
        "recruitmentstatus"
      ]
    }
  }, 
  {
    "pk": 80, 
    "model": "admin.logentry", 
    "fields": {
      "action_flag": 2, 
      "action_time": "2010-08-09 20:23:58", 
      "object_repr": "not yet recruiting", 
      "object_id": "1", 
      "change_message": "Modificado label e description.", 
      "user": 1, 
      "content_type": [
        "vocabulary", 
        "recruitmentstatus"
      ]
    }
  }, 
  {
    "pk": 79, 
    "model": "admin.logentry", 
    "fields": {
      "action_flag": 2, 
      "action_time": "2010-08-09 20:23:26", 
      "object_repr": "Term", 
      "object_id": "6", 
      "change_message": "Modificado label.", 
      "user": 1, 
      "content_type": [
        "vocabulary", 
        "recruitmentstatus"
      ]
    }
  }, 
  {
    "pk": 78, 
    "model": "admin.logentry", 
    "fields": {
      "action_flag": 2, 
      "action_time": "2010-08-09 20:21:32", 
      "object_repr": "terminated", 
      "object_id": "1", 
      "change_message": "Modificado label e description.", 
      "user": 1, 
      "content_type": [
        "vocabulary", 
        "recruitmentstatus"
      ]
    }
  }, 
  {
    "pk": 77, 
    "model": "admin.logentry", 
    "fields": {
      "action_flag": 2, 
      "action_time": "2010-08-09 20:18:47", 
      "object_repr": "recruitment completed", 
      "object_id": "4", 
      "change_message": "Modificado label.", 
      "user": 1, 
      "content_type": [
        "vocabulary", 
        "recruitmentstatus"
      ]
    }
  }, 
  {
    "pk": 76, 
    "model": "admin.logentry", 
    "fields": {
      "action_flag": 1, 
      "action_time": "2010-08-09 20:17:43", 
      "object_repr": "data analysis completed", 
      "object_id": "8", 
      "change_message": "", 
      "user": 1, 
      "content_type": [
        "vocabulary", 
        "recruitmentstatus"
      ]
    }
  }, 
  {
    "pk": 75, 
    "model": "admin.logentry", 
    "fields": {
      "action_flag": 1, 
      "action_time": "2010-08-09 20:17:24", 
      "object_repr": "withdrawn", 
      "object_id": "7", 
      "change_message": "", 
      "user": 1, 
      "content_type": [
        "vocabulary", 
        "recruitmentstatus"
      ]
    }
  }, 
  {
    "pk": 74, 
    "model": "admin.logentry", 
    "fields": {
      "action_flag": 1, 
      "action_time": "2010-08-09 20:17:09", 
      "object_repr": "not yet recruiting", 
      "object_id": "6", 
      "change_message": "", 
      "user": 1, 
      "content_type": [
        "vocabulary", 
        "recruitmentstatus"
      ]
    }
  }, 
  {
    "pk": 73, 
    "model": "admin.logentry", 
    "fields": {
      "action_flag": 2, 
      "action_time": "2010-08-09 20:12:04", 
      "object_repr": "Please enter here which is the health condition descriptor text.\r\nIf you choose a descriptor of the DeCS, ICD-10 or CAS vocabularies, then this field will automatically filled.\r\n", 
      "object_id": "29", 
      "change_message": "Adicionado field help translation \"pt-BR\"", 
      "user": 6, 
      "content_type": [
        "assistance", 
        "fieldhelp"
      ]
    }
  }, 
  {
    "pk": 72, 
    "model": "admin.logentry", 
    "fields": {
      "action_flag": 2, 
      "action_time": "2010-08-09 20:11:35", 
      "object_repr": "Please enter here which is the health condition descriptor text.\r\nIf you choose a descriptor of the DeCS, ICD-10 or CAS vocabularies, then this field will automatically filled.\r\n", 
      "object_id": "29", 
      "change_message": "Modificado text.", 
      "user": 6, 
      "content_type": [
        "assistance", 
        "fieldhelp"
      ]
    }
  }, 
  {
    "pk": 71, 
    "model": "admin.logentry", 
    "fields": {
      "action_flag": 2, 
      "action_time": "2010-08-09 20:10:11", 
      "object_repr": "Please enter here which is the health condition descriptor code.\r\nIf you choose a descriptor of the DeCS, ICD-10 or CAS vocabularies, then this field will automatically filled.\r\n", 
      "object_id": "28", 
      "change_message": "Modificado text. Adicionado field help translation \"pt-BR\"", 
      "user": 6, 
      "content_type": [
        "assistance", 
        "fieldhelp"
      ]
    }
  }, 
  {
    "pk": 70, 
    "model": "admin.logentry", 
    "fields": {
      "action_flag": 2, 
      "action_time": "2010-08-09 20:01:52", 
      "object_repr": "Please select here which vocabulary will be used to choose the descriptor of the health condition: \r\nDeCS: Health Sciences Descriptors or\r\nICD-10: International Classification of Diseases or\r\nChemical", 
      "object_id": "26", 
      "change_message": "Modificado text. Adicionado field help translation \"pt-BR\"", 
      "user": 6, 
      "content_type": [
        "assistance", 
        "fieldhelp"
      ]
    }
  }, 
  {
    "pk": 69, 
    "model": "admin.logentry", 
    "fields": {
      "action_flag": 2, 
      "action_time": "2010-08-09 19:19:37", 
      "object_repr": "Please select here one descriptor: \r\nDeCS: Descritores em Ci\u00eancias da Sa\u00fade or \r\nICD-10: Classifica\u00e7\u00e3o Internacional de Doen\u00e7as or\r\nChemical Abstracts Service\r\n\r\n", 
      "object_id": "26", 
      "change_message": "Modificado text.", 
      "user": 6, 
      "content_type": [
        "assistance", 
        "fieldhelp"
      ]
    }
  }, 
  {
    "pk": 68, 
    "model": "admin.logentry", 
    "fields": {
      "action_flag": 2, 
      "action_time": "2010-08-09 18:56:07", 
      "object_repr": "Please enter here which is the Trial financial or material Support Source.", 
      "object_id": "23", 
      "change_message": "Modificado text. Adicionado field help translation \"pt-BR\"", 
      "user": 6, 
      "content_type": [
        "assistance", 
        "fieldhelp"
      ]
    }
  }, 
  {
    "pk": 67, 
    "model": "admin.logentry", 
    "fields": {
      "action_flag": 2, 
      "action_time": "2010-08-09 18:54:08", 
      "object_repr": "Please enter here which is primary spondor.\r\nThe Primary Sponsor is the individual, organization, group or other legal entity which takes responsibility for initiating, managing and/or financing the s", 
      "object_id": "20", 
      "change_message": "Modificado text.", 
      "user": 6, 
      "content_type": [
        "assistance", 
        "fieldhelp"
      ]
    }
  }, 
  {
    "pk": 66, 
    "model": "admin.logentry", 
    "fields": {
      "action_flag": 2, 
      "action_time": "2010-08-09 18:43:46", 
      "object_repr": "Please enter here which is the Secondary Sponsor.", 
      "object_id": "21", 
      "change_message": "Modificado text. Adicionado field help translation \"pt-BR\"", 
      "user": 6, 
      "content_type": [
        "assistance", 
        "fieldhelp"
      ]
    }
  }, 
  {
    "pk": 65, 
    "model": "admin.logentry", 
    "fields": {
      "action_flag": 2, 
      "action_time": "2010-08-09 18:28:36", 
      "object_repr": "Please enter here which is the individual, organization, group or other legal entity which takes responsibility for initiating, managing and/or financing the study. \r\nThe Primary Sponsor is responsibl", 
      "object_id": "20", 
      "change_message": "Modificado text. Modificado text para field help translation \"pt-BR\".", 
      "user": 6, 
      "content_type": [
        "assistance", 
        "fieldhelp"
      ]
    }
  }, 
  {
    "pk": 64, 
    "model": "admin.logentry", 
    "fields": {
      "action_flag": 2, 
      "action_time": "2010-08-09 18:27:37", 
      "object_repr": "Please enter here which is the exclusion criteria for participant selection, including age and sex.", 
      "object_id": "19", 
      "change_message": "Modificado text.", 
      "user": 6, 
      "content_type": [
        "assistance", 
        "fieldhelp"
      ]
    }
  }, 
  {
    "pk": 63, 
    "model": "admin.logentry", 
    "fields": {
      "action_flag": 2, 
      "action_time": "2010-08-09 18:27:23", 
      "object_repr": "Please enter here which is the temporal unit of maximal age in inclusion criteria.", 
      "object_id": "18", 
      "change_message": "Modificado text.", 
      "user": 6, 
      "content_type": [
        "assistance", 
        "fieldhelp"
      ]
    }
  }, 
  {
    "pk": 62, 
    "model": "admin.logentry", 
    "fields": {
      "action_flag": 2, 
      "action_time": "2010-08-09 18:27:06", 
      "object_repr": "Please enter here which is the maximal age in inclusion criteria.", 
      "object_id": "17", 
      "change_message": "Modificado text.", 
      "user": 6, 
      "content_type": [
        "assistance", 
        "fieldhelp"
      ]
    }
  }, 
  {
    "pk": 61, 
    "model": "admin.logentry", 
    "fields": {
      "action_flag": 2, 
      "action_time": "2010-08-09 18:26:51", 
      "object_repr": "Please enter here which is the temporal unit of minimal age in inclusion criteria.", 
      "object_id": "16", 
      "change_message": "Modificado text.", 
      "user": 6, 
      "content_type": [
        "assistance", 
        "fieldhelp"
      ]
    }
  }, 
  {
    "pk": 60, 
    "model": "admin.logentry", 
    "fields": {
      "action_flag": 2, 
      "action_time": "2010-08-09 18:26:36", 
      "object_repr": "Please enter here which is the minimal age in inclusion criteria.", 
      "object_id": "15", 
      "change_message": "Modificado text.", 
      "user": 6, 
      "content_type": [
        "assistance", 
        "fieldhelp"
      ]
    }
  }, 
  {
    "pk": 59, 
    "model": "admin.logentry", 
    "fields": {
      "action_flag": 2, 
      "action_time": "2010-08-09 18:26:17", 
      "object_repr": "Please enter here which is the inclusion criteria for participant selection.", 
      "object_id": "13", 
      "change_message": "Modificado text. Modificado text para field help translation \"pt-BR\".", 
      "user": 6, 
      "content_type": [
        "assistance", 
        "fieldhelp"
      ]
    }
  }, 
  {
    "pk": 58, 
    "model": "admin.logentry", 
    "fields": {
      "action_flag": 2, 
      "action_time": "2010-08-09 18:25:24", 
      "object_repr": "Please enter here which is the gender in inclusion criteria (female, male or both).", 
      "object_id": "14", 
      "change_message": "Modificado text.", 
      "user": 6, 
      "content_type": [
        "assistance", 
        "fieldhelp"
      ]
    }
  }, 
  {
    "pk": 57, 
    "model": "admin.logentry", 
    "fields": {
      "action_flag": 2, 
      "action_time": "2010-08-09 18:25:03", 
      "object_repr": "Please enter here which is the inclusion criteria for participant selection, including maxinal and minimal age and sex.", 
      "object_id": "13", 
      "change_message": "Modificado text. Modificado text para field help translation \"pt-BR\".", 
      "user": 6, 
      "content_type": [
        "assistance", 
        "fieldhelp"
      ]
    }
  }, 
  {
    "pk": 56, 
    "model": "admin.logentry", 
    "fields": {
      "action_flag": 2, 
      "action_time": "2010-08-09 18:24:13", 
      "object_repr": "Please enter here which is the number of participants that this trial plans to enroll.", 
      "object_id": "12", 
      "change_message": "Modificado text.", 
      "user": 6, 
      "content_type": [
        "assistance", 
        "fieldhelp"
      ]
    }
  }, 
  {
    "pk": 55, 
    "model": "admin.logentry", 
    "fields": {
      "action_flag": 2, 
      "action_time": "2010-08-09 18:23:59", 
      "object_repr": "Please enter here which is the anticipated or actual date of enrollment of the first participant.", 
      "object_id": "11", 
      "change_message": "Modificado text.", 
      "user": 6, 
      "content_type": [
        "assistance", 
        "fieldhelp"
      ]
    }
  }, 
  {
    "pk": 54, 
    "model": "admin.logentry", 
    "fields": {
      "action_flag": 2, 
      "action_time": "2010-08-09 18:23:45", 
      "object_repr": "Please enter here which is the countries from which participants will be, are intended to be, or have been recruited.", 
      "object_id": "10", 
      "change_message": "Modificado text.", 
      "user": 6, 
      "content_type": [
        "assistance", 
        "fieldhelp"
      ]
    }
  }, 
  {
    "pk": 53, 
    "model": "admin.logentry", 
    "fields": {
      "action_flag": 2, 
      "action_time": "2010-08-09 18:23:25", 
      "object_repr": "Please enter here which is the recruitment status of this trial:\r\n\r\n    * Pending: participants are not yet being recruited or enrolled at any site\r\n    * Recruiting: participants are currently being ", 
      "object_id": "9", 
      "change_message": "Modificado text.", 
      "user": 6, 
      "content_type": [
        "assistance", 
        "fieldhelp"
      ]
    }
  }, 
  {
    "pk": 52, 
    "model": "admin.logentry", 
    "fields": {
      "action_flag": 2, 
      "action_time": "2010-08-09 18:18:48", 
      "object_repr": "Please enter here which is the expansion of the trial public acronym, if available.", 
      "object_id": "60", 
      "change_message": "Modificado example. Modificado example para field help translation \"pt-BR\".", 
      "user": 6, 
      "content_type": [
        "assistance", 
        "fieldhelp"
      ]
    }
  }, 
  {
    "pk": 51, 
    "model": "admin.logentry", 
    "fields": {
      "action_flag": 2, 
      "action_time": "2010-08-09 18:17:50", 
      "object_repr": "Please enter here which is the expansion of the trial public acronym, if available.", 
      "object_id": "60", 
      "change_message": "Adicionado field help translation \"pt-BR\"", 
      "user": 6, 
      "content_type": [
        "assistance", 
        "fieldhelp"
      ]
    }
  }, 
  {
    "pk": 50, 
    "model": "admin.logentry", 
    "fields": {
      "action_flag": 2, 
      "action_time": "2010-08-09 18:17:28", 
      "object_repr": "Please enter here which is the expansion of the trial public acronym, if available.", 
      "object_id": "60", 
      "change_message": "Modificado text.", 
      "user": 6, 
      "content_type": [
        "assistance", 
        "fieldhelp"
      ]
    }
  }, 
  {
    "pk": 49, 
    "model": "admin.logentry", 
    "fields": {
      "action_flag": 2, 
      "action_time": "2010-08-09 18:16:16", 
      "object_repr": "Please enter here which is the trial public acronym, if available.", 
      "object_id": "5", 
      "change_message": "Modificado text.", 
      "user": 6, 
      "content_type": [
        "assistance", 
        "fieldhelp"
      ]
    }
  }, 
  {
    "pk": 48, 
    "model": "admin.logentry", 
    "fields": {
      "action_flag": 2, 
      "action_time": "2010-08-09 18:15:28", 
      "object_repr": "Please enter here which is the title intended for the lay public in easily understood language.", 
      "object_id": "4", 
      "change_message": "Modificado text.", 
      "user": 6, 
      "content_type": [
        "assistance", 
        "fieldhelp"
      ]
    }
  }, 
  {
    "pk": 47, 
    "model": "admin.logentry", 
    "fields": {
      "action_flag": 2, 
      "action_time": "2010-08-09 18:13:46", 
      "object_repr": "Please enter here which is the expansion of the trial scientific acronym, if available.", 
      "object_id": "3", 
      "change_message": "Modificado example. Modificado example para field help translation \"pt-BR\".", 
      "user": 6, 
      "content_type": [
        "assistance", 
        "fieldhelp"
      ]
    }
  }, 
  {
    "pk": 46, 
    "model": "admin.logentry", 
    "fields": {
      "action_flag": 2, 
      "action_time": "2010-08-09 18:10:06", 
      "object_repr": "Please enter here which is the expansion of the trial scientific acronym, if available.", 
      "object_id": "3", 
      "change_message": "Modificado text para field help translation \"pt-BR\".", 
      "user": 6, 
      "content_type": [
        "assistance", 
        "fieldhelp"
      ]
    }
  }, 
  {
    "pk": 45, 
    "model": "admin.logentry", 
    "fields": {
      "action_flag": 2, 
      "action_time": "2010-08-09 18:09:34", 
      "object_repr": "Please enter here which is the expansion of the trial scientific acronym, if available.", 
      "object_id": "3", 
      "change_message": "Modificado text. Modificado text para field help translation \"pt-BR\".", 
      "user": 6, 
      "content_type": [
        "assistance", 
        "fieldhelp"
      ]
    }
  }, 
  {
    "pk": 44, 
    "model": "admin.logentry", 
    "fields": {
      "action_flag": 2, 
      "action_time": "2010-08-09 18:08:21", 
      "object_repr": "Please enter here which is the expansion of the scientific acronym.", 
      "object_id": "3", 
      "change_message": "Modificado text. Adicionado field help translation \"pt-BR\"", 
      "user": 6, 
      "content_type": [
        "assistance", 
        "fieldhelp"
      ]
    }
  }, 
  {
    "pk": 43, 
    "model": "admin.logentry", 
    "fields": {
      "action_flag": 2, 
      "action_time": "2010-08-09 17:11:02", 
      "object_repr": "Please enter here which is the trial scientific acronym, if available.", 
      "object_id": "2", 
      "change_message": "Modificado text.", 
      "user": 6, 
      "content_type": [
        "assistance", 
        "fieldhelp"
      ]
    }
  }, 
  {
    "pk": 42, 
    "model": "admin.logentry", 
    "fields": {
      "action_flag": 2, 
      "action_time": "2010-08-09 17:10:11", 
      "object_repr": "Please enter here which is scientific title of the study as it appears in the protocol submitted for funding and ethical review.", 
      "object_id": "1", 
      "change_message": "Modificado text. Modificado text para field help translation \"pt-BR\". Deletado field help translation \"es\".", 
      "user": 6, 
      "content_type": [
        "assistance", 
        "fieldhelp"
      ]
    }
  }, 
  {
    "pk": 41, 
    "model": "admin.logentry", 
    "fields": {
      "action_flag": 2, 
      "action_time": "2010-07-22 11:51:24", 
      "object_repr": "What studies need to be registered?", 
      "object_id": "13", 
      "change_message": "Modificado answer. Modificado answer para question translation \"pt-BR\".", 
      "user": 1, 
      "content_type": [
        "assistance", 
        "question"
      ]
    }
  }, 
  {
    "pk": 40, 
    "model": "admin.logentry", 
    "fields": {
      "action_flag": 2, 
      "action_time": "2010-07-22 11:40:30", 
      "object_repr": "What studies need to be registered?", 
      "object_id": "13", 
      "change_message": "Modificado answer para question translation \"pt-BR\".", 
      "user": 1, 
      "content_type": [
        "assistance", 
        "question"
      ]
    }
  }, 
  {
    "pk": 39, 
    "model": "admin.logentry", 
    "fields": {
      "action_flag": 2, 
      "action_time": "2010-07-21 21:38:25", 
      "object_repr": "System", 
      "object_id": "1", 
      "change_message": "Adicionado category translation \"pt-BR\" Adicionado category translation \"es\"", 
      "user": 17, 
      "content_type": [
        "assistance", 
        "category"
      ]
    }
  }, 
  {
    "pk": 38, 
    "model": "admin.logentry", 
    "fields": {
      "action_flag": 1, 
      "action_time": "2010-07-21 21:29:01", 
      "object_repr": "How do I register a trial?", 
      "object_id": "16", 
      "change_message": "", 
      "user": 17, 
      "content_type": [
        "assistance", 
        "question"
      ]
    }
  }, 
  {
    "pk": 37, 
    "model": "admin.logentry", 
    "fields": {
      "action_flag": 1, 
      "action_time": "2010-07-21 21:23:10", 
      "object_repr": "Who is responsible for registering a trial?", 
      "object_id": "15", 
      "change_message": "", 
      "user": 17, 
      "content_type": [
        "assistance", 
        "question"
      ]
    }
  }, 
  {
    "pk": 36, 
    "model": "admin.logentry", 
    "fields": {
      "action_flag": 1, 
      "action_time": "2010-07-21 18:27:19", 
      "object_repr": "When should studies be registered?", 
      "object_id": "14", 
      "change_message": "", 
      "user": 17, 
      "content_type": [
        "assistance", 
        "question"
      ]
    }
  }, 
  {
    "pk": 34, 
    "model": "admin.logentry", 
    "fields": {
      "action_flag": 3, 
      "action_time": "2010-07-21 18:25:19", 
      "object_repr": "Football (Soccer)", 
      "object_id": "5", 
      "change_message": "", 
      "user": 17, 
      "content_type": [
        "assistance", 
        "category"
      ]
    }
  }, 
  {
    "pk": 35, 
    "model": "admin.logentry", 
    "fields": {
      "action_flag": 3, 
      "action_time": "2010-07-21 18:25:19", 
      "object_repr": "Medicamentos", 
      "object_id": "4", 
      "change_message": "", 
      "user": 17, 
      "content_type": [
        "assistance", 
        "category"
      ]
    }
  }, 
  {
    "pk": 27, 
    "model": "admin.logentry", 
    "fields": {
      "action_flag": 3, 
      "action_time": "2010-07-21 18:24:58", 
      "object_repr": "Is Dunga nice?", 
      "object_id": "12", 
      "change_message": "", 
      "user": 17, 
      "content_type": [
        "assistance", 
        "question"
      ]
    }
  }, 
  {
    "pk": 28, 
    "model": "admin.logentry", 
    "fields": {
      "action_flag": 3, 
      "action_time": "2010-07-21 18:24:58", 
      "object_repr": "Aspirima d\u00e1 dor de barriga?", 
      "object_id": "11", 
      "change_message": "", 
      "user": 17, 
      "content_type": [
        "assistance", 
        "question"
      ]
    }
  }, 
  {
    "pk": 29, 
    "model": "admin.logentry", 
    "fields": {
      "action_flag": 3, 
      "action_time": "2010-07-21 18:24:58", 
      "object_repr": "Pellentesque ullamcorper augue at ante rhoncus ultrices?", 
      "object_id": "10", 
      "change_message": "", 
      "user": 17, 
      "content_type": [
        "assistance", 
        "question"
      ]
    }
  }, 
  {
    "pk": 30, 
    "model": "admin.logentry", 
    "fields": {
      "action_flag": 3, 
      "action_time": "2010-07-21 18:24:58", 
      "object_repr": "Donec hendrerit ligula eget arcu congue gravida?", 
      "object_id": "9", 
      "change_message": "", 
      "user": 17, 
      "content_type": [
        "assistance", 
        "question"
      ]
    }
  }, 
  {
    "pk": 31, 
    "model": "admin.logentry", 
    "fields": {
      "action_flag": 3, 
      "action_time": "2010-07-21 18:24:58", 
      "object_repr": "Vestibulum aliquet nisi vel risus pharetra auctor?", 
      "object_id": "8", 
      "change_message": "", 
      "user": 17, 
      "content_type": [
        "assistance", 
        "question"
      ]
    }
  }, 
  {
    "pk": 32, 
    "model": "admin.logentry", 
    "fields": {
      "action_flag": 3, 
      "action_time": "2010-07-21 18:24:58", 
      "object_repr": "Mauris aliquam, mi non hendrerit luctus?", 
      "object_id": "7", 
      "change_message": "", 
      "user": 17, 
      "content_type": [
        "assistance", 
        "question"
      ]
    }
  }, 
  {
    "pk": 33, 
    "model": "admin.logentry", 
    "fields": {
      "action_flag": 3, 
      "action_time": "2010-07-21 18:24:58", 
      "object_repr": "Lorem ipsum dolor sit amet, consectetur adipiscing elit?", 
      "object_id": "6", 
      "change_message": "", 
      "user": 17, 
      "content_type": [
        "assistance", 
        "question"
      ]
    }
  }, 
  {
    "pk": 26, 
    "model": "admin.logentry", 
    "fields": {
      "action_flag": 2, 
      "action_time": "2010-07-21 18:23:59", 
      "object_repr": "What studies need to be registered?", 
      "object_id": "13", 
      "change_message": "Modificado answer.", 
      "user": 17, 
      "content_type": [
        "assistance", 
        "question"
      ]
    }
  }, 
  {
    "pk": 25, 
    "model": "admin.logentry", 
    "fields": {
      "action_flag": 1, 
      "action_time": "2010-07-21 18:20:25", 
      "object_repr": "What studies need to be registered?", 
      "object_id": "13", 
      "change_message": "", 
      "user": 17, 
      "content_type": [
        "assistance", 
        "question"
      ]
    }
  }, 
  {
    "pk": 24, 
    "model": "admin.logentry", 
    "fields": {
      "action_flag": 2, 
      "action_time": "2010-07-21 18:13:37", 
      "object_repr": "Study registration", 
      "object_id": "6", 
      "change_message": "Nenhum campo modificado.", 
      "user": 17, 
      "content_type": [
        "assistance", 
        "category"
      ]
    }
  }, 
  {
    "pk": 23, 
    "model": "admin.logentry", 
    "fields": {
      "action_flag": 1, 
      "action_time": "2010-07-21 18:13:31", 
      "object_repr": "Study registration", 
      "object_id": "6", 
      "change_message": "", 
      "user": 17, 
      "content_type": [
        "assistance", 
        "category"
      ]
    }
  }, 
  {
    "pk": 22, 
    "model": "admin.logentry", 
    "fields": {
      "action_flag": 2, 
      "action_time": "2010-07-20 23:58:56", 
      "object_repr": "Please enter here which is the relation of the contact: a contact for Public Queries, for Scientific Queries or for Site Queries.", 
      "object_id": "59", 
      "change_message": "Modificado text.", 
      "user": 17, 
      "content_type": [
        "assistance", 
        "fieldhelp"
      ]
    }
  }, 
  {
    "pk": 21, 
    "model": "admin.logentry", 
    "fields": {
      "action_flag": 2, 
      "action_time": "2010-07-20 23:55:52", 
      "object_repr": "/about/ -- About", 
      "object_id": "1", 
      "change_message": "Modificado content.", 
      "user": 17, 
      "content_type": [
        "flatpages", 
        "flatpage"
      ]
    }
  }, 
  {
    "pk": 20, 
    "model": "admin.logentry", 
    "fields": {
      "action_flag": 2, 
      "action_time": "2010-07-20 15:32:17", 
      "object_repr": "Ensaio cl\u00ednico randomizado para avaliar a efic\u00e1cia e seguran\u00e7a do uso concomitante de rifampicina e 600 X Efavirenz\u2026", 
      "object_id": "31", 
      "change_message": "Modificado status e fields_status.", 
      "user": 1, 
      "content_type": [
        "reviewapp", 
        "submission"
      ]
    }
  }, 
  {
    "pk": 19, 
    "model": "admin.logentry", 
    "fields": {
      "action_flag": 2, 
      "action_time": "2010-06-22 15:12:03", 
      "object_repr": "Not\u00edcia teste do dia 22", 
      "object_id": "6", 
      "change_message": "Modificado status.", 
      "user": 1, 
      "content_type": [
        "reviewapp", 
        "news"
      ]
    }
  }, 
  {
    "pk": 18, 
    "model": "admin.logentry", 
    "fields": {
      "action_flag": 1, 
      "action_time": "2010-06-22 15:11:29", 
      "object_repr": "Not\u00edcia teste do dia 22", 
      "object_id": "6", 
      "change_message": "", 
      "user": 1, 
      "content_type": [
        "reviewapp", 
        "news"
      ]
    }
  }, 
  {
    "pk": 17, 
    "model": "admin.logentry", 
    "fields": {
      "action_flag": 1, 
      "action_time": "2010-06-22 15:05:46", 
      "object_repr": "Is Dunga nice?", 
      "object_id": "12", 
      "change_message": "", 
      "user": 1, 
      "content_type": [
        "assistance", 
        "question"
      ]
    }
  }, 
  {
    "pk": 16, 
    "model": "admin.logentry", 
    "fields": {
      "action_flag": 2, 
      "action_time": "2010-06-22 15:03:11", 
      "object_repr": "admin_gamarski", 
      "object_id": "20", 
      "change_message": "Modificado is_staff e is_superuser.", 
      "user": 1, 
      "content_type": [
        "auth", 
        "user"
      ]
    }
  }, 
  {
    "pk": 15, 
    "model": "admin.logentry", 
    "fields": {
      "action_flag": 2, 
      "action_time": "2010-06-22 15:03:03", 
      "object_repr": "admin_claudio", 
      "object_id": "21", 
      "change_message": "Modificado is_staff e is_superuser.", 
      "user": 1, 
      "content_type": [
        "auth", 
        "user"
      ]
    }
  }, 
  {
    "pk": 14, 
    "model": "admin.logentry", 
    "fields": {
      "action_flag": 2, 
      "action_time": "2010-06-22 14:44:06", 
      "object_repr": "josue", 
      "object_id": "11", 
      "change_message": "Modificado password e is_active.", 
      "user": 1, 
      "content_type": [
        "auth", 
        "user"
      ]
    }
  }, 
  {
    "pk": 13, 
    "model": "admin.logentry", 
    "fields": {
      "action_flag": 2, 
      "action_time": "2010-06-22 14:28:48", 
      "object_repr": "josue", 
      "object_id": "11", 
      "change_message": "Modificado email.", 
      "user": 17, 
      "content_type": [
        "auth", 
        "user"
      ]
    }
  }, 
  {
    "pk": 12, 
    "model": "admin.logentry", 
    "fields": {
      "action_flag": 2, 
      "action_time": "2010-06-22 14:21:19", 
      "object_repr": "admin_josue", 
      "object_id": "17", 
      "change_message": "Modificado is_staff e is_superuser.", 
      "user": 1, 
      "content_type": [
        "auth", 
        "user"
      ]
    }
  }, 
  {
    "pk": 11, 
    "model": "admin.logentry", 
    "fields": {
      "action_flag": 2, 
      "action_time": "2010-06-22 14:19:04", 
      "object_repr": "Efficacy Study of Pioglitazone Compared to Glimepiride on Coronary Atherosclerotic Disease Progression in Subjects With\u2026", 
      "object_id": "24", 
      "change_message": "Modificado status.", 
      "user": 1, 
      "content_type": [
        "reviewapp", 
        "submission"
      ]
    }
  }, 
  {
    "pk": 10, 
    "model": "admin.logentry", 
    "fields": {
      "action_flag": 2, 
      "action_time": "2010-06-22 13:30:56", 
      "object_repr": "reviewer", 
      "object_id": "3", 
      "change_message": "Modificado user_permissions.", 
      "user": 1, 
      "content_type": [
        "auth", 
        "user"
      ]
    }
  }, 
  {
    "pk": 9, 
    "model": "admin.logentry", 
    "fields": {
      "action_flag": 2, 
      "action_time": "2010-06-18 14:33:32", 
      "object_repr": "admin_margot", 
      "object_id": "6", 
      "change_message": "Modificado is_staff e is_superuser.", 
      "user": 1, 
      "content_type": [
        "auth", 
        "user"
      ]
    }
  }, 
  {
    "pk": 8, 
    "model": "admin.logentry", 
    "fields": {
      "action_flag": 2, 
      "action_time": "2010-06-14 17:45:40", 
      "object_repr": "admin", 
      "object_id": "1", 
      "change_message": "Modificado email.", 
      "user": 1, 
      "content_type": [
        "auth", 
        "user"
      ]
    }
  }, 
  {
    "pk": 7, 
    "model": "admin.logentry", 
    "fields": {
      "action_flag": 2, 
      "action_time": "2010-06-14 14:48:32", 
      "object_repr": "margot", 
      "object_id": "9", 
      "change_message": "Modificado is_staff e is_superuser.", 
      "user": 1, 
      "content_type": [
        "auth", 
        "user"
      ]
    }
  }, 
  {
    "pk": 6, 
    "model": "admin.logentry", 
    "fields": {
      "action_flag": 1, 
      "action_time": "2010-06-14 14:46:55", 
      "object_repr": "Aspirima d\u00e1 dor de barriga?", 
      "object_id": "11", 
      "change_message": "", 
      "user": 1, 
      "content_type": [
        "assistance", 
        "question"
      ]
    }
  }, 
  {
    "pk": 5, 
    "model": "admin.logentry", 
    "fields": {
      "action_flag": 1, 
      "action_time": "2010-06-14 14:46:19", 
      "object_repr": "Medicamentos", 
      "object_id": "4", 
      "change_message": "", 
      "user": 1, 
      "content_type": [
        "assistance", 
        "category"
      ]
    }
  }, 
  {
    "pk": 4, 
    "model": "admin.logentry", 
    "fields": {
      "action_flag": 2, 
      "action_time": "2010-06-14 13:55:51", 
      "object_repr": "Demo do dia 14 de junho", 
      "object_id": "12", 
      "change_message": "Modificado status.", 
      "user": 1, 
      "content_type": [
        "reviewapp", 
        "submission"
      ]
    }
  }, 
  {
    "pk": 3, 
    "model": "admin.logentry", 
    "fields": {
      "action_flag": 2, 
      "action_time": "2010-06-14 13:34:02", 
      "object_repr": "gamarski", 
      "object_id": "5", 
      "change_message": "Modificado is_staff e is_superuser.", 
      "user": 1, 
      "content_type": [
        "auth", 
        "user"
      ]
    }
  }, 
  {
    "pk": 2, 
    "model": "admin.logentry", 
    "fields": {
      "action_flag": 2, 
      "action_time": "2010-06-14 13:33:18", 
      "object_repr": "laguardia", 
      "object_id": "7", 
      "change_message": "Modificado is_staff e is_superuser.", 
      "user": 1, 
      "content_type": [
        "auth", 
        "user"
      ]
    }
  }, 
  {
    "pk": 1, 
    "model": "admin.logentry", 
    "fields": {
      "action_flag": 2, 
      "action_time": "2010-06-14 13:19:01", 
      "object_repr": "laguardia", 
      "object_id": "7", 
      "change_message": "Modificado is_active.", 
      "user": 1, 
      "content_type": [
        "auth", 
        "user"
      ]
    }
  }, 
  {
    "pk": 1, 
    "model": "flatpages_polyglot.flatpagetranslation", 
    "fields": {
      "content": "<p><b>Esta \u00e9 uma vers\u00e3o beta do Registro Brasileiro de Ensaios Cl\u00ednicos (RBEC) e os registros de ensaios cadastrados s\u00e3o fict\u00edcios.</b> O Registro Brasileiro de Ensaios Cl\u00ednicos \u00e9 uma plataforma virtual de acesso livre para registro gratuito de ensaios cl\u00ednicos realizados em seres humanos, em andamento ou finalizados, por pesquisadores brasileiros e estrangeiros.</p>", 
      "title": "Descri\u00e7\u00e3o do site", 
      "content_type": [
        "flatpages", 
        "flatpage"
      ], 
      "language": "pt-BR", 
      "object_id": 2
    }
  }, 
  {
    "pk": 1, 
    "model": "flatpages.flatpage", 
    "fields": {
      "registration_required": false, 
      "title": "About", 
      "url": "/about/", 
      "template_name": "", 
      "sites": [
        4, 
        3, 
        2
      ], 
      "content": "<p>O Registro Brasileiro de Ensaios Cl\u00ednicos (RBEC) \u00e9 uma plataforma virtual de acesso livre para registro gratuito de ensaios cl\u00ednicos realizados em seres humanos, em andamento ou finalizados, por pesquisadores brasileiros e estrangeiros. O RBEC inclui ensaios cl\u00ednicos que avaliam interven\u00e7\u00f5es em sa\u00fade resultantes de uso de medicamentos, procedimentos cir\u00fargicos, terapias comportamentais de reabilita\u00e7\u00e3o e terapias complementares.</p> \r\n\r\n<p>O RBEC proporciona a pacientes, m\u00e9dicos, investigadores, comit\u00eas de \u00e9tica e patrocinadores acesso a informa\u00e7\u00f5es sobre os ensaios cl\u00ednicos em curso e conclu\u00eddos, evitando a duplica\u00e7\u00e3o de esfor\u00e7os e impulsionando o avan\u00e7o do conhecimento e a coopera\u00e7\u00e3o entre grupos de pesquisa.</p> \r\n\r\n<p>Sendo uma das mais valiosas fontes de evid\u00eancia sobre a efic\u00e1cia e a seguran\u00e7a das interven\u00e7\u00f5es em sa\u00fade, o ensaio cl\u00ednico, quando registrado em bases de dados p\u00fablicas, garante a todos os interessados o acesso \u00e0 informa\u00e7\u00e3o sobre os efeitos de um produto ou procedimento sob investiga\u00e7\u00e3o. Nesse sentido, aumenta a transpar\u00eancia na pesquisa, fortalecendo o valor \u00e9tico e cient\u00edfico dos estudos de interven\u00e7\u00e3o e observacionais.</p>\r\n\r\n<p>Um ensaio cl\u00ednico pode reduzir a duplica\u00e7\u00e3o desnecess\u00e1ria de esfor\u00e7os de pesquisa ao informar os profissionais que planejam novos estudos acerca de todos os ensaios existentes; aumentar as taxas de recrutamento de participantes para ensaios cl\u00ednicos (especialmente para doen\u00e7as raras ou condi\u00e7\u00f5es de alto risco), desse modo aumentando as chances de um desfecho bem-sucedido de alguns ensaios cl\u00ednicos; agregar valor aos resultados da pesquisa ao prover uma fonte de informa\u00e7\u00e3o confi\u00e1vel sobre ensaio cl\u00ednico para revis\u00f5es sistem\u00e1ticas, metan\u00e1lises e diretrizes baseados em evid\u00eancias e aprimorar as evid\u00eancias dispon\u00edveis que orientem as pr\u00e1ticas de sa\u00fade. </p>\r\n\r\n<p>Fruto de um esfor\u00e7o conjunto do Minist\u00e9rio da Sa\u00fade, do Instituto de Comunica\u00e7\u00e3o e Informa\u00e7\u00e3o Cient\u00edfica e Tecnol\u00f3gica em Sa\u00fade (Icict/Fiocruz), da Organiza\u00e7\u00e3o Panamericana de Sa\u00fade (Opas) e do Centro Latinoamericano e do Caribe de Informa\u00e7\u00e3o em Ci\u00eancias da Sa\u00fade (Bireme), o RBEC aumenta a efic\u00e1cia dos esfor\u00e7os dos ensaios cl\u00ednicos ao divulgar os estudos que n\u00e3o s\u00e3o publicado em revistas cient\u00edficas, reduzindo o vi\u00e9s da publica\u00e7\u00e3o. Desse modo, o RBEC torna-se uma importante fonte de informa\u00e7\u00e3o para pacientes, profissionais de sa\u00fade, pesquisadores, empresas e centros de pesquisa, propiciando maior intera\u00e7\u00e3o e inser\u00e7\u00e3o internacional. </p>", 
      "enable_comments": false
    }
  }, 
  {
    "pk": 2, 
    "model": "flatpages.flatpage", 
    "fields": {
      "registration_required": false, 
      "title": "Site description", 
      "url": "/site-description/", 
      "template_name": "", 
      "sites": [
        4, 
        3, 
        2
      ], 
      "content": "<p><b>This is a beta version of the Brazilian Clinical Trial Registry (BCTR) and the registers showed here are fictional.</b> The Brazilian Clinical Trial Registry is a open access virtual platform for free registration of ongoing or completed clinical trials performed in human beings by brazilian and foreign researchers.</p>", 
      "enable_comments": false
    }
  }, 
  {
    "pk": 1, 
    "model": "repository.clinicaltrialtranslation", 
    "fields": {
      "scientific_title": "Efeito do \u00e1cido asc\u00f3rbico e extrato de semente de Uva \"Vitis Vinifera L.\" sobre o estresse oxidativo induzido por bomba em cirurgia de revasculariza\u00e7\u00e3o de art\u00e9ria coronariana", 
      "study_design": "", 
      "hc_freetext": "Condi\u00e7\u00e3o 1: cirurgia de revasculariza\u00e7\u00e3o de art\u00e9ria (RM).\r\nCondi\u00e7\u00e3o 2: doen\u00e7a card\u00edaca ateroscler\u00f3tica.\r\nCondi\u00e7\u00e3o 3: cardiomiopatia isqu\u00eamica.", 
      "language": "pt-BR", 
      "public_title": "Compara\u00e7\u00e3o de \u00e1cido asc\u00f3rbico e Extrato de Semente de Uva no estresse oxidativo induzido pela cirurgia card\u00edaca com bomba", 
      "i_freetext": "Interven\u00e7\u00e3o 1: Grupo controle: sem interven\u00e7\u00e3o.\r\nInterven\u00e7\u00e3o 2: Extrato de semente de uva 100 mg/6h.\r\nInterven\u00e7\u00e3o 3: Vit C 25 mg / kg.", 
      "acronym_expansion": "", 
      "object_id": 3, 
      "scientific_acronym": "", 
      "acronym": "", 
      "scientific_acronym_expansion": "", 
      "inclusion_criteria": "Candidatos a cirurgia de revasculariza\u00e7\u00e3o mioc\u00e1rdica eletiva, com bomba pela primeira vez, doen\u00e7a dos tr\u00eas vasos (3VD).", 
      "content_type": [
        "repository", 
        "clinicaltrial"
      ], 
      "exclusion_criteria": "Pacientes de alto risco; aqueles que necessitam de outra cirurgia card\u00edaca al\u00e9m de RM; pacientes de urg\u00eancia; diab\u00e9ticos; tempo de isquemia superior a 120 min"
    }
  }, 
  {
    "pk": 2, 
    "model": "repository.clinicaltrialtranslation", 
    "fields": {
      "scientific_title": "", 
      "study_design": "", 
      "hc_freetext": "", 
      "language": "en", 
      "public_title": "", 
      "i_freetext": "", 
      "acronym_expansion": "", 
      "object_id": 10, 
      "scientific_acronym": "", 
      "acronym": "", 
      "scientific_acronym_expansion": "", 
      "inclusion_criteria": "", 
      "content_type": [
        "repository", 
        "clinicaltrial"
      ], 
      "exclusion_criteria": ""
    }
  }, 
  {
    "pk": 3, 
    "model": "repository.clinicaltrialtranslation", 
    "fields": {
      "scientific_title": "In\u00edcio dos Testes da Vers\u00e3o Beta 1", 
      "study_design": "", 
      "hc_freetext": "", 
      "language": "pt-br", 
      "public_title": "Teste de 12/06/2010", 
      "i_freetext": "", 
      "acronym_expansion": "teste", 
      "object_id": 10, 
      "scientific_acronym": "Teste", 
      "acronym": "Teste", 
      "scientific_acronym_expansion": "Teste", 
      "inclusion_criteria": "", 
      "content_type": [
        "repository", 
        "clinicaltrial"
      ], 
      "exclusion_criteria": ""
    }
  }, 
  {
    "pk": 4, 
    "model": "repository.clinicaltrialtranslation", 
    "fields": {
      "scientific_title": "", 
      "study_design": "", 
      "hc_freetext": "", 
      "language": "es", 
      "public_title": "", 
      "i_freetext": "", 
      "acronym_expansion": "", 
      "object_id": 10, 
      "scientific_acronym": "", 
      "acronym": "", 
      "scientific_acronym_expansion": "", 
      "inclusion_criteria": "", 
      "content_type": [
        "repository", 
        "clinicaltrial"
      ], 
      "exclusion_criteria": ""
    }
  }, 
  {
    "pk": 5, 
    "model": "repository.clinicaltrialtranslation", 
    "fields": {
      "scientific_title": "", 
      "study_design": "", 
      "hc_freetext": "", 
      "language": "en", 
      "public_title": "", 
      "i_freetext": "", 
      "acronym_expansion": "", 
      "object_id": 15, 
      "scientific_acronym": "", 
      "acronym": "", 
      "scientific_acronym_expansion": "", 
      "inclusion_criteria": "", 
      "content_type": [
        "repository", 
        "clinicaltrial"
      ], 
      "exclusion_criteria": ""
    }
  }, 
  {
    "pk": 6, 
    "model": "repository.clinicaltrialtranslation", 
    "fields": {
      "scientific_title": "", 
      "study_design": "", 
      "hc_freetext": "", 
      "language": "pt-br", 
      "public_title": "", 
      "i_freetext": "", 
      "acronym_expansion": "", 
      "object_id": 15, 
      "scientific_acronym": "", 
      "acronym": "", 
      "scientific_acronym_expansion": "", 
      "inclusion_criteria": "", 
      "content_type": [
        "repository", 
        "clinicaltrial"
      ], 
      "exclusion_criteria": ""
    }
  }, 
  {
    "pk": 7, 
    "model": "repository.clinicaltrialtranslation", 
    "fields": {
      "scientific_title": "", 
      "study_design": "", 
      "hc_freetext": "", 
      "language": "es", 
      "public_title": "", 
      "i_freetext": "", 
      "acronym_expansion": "", 
      "object_id": 15, 
      "scientific_acronym": "", 
      "acronym": "", 
      "scientific_acronym_expansion": "", 
      "inclusion_criteria": "", 
      "content_type": [
        "repository", 
        "clinicaltrial"
      ], 
      "exclusion_criteria": ""
    }
  }, 
  {
    "pk": 8, 
    "model": "repository.clinicaltrialtranslation", 
    "fields": {
      "scientific_title": "", 
      "study_design": "", 
      "hc_freetext": "", 
      "language": "en", 
      "public_title": "", 
      "i_freetext": "", 
      "acronym_expansion": "", 
      "object_id": 20, 
      "scientific_acronym": "", 
      "acronym": "", 
      "scientific_acronym_expansion": "", 
      "inclusion_criteria": "", 
      "content_type": [
        "repository", 
        "clinicaltrial"
      ], 
      "exclusion_criteria": ""
    }
  }, 
  {
    "pk": 9, 
    "model": "repository.clinicaltrialtranslation", 
    "fields": {
      "scientific_title": "estudo fase II de lenalidomide monodroga em sujeitos com relapso ou linfoma refrat\u00e1rio de c\u00e9lulas T n\u00e3o-hodgkin", 
      "study_design": "", 
      "hc_freetext": "cefal\u00e9ia", 
      "language": "pt-br", 
      "public_title": "", 
      "i_freetext": "", 
      "acronym_expansion": "", 
      "object_id": 20, 
      "scientific_acronym": "(EXPECT)", 
      "acronym": "", 
      "scientific_acronym_expansion": "", 
      "inclusion_criteria": "", 
      "content_type": [
        "repository", 
        "clinicaltrial"
      ], 
      "exclusion_criteria": ""
    }
  }, 
  {
    "pk": 10, 
    "model": "repository.clinicaltrialtranslation", 
    "fields": {
      "scientific_title": "", 
      "study_design": "", 
      "hc_freetext": "", 
      "language": "es", 
      "public_title": "", 
      "i_freetext": "", 
      "acronym_expansion": "", 
      "object_id": 20, 
      "scientific_acronym": "", 
      "acronym": "", 
      "scientific_acronym_expansion": "", 
      "inclusion_criteria": "", 
      "content_type": [
        "repository", 
        "clinicaltrial"
      ], 
      "exclusion_criteria": ""
    }
  }, 
  {
    "pk": 11, 
    "model": "repository.clinicaltrialtranslation", 
    "fields": {
      "scientific_title": "", 
      "study_design": "", 
      "hc_freetext": "", 
      "language": "es", 
      "public_title": "", 
      "i_freetext": "", 
      "acronym_expansion": "", 
      "object_id": 22, 
      "scientific_acronym": "", 
      "acronym": "", 
      "scientific_acronym_expansion": "", 
      "inclusion_criteria": "", 
      "content_type": [
        "repository", 
        "clinicaltrial"
      ], 
      "exclusion_criteria": ""
    }
  }, 
  {
    "pk": 12, 
    "model": "repository.clinicaltrialtranslation", 
    "fields": {
      "scientific_title": "", 
      "study_design": "", 
      "hc_freetext": "A popula\u00e7\u00e3o-alvo compreende pacientes adultos com melanoma irressec\u00e1vel ou metast\u00e1tico com muta\u00e7\u00e3o no c-Kit que n\u00e3o receberam terapia anterior com TKIs.", 
      "language": "pt-br", 
      "public_title": "", 
      "i_freetext": "", 
      "acronym_expansion": "", 
      "object_id": 22, 
      "scientific_acronym": "", 
      "acronym": "", 
      "scientific_acronym_expansion": "", 
      "inclusion_criteria": "", 
      "content_type": [
        "repository", 
        "clinicaltrial"
      ], 
      "exclusion_criteria": ""
    }
  }, 
  {
    "pk": 13, 
    "model": "repository.clinicaltrialtranslation", 
    "fields": {
      "scientific_title": "", 
      "study_design": "", 
      "hc_freetext": "", 
      "language": "es", 
      "public_title": "", 
      "i_freetext": "", 
      "acronym_expansion": "", 
      "object_id": 23, 
      "scientific_acronym": "", 
      "acronym": "", 
      "scientific_acronym_expansion": "", 
      "inclusion_criteria": "", 
      "content_type": [
        "repository", 
        "clinicaltrial"
      ], 
      "exclusion_criteria": ""
    }
  }, 
  {
    "pk": 14, 
    "model": "repository.clinicaltrialtranslation", 
    "fields": {
      "scientific_title": "t\u00edtulo em portugu\u00eas", 
      "study_design": "ensaio cl\u00ednico controlado randomizado", 
      "hc_freetext": "", 
      "language": "pt-br", 
      "public_title": "", 
      "i_freetext": "medicamento bevacizumabe 50mg comprimidos orais", 
      "acronym_expansion": "", 
      "object_id": 23, 
      "scientific_acronym": "TEP", 
      "acronym": "", 
      "scientific_acronym_expansion": "T\u00edtulo Em Portug\u00eas", 
      "inclusion_criteria": "", 
      "content_type": [
        "repository", 
        "clinicaltrial"
      ], 
      "exclusion_criteria": ""
    }
  }, 
  {
    "pk": 70, 
    "model": "repository.clinicaltrialtranslation", 
    "fields": {
      "scientific_title": "novo teste", 
      "study_design": "", 
      "hc_freetext": "", 
      "language": "pt-BR", 
      "public_title": "", 
      "i_freetext": "", 
      "acronym_expansion": "", 
      "object_id": 34, 
      "scientific_acronym": "", 
      "acronym": "", 
      "scientific_acronym_expansion": "", 
      "inclusion_criteria": "", 
      "content_type": [
        "repository", 
        "clinicaltrial"
      ], 
      "exclusion_criteria": ""
    }
  }, 
  {
    "pk": 71, 
    "model": "repository.clinicaltrialtranslation", 
    "fields": {
      "scientific_title": "outro teste", 
      "study_design": "", 
      "hc_freetext": "", 
      "language": "pt-BR", 
      "public_title": "", 
      "i_freetext": "", 
      "acronym_expansion": "", 
      "object_id": 35, 
      "scientific_acronym": "", 
      "acronym": "", 
      "scientific_acronym_expansion": "", 
      "inclusion_criteria": "", 
      "content_type": [
        "repository", 
        "clinicaltrial"
      ], 
      "exclusion_criteria": ""
    }
  }, 
  {
    "pk": 72, 
    "model": "repository.clinicaltrialtranslation", 
    "fields": {
      "scientific_title": "projeto teste", 
      "study_design": "", 
      "hc_freetext": "", 
      "language": "pt-BR", 
      "public_title": "", 
      "i_freetext": "", 
      "acronym_expansion": "", 
      "object_id": 36, 
      "scientific_acronym": "", 
      "acronym": "", 
      "scientific_acronym_expansion": "", 
      "inclusion_criteria": "", 
      "content_type": [
        "repository", 
        "clinicaltrial"
      ], 
      "exclusion_criteria": ""
    }
  }, 
  {
    "pk": 73, 
    "model": "repository.clinicaltrialtranslation", 
    "fields": {
      "scientific_title": "", 
      "study_design": "", 
      "hc_freetext": "", 
      "language": "es", 
      "public_title": "", 
      "i_freetext": "", 
      "acronym_expansion": "", 
      "object_id": 36, 
      "scientific_acronym": "", 
      "acronym": "", 
      "scientific_acronym_expansion": "", 
      "inclusion_criteria": "", 
      "content_type": [
        "repository", 
        "clinicaltrial"
      ], 
      "exclusion_criteria": ""
    }
  }, 
  {
    "pk": 74, 
    "model": "repository.clinicaltrialtranslation", 
    "fields": {
      "scientific_title": "\"Compara\u00e7\u00e3o da droga antimicrobiana XPTZ com a droga antimicrobiana CACAU no tratamento da osteomielite cr\u00f4nica\".", 
      "study_design": "", 
      "hc_freetext": "osteomielite cr\u00f4nica", 
      "language": "pt-BR", 
      "public_title": "\"Compara\u00e7\u00e3o da droga antimicrobiana XPTZ com a droga antimicrobiana CACAU no tratamento da osteomielite cr\u00f4nica\".", 
      "i_freetext": "Droga: XPTZ\r\nDroga: cacau", 
      "acronym_expansion": "infec\u00e7\u00e3o cr\u00f4nica, osso e antibi\u00f3ticos", 
      "object_id": 37, 
      "scientific_acronym": "osteomielite cr\u00f4nica e antimicrobianos", 
      "acronym": "infec\u00e7\u00e3o cr\u00f4nica e antibi\u00f3ticos", 
      "scientific_acronym_expansion": "infec\u00e7\u00e3o e osso", 
      "inclusion_criteria": "Ter diagn\u00f3stico de osteomielite ccr\u00f4nica;\r\n", 
      "content_type": [
        "repository", 
        "clinicaltrial"
      ], 
      "exclusion_criteria": ""
    }
  }, 
  {
    "pk": 75, 
    "model": "repository.clinicaltrialtranslation", 
    "fields": {
      "scientific_title": "", 
      "study_design": "", 
      "hc_freetext": "", 
      "language": "es", 
      "public_title": "", 
      "i_freetext": "", 
      "acronym_expansion": "", 
      "object_id": 37, 
      "scientific_acronym": "", 
      "acronym": "", 
      "scientific_acronym_expansion": "", 
      "inclusion_criteria": "", 
      "content_type": [
        "repository", 
        "clinicaltrial"
      ], 
      "exclusion_criteria": ""
    }
  }, 
  {
    "pk": 76, 
    "model": "repository.clinicaltrialtranslation", 
    "fields": {
      "scientific_title": "T\u00edtulo cient\u00edfico", 
      "study_design": "", 
      "hc_freetext": "", 
      "language": "pt-BR", 
      "public_title": "T\u00edtulo p\u00fablico", 
      "i_freetext": "", 
      "acronym_expansion": "Expans\u00e3o do acr\u00f4nimo", 
      "object_id": 38, 
      "scientific_acronym": "Acr\u00f4nimo cient\u00edfico", 
      "acronym": "Acr\u00f4nimo p\u00fablico", 
      "scientific_acronym_expansion": "Expans\u00e3o do acr\u00f4nimo cient\u00edfico", 
      "inclusion_criteria": "", 
      "content_type": [
        "repository", 
        "clinicaltrial"
      ], 
      "exclusion_criteria": ""
    }
  }, 
  {
    "pk": 77, 
    "model": "repository.clinicaltrialtranslation", 
    "fields": {
      "scientific_title": "", 
      "study_design": "", 
      "hc_freetext": "", 
      "language": "es", 
      "public_title": "", 
      "i_freetext": "", 
      "acronym_expansion": "", 
      "object_id": 38, 
      "scientific_acronym": "", 
      "acronym": "", 
      "scientific_acronym_expansion": "", 
      "inclusion_criteria": "", 
      "content_type": [
        "repository", 
        "clinicaltrial"
      ], 
      "exclusion_criteria": ""
    }
  }, 
  {
    "pk": 78, 
    "model": "repository.clinicaltrialtranslation", 
    "fields": {
      "scientific_title": "Ensayo de prueba nnnnnnnnnnnnnnnnnnnnnnnnnnnnnnnnnnnnnnnnnnnnnnnnnnnnnnnnnnnnnnnnnnnnnnnnnnnnnnnnnnnnnnnnnnnnnnnnnnnnnnnnnnnnnnnnnnnnnnnnnnn", 
      "study_design": "", 
      "hc_freetext": "", 
      "language": "es", 
      "public_title": "Ensayo de prueba", 
      "i_freetext": "", 
      "acronym_expansion": "prueba", 
      "object_id": 39, 
      "scientific_acronym": "prueba", 
      "acronym": "ensayo de prueba", 
      "scientific_acronym_expansion": "prueba", 
      "inclusion_criteria": "", 
      "content_type": [
        "repository", 
        "clinicaltrial"
      ], 
      "exclusion_criteria": ""
    }
  }, 
  {
    "pk": 79, 
    "model": "repository.clinicaltrialtranslation", 
    "fields": {
      "scientific_title": "", 
      "study_design": "", 
      "hc_freetext": "", 
      "language": "pt-br", 
      "public_title": "", 
      "i_freetext": "", 
      "acronym_expansion": "", 
      "object_id": 39, 
      "scientific_acronym": "", 
      "acronym": "", 
      "scientific_acronym_expansion": "", 
      "inclusion_criteria": "", 
      "content_type": [
        "repository", 
        "clinicaltrial"
      ], 
      "exclusion_criteria": ""
    }
  }, 
  {
    "pk": 17, 
    "model": "repository.clinicaltrialtranslation", 
    "fields": {
      "scientific_title": "Evaluaci\u00f3n del Benznidazol para interrupci\u00f3n de la tripanosomiasis - ensayo BENEFIT", 
      "study_design": "Estudio de seguridad y efic\u00e1cia duplo-ciego, randomizado, controlado para placebo con brazo \u00fanico para tratamiento de Enfermedad de Chagas", 
      "hc_freetext": "Enfermedad de Chagas\r\nTripanosomiasis\r\nEnfermedad card\u00edaca", 
      "language": "es", 
      "public_title": "Ensayo BENEFIT: evaluaci\u00f3n del uso de la droga Benznidazol en el para interrupci\u00f3n de la tripanosomiasis - ensayo BENEFIT", 
      "i_freetext": "Grupo 1: 750 pacientes tomar\u00e1n 5 mg/kg por dia durante 60 dias, con una dosis m\u00e1xima de 300 mg/dia. Hay una relaci\u00f3n entre el numero de dias de tratamiento y el peso corporal. Un paciente de 60 kg tomar\u00e1 300 mg/dia por 60 dias, un paciente com 80 kg tomar\u00e1 300 mg/dia durante 80 dias y un paciente de 40 kg tomar\u00e1 300 mg/dia durante 40 dias.\r\nGrupo 2: placebo", 
      "acronym_expansion": "", 
      "object_id": 26, 
      "scientific_acronym": "BENEFIT", 
      "acronym": "", 
      "scientific_acronym_expansion": "Evaluaci\u00f3n del Benznidazole para interrupci\u00f3n de la tripanosomiasis", 
      "inclusion_criteria": "Pacientes con edad entre 18 y 75 a\u00f1os con evid\u00eancia sorol\u00f3gica de infecci\u00f3n por Chagas (cualquier combinaci\u00f3n de 2 testes positivos) y que tenga una o m\u00e1s de las siguintes condiciones:\r\nEletrocardiograma anormal con por lo menos dos componentes (bloqueo completo de ramo derecho, bloqueo divisional \u00e2ntero-superior isquierdo, alteraci\u00f3n de la repolarizaci\u00f3n inferolateral y sobrecarga ventricular isquierda, bradicardia sinusal y fibrilaci\u00f3n atrial);\r\nECG anormal (Mobitz tipo II, bloqueo AV avanzado o de tercer grado)", 
      "content_type": [
        "repository", 
        "clinicaltrial"
      ], 
      "exclusion_criteria": "Insufici\u00eancia card\u00edaca n\u00e3o-compensada ou insuficiencia card\u00edaca classe IV (NYHA)\r\nEvid\u00eancia de enfermedad cardio-coronariana concomitante o otra etiologia de miocardiopatia\r\nTratamiento pr\u00e9vio con agentes antitripanosomiales o indicaci\u00f3n acepta para terapia antiparasit\u00e1ria\tHist\u00f3ria de alcoolismo grave en los \u00faltimos dos a\u00f1os\r\nInsuficiencia renal o hep\u00e1tica cr\u00f4nica\r\nEmbarazo o amamentaci\u00f3n\r\n"
    }
  }, 
  {
    "pk": 18, 
    "model": "repository.clinicaltrialtranslation", 
    "fields": {
      "scientific_title": "Avalia\u00e7\u00e3o do Benznidazol para interrup\u00e7\u00e3o da tripanosom\u00edase \u2013 ensaio BENEFIT", 
      "study_design": "Estudo de seguran\u00e7a e efic\u00e1cia duplo-cego, randomizado, controlado para placebo com bra\u00e7o \u00fanico para tratamento da Doen\u00e7a de Chagas", 
      "hc_freetext": "Doen\u00e7a de Chagas\r\nTripanosom\u00edase\r\nDoen\u00e7a card\u00edaca", 
      "language": "pt-br", 
      "public_title": "Ensaio BENEFIT: avalia\u00e7\u00e3o do use de droga antiparasit\u00e1ria (Benznidazol no tratamento da forma cr\u00f4nica da Doen\u00e7a de Chagas", 
      "i_freetext": "Grupo 1: 750 pacientes receber\u00e3o 5 mg/kg por dia durante 60 dias, com uma dose m\u00e1xima de 300 mg/dia. Haver\u00e1 uam rela\u00e7\u00e3o entre o numero de dias de tratamento e o peso corporal. Ou seja, um paciente de 60 kg tomar\u00e1 300 mg/dia por 60 dias, um paciente com 80 kg tomar\u00e1 300 mg/dia durante 80 dias e um paciente de 40 kg tomar\u00e1 300 mg/dia durante 40 days.\r\nGrupo 2: placebo", 
      "acronym_expansion": "", 
      "object_id": 26, 
      "scientific_acronym": "BENEFIT", 
      "acronym": "", 
      "scientific_acronym_expansion": "", 
      "inclusion_criteria": "Pacientes com idade entre 18 e 75 anos com evid\u00eancia sorol\u00f3gica de infec\u00e7\u00e3o por Chagas (qualquer combina\u00e7\u00e3o de 2 testes positivos) e que tenha uma ou mais das seguintes condi\u00e7\u00f5es:\r\nEletrocardiograma anormal com no m\u00ednimo dois componentes (bloqueio completo do ramo direito, bloqueio divisional \u00e2ntero-superior esquerdo, altera\u00e7\u00e3o da repolariza\u00e7\u00e3o inferolateral e sobrecarga ventricular esquerda, bradicardia sinusal e fibrila\u00e7\u00e3o atrial);\r\nECG anormal (Mobitz tipo II, bloqueio AV avan\u00e7ado ou de terceiro grau)", 
      "content_type": [
        "repository", 
        "clinicaltrial"
      ], 
      "exclusion_criteria": "Insufici\u00eancia card\u00edaca n\u00e3o-compensada ou insuficiencia card\u00edaca classe IV (NYHA)\r\nEvid\u00eancia de doen\u00e7a cardio-coronariana concomitante ou outra etiologia de miocardiopatia\r\nTratamento pr\u00e9vio com agentes antitripanosomiais ou indica\u00e7\u00e3o aceita para terapia antiparasit\u00e1ria\tHist\u00f3ria de alcoolismo grave nos \u00faltimos dois anos\r\nInsuficiencia renal ou hep\u00e1tica cr\u00f4nica\r\nGravidez ou em amamenta\u00e7\u00e3o\r\n"
    }
  }, 
  {
    "pk": 19, 
    "model": "repository.clinicaltrialtranslation", 
    "fields": {
      "scientific_title": "", 
      "study_design": "", 
      "hc_freetext": "", 
      "language": "es", 
      "public_title": "", 
      "i_freetext": "", 
      "acronym_expansion": "", 
      "object_id": 25, 
      "scientific_acronym": "", 
      "acronym": "", 
      "scientific_acronym_expansion": "", 
      "inclusion_criteria": "", 
      "content_type": [
        "repository", 
        "clinicaltrial"
      ], 
      "exclusion_criteria": ""
    }
  }, 
  {
    "pk": 20, 
    "model": "repository.clinicaltrialtranslation", 
    "fields": {
      "scientific_title": "titulo cientifico teste", 
      "study_design": "", 
      "hc_freetext": "", 
      "language": "pt-br", 
      "public_title": "", 
      "i_freetext": "", 
      "acronym_expansion": "", 
      "object_id": 25, 
      "scientific_acronym": "", 
      "acronym": "", 
      "scientific_acronym_expansion": "", 
      "inclusion_criteria": "", 
      "content_type": [
        "repository", 
        "clinicaltrial"
      ], 
      "exclusion_criteria": ""
    }
  }, 
  {
    "pk": 21, 
    "model": "repository.clinicaltrialtranslation", 
    "fields": {
      "scientific_title": "", 
      "study_design": "", 
      "hc_freetext": "", 
      "language": "es", 
      "public_title": "", 
      "i_freetext": "", 
      "acronym_expansion": "", 
      "object_id": 28, 
      "scientific_acronym": "", 
      "acronym": "", 
      "scientific_acronym_expansion": "", 
      "inclusion_criteria": "", 
      "content_type": [
        "repository", 
        "clinicaltrial"
      ], 
      "exclusion_criteria": ""
    }
  }, 
  {
    "pk": 22, 
    "model": "repository.clinicaltrialtranslation", 
    "fields": {
      "scientific_title": "Efic\u00e1cia da luz ultravioleta B de banda estreita versus tratamento focal com 308-nm na indu\u00e7\u00e3o da repigmenta\u00e7\u00e3o do vitiligo ap\u00f3s minitransplante no dorso das m\u00e3os", 
      "study_design": "Estudo randomizado, unicego, controle ativo para avliar a seguran\u00e7a e efic\u00e1cia no tratamento do vitiligo ", 
      "hc_freetext": "Vitiligo", 
      "language": "pt-br", 
      "public_title": "Efic\u00e1cia da UVBBE de m\u00e3o versus excilite no tratamento do vitiligo ap\u00f3s minitransplante no dorso das m\u00e3os", 
      "i_freetext": "Equipamento: Daavlin Spectra M\u00e3o/P\u00e9 box manual de luz ultravioleta B de banda estreita\r\nEquipamento: luz focal 308-nm exclilite\r\nComparador ativo\r\nM\u00e3o direita tratada com luz UVB de banda estreita e m\u00e3o esquerda tratada com luz focal de 308-nm\r\nInterven\u00e7\u00e3o: equipamento Daavlin Spectra UVB caixa m\u00e3o/p\u00e9\r\nComparador ativo\r\nM\u00e3o direita tratada com luz focal de 308-nm  e m\u00e3o esquerda tratada com luz UVB de banda estreita\r\nInterven\u00e7\u00e3o: equipamento Excilite focal 308-nm", 
      "acronym_expansion": "", 
      "object_id": 28, 
      "scientific_acronym": "", 
      "acronym": "", 
      "scientific_acronym_expansion": "", 
      "inclusion_criteria": "* pele tipo III-VI\r\n* vitiligo em ambos dorsos da m\u00e3o\r\n* hist\u00f3ria de vitiligo est\u00e1vel (nenhuma lesao nova e n\u00e3o mais do que 10% de aumento das les\u00f5es existentes) para seis meses com aus\u00eancia de fen\u00f4meno de Kebner (novas les\u00f5es aparecendo ap\u00f3s trauma da pele)\r\n* refrat\u00e1rio a ester\u00f3ides t\u00f3picos e imunomoduladores", 
      "content_type": [
        "repository", 
        "clinicaltrial"
      ], 
      "exclusion_criteria": "* gravidez e/ou amamaenta\u00e7\u00e3o\r\n* hist\u00f3ria de cancer de pele\r\n* hist\u00f3ria detomada de medica\u00e7\u00e3o fotossensibilizadora\r\n* hist\u00f3ria de fototerapia recente ou medica\u00e7\u00e3o t\u00f3pica no prazo de um m\u00eas pr\u00e9vio ao recrutamento\r\n* hist\u00f3ria de transplante de \u00f3rg\u00e3o"
    }
  }, 
  {
    "pk": 23, 
    "model": "repository.clinicaltrialtranslation", 
    "fields": {
      "scientific_title": "", 
      "study_design": "", 
      "hc_freetext": "", 
      "language": "es", 
      "public_title": "", 
      "i_freetext": "", 
      "acronym_expansion": "", 
      "object_id": 29, 
      "scientific_acronym": "", 
      "acronym": "", 
      "scientific_acronym_expansion": "", 
      "inclusion_criteria": "", 
      "content_type": [
        "repository", 
        "clinicaltrial"
      ], 
      "exclusion_criteria": ""
    }
  }, 
  {
    "pk": 24, 
    "model": "repository.clinicaltrialtranslation", 
    "fields": {
      "scientific_title": "Terapia Antioxidante", 
      "study_design": "", 
      "hc_freetext": "teste", 
      "language": "pt-br", 
      "public_title": "titulo publico", 
      "i_freetext": "", 
      "acronym_expansion": "teste", 
      "object_id": 29, 
      "scientific_acronym": "acronimo", 
      "acronym": "acronimo publico", 
      "scientific_acronym_expansion": "acronimo expandido", 
      "inclusion_criteria": "", 
      "content_type": [
        "repository", 
        "clinicaltrial"
      ], 
      "exclusion_criteria": ""
    }
  }, 
  {
    "pk": 25, 
    "model": "repository.clinicaltrialtranslation", 
    "fields": {
      "scientific_title": "", 
      "study_design": "", 
      "hc_freetext": "", 
      "language": "es", 
      "public_title": "", 
      "i_freetext": "", 
      "acronym_expansion": "", 
      "object_id": 27, 
      "scientific_acronym": "", 
      "acronym": "", 
      "scientific_acronym_expansion": "", 
      "inclusion_criteria": "", 
      "content_type": [
        "repository", 
        "clinicaltrial"
      ], 
      "exclusion_criteria": ""
    }
  }, 
  {
    "pk": 26, 
    "model": "repository.clinicaltrialtranslation", 
    "fields": {
      "scientific_title": "T\u00edtulo cient\u00edfico", 
      "study_design": "", 
      "hc_freetext": "", 
      "language": "pt-br", 
      "public_title": "", 
      "i_freetext": "", 
      "acronym_expansion": "", 
      "object_id": 27, 
      "scientific_acronym": "", 
      "acronym": "", 
      "scientific_acronym_expansion": "", 
      "inclusion_criteria": "", 
      "content_type": [
        "repository", 
        "clinicaltrial"
      ], 
      "exclusion_criteria": ""
    }
  }, 
  {
    "pk": 27, 
    "model": "repository.clinicaltrialtranslation", 
    "fields": {
      "scientific_title": "", 
      "study_design": "", 
      "hc_freetext": "", 
      "language": "es", 
      "public_title": "", 
      "i_freetext": "", 
      "acronym_expansion": "", 
      "object_id": 9, 
      "scientific_acronym": "", 
      "acronym": "", 
      "scientific_acronym_expansion": "", 
      "inclusion_criteria": "", 
      "content_type": [
        "repository", 
        "clinicaltrial"
      ], 
      "exclusion_criteria": ""
    }
  }, 
  {
    "pk": 28, 
    "model": "repository.clinicaltrialtranslation", 
    "fields": {
      "scientific_title": "", 
      "study_design": "", 
      "hc_freetext": "", 
      "language": "pt-br", 
      "public_title": "", 
      "i_freetext": "", 
      "acronym_expansion": "", 
      "object_id": 9, 
      "scientific_acronym": "", 
      "acronym": "", 
      "scientific_acronym_expansion": "", 
      "inclusion_criteria": "", 
      "content_type": [
        "repository", 
        "clinicaltrial"
      ], 
      "exclusion_criteria": ""
    }
  }, 
  {
    "pk": 29, 
    "model": "repository.clinicaltrialtranslation", 
    "fields": {
      "scientific_title": "", 
      "study_design": "", 
      "hc_freetext": "", 
      "language": "es", 
      "public_title": "", 
      "i_freetext": "", 
      "acronym_expansion": "", 
      "object_id": 8, 
      "scientific_acronym": "", 
      "acronym": "", 
      "scientific_acronym_expansion": "", 
      "inclusion_criteria": "", 
      "content_type": [
        "repository", 
        "clinicaltrial"
      ], 
      "exclusion_criteria": ""
    }
  }, 
  {
    "pk": 30, 
    "model": "repository.clinicaltrialtranslation", 
    "fields": {
      "scientific_title": "", 
      "study_design": "", 
      "hc_freetext": "", 
      "language": "pt-br", 
      "public_title": "", 
      "i_freetext": "", 
      "acronym_expansion": "", 
      "object_id": 8, 
      "scientific_acronym": "", 
      "acronym": "", 
      "scientific_acronym_expansion": "", 
      "inclusion_criteria": "", 
      "content_type": [
        "repository", 
        "clinicaltrial"
      ], 
      "exclusion_criteria": ""
    }
  }, 
  {
    "pk": 31, 
    "model": "repository.clinicaltrialtranslation", 
    "fields": {
      "scientific_title": "", 
      "study_design": "", 
      "hc_freetext": "", 
      "language": "es", 
      "public_title": "", 
      "i_freetext": "", 
      "acronym_expansion": "", 
      "object_id": 7, 
      "scientific_acronym": "", 
      "acronym": "", 
      "scientific_acronym_expansion": "", 
      "inclusion_criteria": "", 
      "content_type": [
        "repository", 
        "clinicaltrial"
      ], 
      "exclusion_criteria": ""
    }
  }, 
  {
    "pk": 32, 
    "model": "repository.clinicaltrialtranslation", 
    "fields": {
      "scientific_title": "adadasa", 
      "study_design": "", 
      "hc_freetext": "", 
      "language": "pt-br", 
      "public_title": "asdasd", 
      "i_freetext": "", 
      "acronym_expansion": "adfsfs", 
      "object_id": 7, 
      "scientific_acronym": "asdsa", 
      "acronym": "sadfsa", 
      "scientific_acronym_expansion": "asdas", 
      "inclusion_criteria": "", 
      "content_type": [
        "repository", 
        "clinicaltrial"
      ], 
      "exclusion_criteria": ""
    }
  }, 
  {
    "pk": 33, 
    "model": "repository.clinicaltrialtranslation", 
    "fields": {
      "scientific_title": "", 
      "study_design": "", 
      "hc_freetext": "", 
      "language": "es", 
      "public_title": "", 
      "i_freetext": "", 
      "acronym_expansion": "", 
      "object_id": 6, 
      "scientific_acronym": "", 
      "acronym": "", 
      "scientific_acronym_expansion": "", 
      "inclusion_criteria": "", 
      "content_type": [
        "repository", 
        "clinicaltrial"
      ], 
      "exclusion_criteria": ""
    }
  }, 
  {
    "pk": 34, 
    "model": "repository.clinicaltrialtranslation", 
    "fields": {
      "scientific_title": "", 
      "study_design": "", 
      "hc_freetext": "", 
      "language": "pt-br", 
      "public_title": "", 
      "i_freetext": "", 
      "acronym_expansion": "", 
      "object_id": 6, 
      "scientific_acronym": "", 
      "acronym": "", 
      "scientific_acronym_expansion": "", 
      "inclusion_criteria": "", 
      "content_type": [
        "repository", 
        "clinicaltrial"
      ], 
      "exclusion_criteria": ""
    }
  }, 
  {
    "pk": 35, 
    "model": "repository.clinicaltrialtranslation", 
    "fields": {
      "scientific_title": "", 
      "study_design": "", 
      "hc_freetext": "", 
      "language": "es", 
      "public_title": "", 
      "i_freetext": "", 
      "acronym_expansion": "", 
      "object_id": 4, 
      "scientific_acronym": "", 
      "acronym": "", 
      "scientific_acronym_expansion": "", 
      "inclusion_criteria": "", 
      "content_type": [
        "repository", 
        "clinicaltrial"
      ], 
      "exclusion_criteria": ""
    }
  }, 
  {
    "pk": 36, 
    "model": "repository.clinicaltrialtranslation", 
    "fields": {
      "scientific_title": "", 
      "study_design": "", 
      "hc_freetext": "", 
      "language": "pt-br", 
      "public_title": "", 
      "i_freetext": "", 
      "acronym_expansion": "", 
      "object_id": 4, 
      "scientific_acronym": "", 
      "acronym": "", 
      "scientific_acronym_expansion": "", 
      "inclusion_criteria": "", 
      "content_type": [
        "repository", 
        "clinicaltrial"
      ], 
      "exclusion_criteria": ""
    }
  }, 
  {
    "pk": 37, 
    "model": "repository.clinicaltrialtranslation", 
    "fields": {
      "scientific_title": "", 
      "study_design": "", 
      "hc_freetext": "", 
      "language": "es", 
      "public_title": "", 
      "i_freetext": "", 
      "acronym_expansion": "", 
      "object_id": 3, 
      "scientific_acronym": "", 
      "acronym": "", 
      "scientific_acronym_expansion": "", 
      "inclusion_criteria": "", 
      "content_type": [
        "repository", 
        "clinicaltrial"
      ], 
      "exclusion_criteria": ""
    }
  }, 
  {
    "pk": 38, 
    "model": "repository.clinicaltrialtranslation", 
    "fields": {
      "scientific_title": "", 
      "study_design": "", 
      "hc_freetext": "", 
      "language": "es", 
      "public_title": "", 
      "i_freetext": "", 
      "acronym_expansion": "", 
      "object_id": 2, 
      "scientific_acronym": "", 
      "acronym": "", 
      "scientific_acronym_expansion": "", 
      "inclusion_criteria": "", 
      "content_type": [
        "repository", 
        "clinicaltrial"
      ], 
      "exclusion_criteria": ""
    }
  }, 
  {
    "pk": 39, 
    "model": "repository.clinicaltrialtranslation", 
    "fields": {
      "scientific_title": "", 
      "study_design": "", 
      "hc_freetext": "", 
      "language": "pt-br", 
      "public_title": "", 
      "i_freetext": "", 
      "acronym_expansion": "", 
      "object_id": 2, 
      "scientific_acronym": "", 
      "acronym": "", 
      "scientific_acronym_expansion": "", 
      "inclusion_criteria": "", 
      "content_type": [
        "repository", 
        "clinicaltrial"
      ], 
      "exclusion_criteria": ""
    }
  }, 
  {
    "pk": 40, 
    "model": "repository.clinicaltrialtranslation", 
    "fields": {
      "scientific_title": "", 
      "study_design": "", 
      "hc_freetext": "", 
      "language": "es", 
      "public_title": "", 
      "i_freetext": "", 
      "acronym_expansion": "", 
      "object_id": 1, 
      "scientific_acronym": "", 
      "acronym": "", 
      "scientific_acronym_expansion": "", 
      "inclusion_criteria": "", 
      "content_type": [
        "repository", 
        "clinicaltrial"
      ], 
      "exclusion_criteria": ""
    }
  }, 
  {
    "pk": 41, 
    "model": "repository.clinicaltrialtranslation", 
    "fields": {
      "scientific_title": "", 
      "study_design": "", 
      "hc_freetext": "", 
      "language": "pt-br", 
      "public_title": "", 
      "i_freetext": "", 
      "acronym_expansion": "", 
      "object_id": 1, 
      "scientific_acronym": "", 
      "acronym": "", 
      "scientific_acronym_expansion": "", 
      "inclusion_criteria": "", 
      "content_type": [
        "repository", 
        "clinicaltrial"
      ], 
      "exclusion_criteria": ""
    }
  }, 
  {
    "pk": 42, 
    "model": "repository.clinicaltrialtranslation", 
    "fields": {
      "scientific_title": "titulo10", 
      "study_design": "", 
      "hc_freetext": "mialgia", 
      "language": "pt-BR", 
      "public_title": "", 
      "i_freetext": "Medicamento A", 
      "acronym_expansion": "", 
      "object_id": 30, 
      "scientific_acronym": "", 
      "acronym": "", 
      "scientific_acronym_expansion": "", 
      "inclusion_criteria": "", 
      "content_type": [
        "repository", 
        "clinicaltrial"
      ], 
      "exclusion_criteria": ""
    }
  }, 
  {
    "pk": 43, 
    "model": "repository.clinicaltrialtranslation", 
    "fields": {
      "scientific_title": "", 
      "study_design": "", 
      "hc_freetext": "", 
      "language": "es", 
      "public_title": "", 
      "i_freetext": "", 
      "acronym_expansion": "", 
      "object_id": 30, 
      "scientific_acronym": "", 
      "acronym": "", 
      "scientific_acronym_expansion": "", 
      "inclusion_criteria": "", 
      "content_type": [
        "repository", 
        "clinicaltrial"
      ], 
      "exclusion_criteria": ""
    }
  }, 
  {
    "pk": 44, 
    "model": "repository.clinicaltrialtranslation", 
    "fields": {
      "scientific_title": "Efic\u00e1cia anti-retroviral, toler\u00e2ncia e outras intera\u00e7\u00f5es farmacol\u00f3gicas dos inibidores n\u00e3o nucleos\u00eddeos an\u00e1logos do efavirenz em associa\u00e7\u00e3o com a rifampicina no tratamento da tuberculose e AIDS", 
      "study_design": "", 
      "hc_freetext": "Tuberculose\r\nInfecc\u00e7\u00f5es por HIV", 
      "language": "pt-BR", 
      "public_title": "Ensaio cl\u00ednico randomizado para avaliar a efic\u00e1cia e seguran\u00e7a do uso concomitante de rifampicina e 600 X Efavirenz 800mg (EFV-IPEC)", 
      "i_freetext": "efavirenz", 
      "acronym_expansion": "", 
      "object_id": 31, 
      "scientific_acronym": "", 
      "acronym": "", 
      "scientific_acronym_expansion": "", 
      "inclusion_criteria": "* Adultos com diagn\u00f3stico de tuberculose, HIV positivo.\r\n\r\n* Concord\u00e2ncia para evitar as drogas n\u00e3o permitidas durante o ensaio, concord\u00e2ncia para participar do estudo (consentimento informado)", 
      "content_type": [
        "repository", 
        "clinicaltrial"
      ], 
      "exclusion_criteria": "* Doen\u00e7a hep\u00e1tica ativa\r\n* Gestante ou amamentando\r\n* Contagem CD4 > 350"
    }
  }, 
  {
    "pk": 45, 
    "model": "repository.clinicaltrialtranslation", 
    "fields": {
      "scientific_title": "", 
      "study_design": "", 
      "hc_freetext": "", 
      "language": "es", 
      "public_title": "", 
      "i_freetext": "", 
      "acronym_expansion": "", 
      "object_id": 31, 
      "scientific_acronym": "", 
      "acronym": "", 
      "scientific_acronym_expansion": "", 
      "inclusion_criteria": "", 
      "content_type": [
        "repository", 
        "clinicaltrial"
      ], 
      "exclusion_criteria": ""
    }
  }, 
  {
    "pk": 46, 
    "model": "repository.clinicaltrialtranslation", 
    "fields": {
      "scientific_title": "", 
      "study_design": "", 
      "hc_freetext": "", 
      "language": "es", 
      "public_title": "", 
      "i_freetext": "", 
      "acronym_expansion": "", 
      "object_id": 14, 
      "scientific_acronym": "", 
      "acronym": "", 
      "scientific_acronym_expansion": "", 
      "inclusion_criteria": "", 
      "content_type": [
        "repository", 
        "clinicaltrial"
      ], 
      "exclusion_criteria": ""
    }
  }, 
  {
    "pk": 47, 
    "model": "repository.clinicaltrialtranslation", 
    "fields": {
      "scientific_title": "", 
      "study_design": "", 
      "hc_freetext": "", 
      "language": "pt-br", 
      "public_title": "", 
      "i_freetext": "", 
      "acronym_expansion": "", 
      "object_id": 14, 
      "scientific_acronym": "", 
      "acronym": "", 
      "scientific_acronym_expansion": "", 
      "inclusion_criteria": "", 
      "content_type": [
        "repository", 
        "clinicaltrial"
      ], 
      "exclusion_criteria": ""
    }
  }, 
  {
    "pk": 50, 
    "model": "repository.clinicaltrialtranslation", 
    "fields": {
      "scientific_title": "Tratamento com selenio e Cardiopatia Chag\u00e1sica(CCTE): um ensaio cl\u00ednico prospectivo aleatorizado em pacientes do doen\u00e7a de Chagas", 
      "study_design": "Estudo duplo cego, paralelo, randomizado, controle placebo", 
      "hc_freetext": "Cardiopatia chag\u00e1sica", 
      "language": "pt-BR", 
      "public_title": "Tratamento com selenio e cardiopatia chag\u00e1sica", 
      "i_freetext": "Grupo 1: suplementa\u00e7\u00e3o diet\u00e9tica com sel\u00eanio (100 ug de selenito de s\u00f3dio)durante 12 meses\r\nGrupo 2: placebo", 
      "acronym_expansion": "", 
      "object_id": 33, 
      "scientific_acronym": "", 
      "acronym": "", 
      "scientific_acronym_expansion": "", 
      "inclusion_criteria": "* ecocardiografia alterada (LVEF entre 0,35% e 45%)\r\n\r\n", 
      "content_type": [
        "repository", 
        "clinicaltrial"
      ], 
      "exclusion_criteria": "* patients acima de 65 anso de idade\r\n* fumo, pacientes com cardiopatia n\u00e3o-chag\u00e1sica, moradia pr\u00f3xima a jazidas minerais, industrias metal\u00fargicas e lugares com exposi\u00e7\u00e3o radioativa, vegetariano\r\n* perfil de depress\u00e3o\r\n* gr\u00e1vida ou amamentando\r\n* diabetes ou c\u00e2ncer atualmente ou no passado.\r\n* pacientes ser\u00e3o exclu\u00eddos se tomam medicamentos anti-convulsivantes (Clozapina, \u00c1cido valpr\u00f3ico)\r\n"
    }
  }, 
  {
    "pk": 51, 
    "model": "repository.clinicaltrialtranslation", 
    "fields": {
      "scientific_title": "", 
      "study_design": "", 
      "hc_freetext": "", 
      "language": "es", 
      "public_title": "", 
      "i_freetext": "", 
      "acronym_expansion": "", 
      "object_id": 33, 
      "scientific_acronym": "", 
      "acronym": "", 
      "scientific_acronym_expansion": "", 
      "inclusion_criteria": "", 
      "content_type": [
        "repository", 
        "clinicaltrial"
      ], 
      "exclusion_criteria": ""
    }
  }, 
  {
    "pk": 48, 
    "model": "repository.clinicaltrialtranslation", 
    "fields": {
      "scientific_title": "peas", 
      "study_design": "", 
      "hc_freetext": "", 
      "language": "pt-BR", 
      "public_title": "", 
      "i_freetext": "", 
      "acronym_expansion": "", 
      "object_id": 32, 
      "scientific_acronym": "", 
      "acronym": "", 
      "scientific_acronym_expansion": "", 
      "inclusion_criteria": "", 
      "content_type": [
        "repository", 
        "clinicaltrial"
      ], 
      "exclusion_criteria": ""
    }
  }, 
  {
    "pk": 49, 
    "model": "repository.clinicaltrialtranslation", 
    "fields": {
      "scientific_title": "", 
      "study_design": "", 
      "hc_freetext": "", 
      "language": "es", 
      "public_title": "", 
      "i_freetext": "", 
      "acronym_expansion": "", 
      "object_id": 32, 
      "scientific_acronym": "", 
      "acronym": "", 
      "scientific_acronym_expansion": "", 
      "inclusion_criteria": "", 
      "content_type": [
        "repository", 
        "clinicaltrial"
      ], 
      "exclusion_criteria": ""
    }
  }, 
  {
    "pk": 52, 
    "model": "repository.clinicaltrialtranslation", 
    "fields": {
      "scientific_title": "", 
      "study_design": "", 
      "hc_freetext": "", 
      "language": "es", 
      "public_title": "", 
      "i_freetext": "", 
      "acronym_expansion": "", 
      "object_id": 5, 
      "scientific_acronym": "", 
      "acronym": "", 
      "scientific_acronym_expansion": "", 
      "inclusion_criteria": "", 
      "content_type": [
        "repository", 
        "clinicaltrial"
      ], 
      "exclusion_criteria": ""
    }
  }, 
  {
    "pk": 53, 
    "model": "repository.clinicaltrialtranslation", 
    "fields": {
      "scientific_title": "", 
      "study_design": "", 
      "hc_freetext": "", 
      "language": "pt-br", 
      "public_title": "", 
      "i_freetext": "", 
      "acronym_expansion": "", 
      "object_id": 5, 
      "scientific_acronym": "", 
      "acronym": "", 
      "scientific_acronym_expansion": "", 
      "inclusion_criteria": "", 
      "content_type": [
        "repository", 
        "clinicaltrial"
      ], 
      "exclusion_criteria": ""
    }
  }, 
  {
    "pk": 54, 
    "model": "repository.clinicaltrialtranslation", 
    "fields": {
      "scientific_title": "", 
      "study_design": "", 
      "hc_freetext": "", 
      "language": "es", 
      "public_title": "", 
      "i_freetext": "", 
      "acronym_expansion": "", 
      "object_id": 11, 
      "scientific_acronym": "", 
      "acronym": "", 
      "scientific_acronym_expansion": "", 
      "inclusion_criteria": "", 
      "content_type": [
        "repository", 
        "clinicaltrial"
      ], 
      "exclusion_criteria": ""
    }
  }, 
  {
    "pk": 55, 
    "model": "repository.clinicaltrialtranslation", 
    "fields": {
      "scientific_title": "", 
      "study_design": "", 
      "hc_freetext": "", 
      "language": "pt-br", 
      "public_title": "", 
      "i_freetext": "", 
      "acronym_expansion": "", 
      "object_id": 11, 
      "scientific_acronym": "", 
      "acronym": "", 
      "scientific_acronym_expansion": "", 
      "inclusion_criteria": "", 
      "content_type": [
        "repository", 
        "clinicaltrial"
      ], 
      "exclusion_criteria": ""
    }
  }, 
  {
    "pk": 56, 
    "model": "repository.clinicaltrialtranslation", 
    "fields": {
      "scientific_title": "", 
      "study_design": "", 
      "hc_freetext": "", 
      "language": "es", 
      "public_title": "", 
      "i_freetext": "", 
      "acronym_expansion": "", 
      "object_id": 12, 
      "scientific_acronym": "", 
      "acronym": "", 
      "scientific_acronym_expansion": "", 
      "inclusion_criteria": "", 
      "content_type": [
        "repository", 
        "clinicaltrial"
      ], 
      "exclusion_criteria": ""
    }
  }, 
  {
    "pk": 57, 
    "model": "repository.clinicaltrialtranslation", 
    "fields": {
      "scientific_title": "", 
      "study_design": "", 
      "hc_freetext": "", 
      "language": "pt-br", 
      "public_title": "", 
      "i_freetext": "", 
      "acronym_expansion": "", 
      "object_id": 12, 
      "scientific_acronym": "", 
      "acronym": "", 
      "scientific_acronym_expansion": "", 
      "inclusion_criteria": "", 
      "content_type": [
        "repository", 
        "clinicaltrial"
      ], 
      "exclusion_criteria": ""
    }
  }, 
  {
    "pk": 58, 
    "model": "repository.clinicaltrialtranslation", 
    "fields": {
      "scientific_title": "", 
      "study_design": "", 
      "hc_freetext": "", 
      "language": "es", 
      "public_title": "", 
      "i_freetext": "", 
      "acronym_expansion": "", 
      "object_id": 13, 
      "scientific_acronym": "", 
      "acronym": "", 
      "scientific_acronym_expansion": "", 
      "inclusion_criteria": "", 
      "content_type": [
        "repository", 
        "clinicaltrial"
      ], 
      "exclusion_criteria": ""
    }
  }, 
  {
    "pk": 59, 
    "model": "repository.clinicaltrialtranslation", 
    "fields": {
      "scientific_title": "", 
      "study_design": "", 
      "hc_freetext": "", 
      "language": "pt-br", 
      "public_title": "", 
      "i_freetext": "", 
      "acronym_expansion": "", 
      "object_id": 13, 
      "scientific_acronym": "", 
      "acronym": "", 
      "scientific_acronym_expansion": "", 
      "inclusion_criteria": "", 
      "content_type": [
        "repository", 
        "clinicaltrial"
      ], 
      "exclusion_criteria": ""
    }
  }, 
  {
    "pk": 60, 
    "model": "repository.clinicaltrialtranslation", 
    "fields": {
      "scientific_title": "", 
      "study_design": "", 
      "hc_freetext": "", 
      "language": "es", 
      "public_title": "", 
      "i_freetext": "", 
      "acronym_expansion": "", 
      "object_id": 16, 
      "scientific_acronym": "", 
      "acronym": "", 
      "scientific_acronym_expansion": "", 
      "inclusion_criteria": "", 
      "content_type": [
        "repository", 
        "clinicaltrial"
      ], 
      "exclusion_criteria": ""
    }
  }, 
  {
    "pk": 61, 
    "model": "repository.clinicaltrialtranslation", 
    "fields": {
      "scientific_title": "", 
      "study_design": "", 
      "hc_freetext": "", 
      "language": "pt-br", 
      "public_title": "", 
      "i_freetext": "", 
      "acronym_expansion": "", 
      "object_id": 16, 
      "scientific_acronym": "", 
      "acronym": "", 
      "scientific_acronym_expansion": "", 
      "inclusion_criteria": "", 
      "content_type": [
        "repository", 
        "clinicaltrial"
      ], 
      "exclusion_criteria": ""
    }
  }, 
  {
    "pk": 62, 
    "model": "repository.clinicaltrialtranslation", 
    "fields": {
      "scientific_title": "", 
      "study_design": "", 
      "hc_freetext": "", 
      "language": "es", 
      "public_title": "", 
      "i_freetext": "", 
      "acronym_expansion": "", 
      "object_id": 17, 
      "scientific_acronym": "", 
      "acronym": "", 
      "scientific_acronym_expansion": "", 
      "inclusion_criteria": "", 
      "content_type": [
        "repository", 
        "clinicaltrial"
      ], 
      "exclusion_criteria": ""
    }
  }, 
  {
    "pk": 63, 
    "model": "repository.clinicaltrialtranslation", 
    "fields": {
      "scientific_title": "", 
      "study_design": "", 
      "hc_freetext": "", 
      "language": "pt-br", 
      "public_title": "", 
      "i_freetext": "", 
      "acronym_expansion": "", 
      "object_id": 17, 
      "scientific_acronym": "", 
      "acronym": "", 
      "scientific_acronym_expansion": "", 
      "inclusion_criteria": "", 
      "content_type": [
        "repository", 
        "clinicaltrial"
      ], 
      "exclusion_criteria": ""
    }
  }, 
  {
    "pk": 64, 
    "model": "repository.clinicaltrialtranslation", 
    "fields": {
      "scientific_title": "", 
      "study_design": "", 
      "hc_freetext": "", 
      "language": "es", 
      "public_title": "", 
      "i_freetext": "", 
      "acronym_expansion": "", 
      "object_id": 18, 
      "scientific_acronym": "", 
      "acronym": "", 
      "scientific_acronym_expansion": "", 
      "inclusion_criteria": "", 
      "content_type": [
        "repository", 
        "clinicaltrial"
      ], 
      "exclusion_criteria": ""
    }
  }, 
  {
    "pk": 65, 
    "model": "repository.clinicaltrialtranslation", 
    "fields": {
      "scientific_title": "", 
      "study_design": "", 
      "hc_freetext": "", 
      "language": "pt-br", 
      "public_title": "", 
      "i_freetext": "", 
      "acronym_expansion": "", 
      "object_id": 18, 
      "scientific_acronym": "", 
      "acronym": "", 
      "scientific_acronym_expansion": "", 
      "inclusion_criteria": "", 
      "content_type": [
        "repository", 
        "clinicaltrial"
      ], 
      "exclusion_criteria": ""
    }
  }, 
  {
    "pk": 66, 
    "model": "repository.clinicaltrialtranslation", 
    "fields": {
      "scientific_title": "", 
      "study_design": "", 
      "hc_freetext": "", 
      "language": "es", 
      "public_title": "", 
      "i_freetext": "", 
      "acronym_expansion": "", 
      "object_id": 19, 
      "scientific_acronym": "", 
      "acronym": "", 
      "scientific_acronym_expansion": "", 
      "inclusion_criteria": "", 
      "content_type": [
        "repository", 
        "clinicaltrial"
      ], 
      "exclusion_criteria": ""
    }
  }, 
  {
    "pk": 67, 
    "model": "repository.clinicaltrialtranslation", 
    "fields": {
      "scientific_title": "", 
      "study_design": "", 
      "hc_freetext": "", 
      "language": "pt-br", 
      "public_title": "", 
      "i_freetext": "", 
      "acronym_expansion": "", 
      "object_id": 19, 
      "scientific_acronym": "", 
      "acronym": "", 
      "scientific_acronym_expansion": "", 
      "inclusion_criteria": "", 
      "content_type": [
        "repository", 
        "clinicaltrial"
      ], 
      "exclusion_criteria": ""
    }
  }, 
  {
    "pk": 68, 
    "model": "repository.clinicaltrialtranslation", 
    "fields": {
      "scientific_title": "", 
      "study_design": "", 
      "hc_freetext": "", 
      "language": "es", 
      "public_title": "", 
      "i_freetext": "", 
      "acronym_expansion": "", 
      "object_id": 21, 
      "scientific_acronym": "", 
      "acronym": "", 
      "scientific_acronym_expansion": "", 
      "inclusion_criteria": "", 
      "content_type": [
        "repository", 
        "clinicaltrial"
      ], 
      "exclusion_criteria": ""
    }
  }, 
  {
    "pk": 69, 
    "model": "repository.clinicaltrialtranslation", 
    "fields": {
      "scientific_title": "", 
      "study_design": "", 
      "hc_freetext": "", 
      "language": "pt-br", 
      "public_title": "", 
      "i_freetext": "", 
      "acronym_expansion": "", 
      "object_id": 21, 
      "scientific_acronym": "", 
      "acronym": "", 
      "scientific_acronym_expansion": "", 
      "inclusion_criteria": "", 
      "content_type": [
        "repository", 
        "clinicaltrial"
      ], 
      "exclusion_criteria": ""
    }
  }, 
  {
    "pk": 1, 
    "model": "repository.trialnumber", 
    "fields": {
      "id_number": "CRG120600100", 
      "trial": 1, 
      "issuing_authority": "CRG"
    }
  }, 
  {
    "pk": 2, 
    "model": "repository.trialnumber", 
    "fields": {
      "id_number": "ACTRN12607000569404", 
      "trial": 1, 
      "issuing_authority": "ANZCTR"
    }
  }, 
  {
    "pk": 3, 
    "model": "repository.trialnumber", 
    "fields": {
      "id_number": "NCT00839085", 
      "trial": 3, 
      "issuing_authority": "ClinicalTrials.gov"
    }
  }, 
  {
    "pk": 4, 
    "model": "repository.trialnumber", 
    "fields": {
      "id_number": "IRCT138708271460N1", 
      "trial": 3, 
      "issuing_authority": "IRCT"
    }
  }, 
  {
    "pk": 5, 
    "model": "repository.trialnumber", 
    "fields": {
      "id_number": "ACTRN12610000131055", 
      "trial": 4, 
      "issuing_authority": "ANZCTR"
    }
  }, 
  {
    "pk": 6, 
    "model": "repository.trialnumber", 
    "fields": {
      "id_number": "NCT01023789 ", 
      "trial": 4, 
      "issuing_authority": "ClinicalTrials.gov"
    }
  }, 
  {
    "pk": 7, 
    "model": "repository.trialnumber", 
    "fields": {
      "id_number": "134913091283901", 
      "trial": 5, 
      "issuing_authority": "ANZCTR"
    }
  }, 
  {
    "pk": 8, 
    "model": "repository.trialnumber", 
    "fields": {
      "id_number": "123456", 
      "trial": 10, 
      "issuing_authority": "CONEP"
    }
  }, 
  {
    "pk": 9, 
    "model": "repository.trialnumber", 
    "fields": {
      "id_number": "654321", 
      "trial": 10, 
      "issuing_authority": "UTN"
    }
  }, 
  {
    "pk": 10, 
    "model": "repository.trialnumber", 
    "fields": {
      "id_number": "NCT00655668", 
      "trial": 20, 
      "issuing_authority": "clinicaltrials.gov"
    }
  }, 
  {
    "pk": 12, 
    "model": "repository.trialnumber", 
    "fields": {
      "id_number": "456666", 
      "trial": 23, 
      "issuing_authority": "weg"
    }
  }, 
  {
    "pk": 13, 
    "model": "repository.trialnumber", 
    "fields": {
      "id_number": "2211", 
      "trial": 23, 
      "issuing_authority": "werea"
    }
  }, 
  {
    "pk": 29, 
    "model": "repository.trialnumber", 
    "fields": {
      "id_number": "IS", 
      "trial": 38, 
      "issuing_authority": "SSP"
    }
  }, 
  {
    "pk": 28, 
    "model": "repository.trialnumber", 
    "fields": {
      "id_number": "34000000000", 
      "trial": 37, 
      "issuing_authority": "00000000340"
    }
  }, 
  {
    "pk": 16, 
    "model": "repository.trialnumber", 
    "fields": {
      "id_number": "32", 
      "trial": 23, 
      "issuing_authority": "23432"
    }
  }, 
  {
    "pk": 17, 
    "model": "repository.trialnumber", 
    "fields": {
      "id_number": "NCT00123916", 
      "trial": 26, 
      "issuing_authority": "Clinicaltrials.gov"
    }
  }, 
  {
    "pk": 18, 
    "model": "repository.trialnumber", 
    "fields": {
      "id_number": "11394", 
      "trial": 26, 
      "issuing_authority": "CONEP"
    }
  }, 
  {
    "pk": 19, 
    "model": "repository.trialnumber", 
    "fields": {
      "id_number": "NCT00622180", 
      "trial": 28, 
      "issuing_authority": "Clinicaltrials.gov"
    }
  }, 
  {
    "pk": 20, 
    "model": "repository.trialnumber", 
    "fields": {
      "id_number": "14792084", 
      "trial": 28, 
      "issuing_authority": "CEP Unicamp"
    }
  }, 
  {
    "pk": 21, 
    "model": "repository.trialnumber", 
    "fields": {
      "id_number": "0001", 
      "trial": 30, 
      "issuing_authority": "sponsor"
    }
  }, 
  {
    "pk": 22, 
    "model": "repository.trialnumber", 
    "fields": {
      "id_number": "NCT00533390", 
      "trial": 31, 
      "issuing_authority": "ClinicalTrials.gov"
    }
  }, 
  {
    "pk": 23, 
    "model": "repository.trialnumber", 
    "fields": {
      "id_number": "1234.1.123.123-12", 
      "trial": 31, 
      "issuing_authority": "CONEP (CAAE)"
    }
  }, 
  {
    "pk": 24, 
    "model": "repository.trialnumber", 
    "fields": {
      "id_number": "U1111-1111-4101", 
      "trial": 31, 
      "issuing_authority": "ICTRP/WHO (UTN)"
    }
  }, 
  {
    "pk": 26, 
    "model": "repository.trialnumber", 
    "fields": {
      "id_number": "NCT00875173", 
      "trial": 33, 
      "issuing_authority": "clinicaltrials.gov"
    }
  }, 
  {
    "pk": 25, 
    "model": "repository.trialnumber", 
    "fields": {
      "id_number": "234234", 
      "trial": 7, 
      "issuing_authority": "sada"
    }
  }, 
  {
    "pk": 27, 
    "model": "repository.trialnumber", 
    "fields": {
      "id_number": "123456", 
      "trial": 29, 
      "issuing_authority": "CONEP"
    }
  }, 
  {
    "pk": 1, 
    "model": "repository.trialsecondarysponsor", 
    "fields": {
      "trial": 1, 
      "institution": 1
    }
  }, 
  {
    "pk": 2, 
    "model": "repository.trialsecondarysponsor", 
    "fields": {
      "trial": 20, 
      "institution": 11
    }
  }, 
  {
    "pk": 3, 
    "model": "repository.trialsecondarysponsor", 
    "fields": {
      "trial": 20, 
      "institution": 17
    }
  }, 
  {
    "pk": 4, 
    "model": "repository.trialsecondarysponsor", 
    "fields": {
      "trial": 23, 
      "institution": 3
    }
  }, 
  {
    "pk": 11, 
    "model": "repository.trialsecondarysponsor", 
    "fields": {
      "trial": 37, 
      "institution": 50
    }
  }, 
  {
    "pk": 6, 
    "model": "repository.trialsecondarysponsor", 
    "fields": {
      "trial": 28, 
      "institution": 14
    }
  }, 
  {
    "pk": 7, 
    "model": "repository.trialsecondarysponsor", 
    "fields": {
      "trial": 30, 
      "institution": 38
    }
  }, 
  {
    "pk": 9, 
    "model": "repository.trialsecondarysponsor", 
    "fields": {
      "trial": 33, 
      "institution": 44
    }
  }, 
  {
    "pk": 8, 
    "model": "repository.trialsecondarysponsor", 
    "fields": {
      "trial": 25, 
      "institution": 30
    }
  }, 
  {
    "pk": 10, 
    "model": "repository.trialsecondarysponsor", 
    "fields": {
      "trial": 29, 
      "institution": 9
    }
  }, 
  {
    "pk": 1, 
    "model": "repository.trialsupportsource", 
    "fields": {
      "trial": 3, 
      "institution": 1
    }
  }, 
  {
    "pk": 2, 
    "model": "repository.trialsupportsource", 
    "fields": {
      "trial": 4, 
      "institution": 3
    }
  }, 
  {
    "pk": 3, 
    "model": "repository.trialsupportsource", 
    "fields": {
      "trial": 20, 
      "institution": 19
    }
  }, 
  {
    "pk": 4, 
    "model": "repository.trialsupportsource", 
    "fields": {
      "trial": 20, 
      "institution": 14
    }
  }, 
  {
    "pk": 5, 
    "model": "repository.trialsupportsource", 
    "fields": {
      "trial": 20, 
      "institution": 8
    }
  }, 
  {
    "pk": 6, 
    "model": "repository.trialsupportsource", 
    "fields": {
      "trial": 20, 
      "institution": 23
    }
  }, 
  {
    "pk": 7, 
    "model": "repository.trialsupportsource", 
    "fields": {
      "trial": 23, 
      "institution": 26
    }
  }, 
  {
    "pk": 12, 
    "model": "repository.trialsupportsource", 
    "fields": {
      "trial": 37, 
      "institution": 50
    }
  }, 
  {
    "pk": 9, 
    "model": "repository.trialsupportsource", 
    "fields": {
      "trial": 28, 
      "institution": 35
    }
  }, 
  {
    "pk": 10, 
    "model": "repository.trialsupportsource", 
    "fields": {
      "trial": 25, 
      "institution": 30
    }
  }, 
  {
    "pk": 11, 
    "model": "repository.trialsupportsource", 
    "fields": {
      "trial": 29, 
      "institution": 36
    }
  }, 
  {
    "pk": 1, 
    "model": "repository.institution", 
    "fields": {
      "country": [
        "NZ"
      ], 
      "creator": 1, 
      "name": "National Institute for Health Innovation", 
      "address": "School of Population Health\r\nTamaki Campus\r\nThe University of Auckland\r\nPrivate Bag 92019 \r\nAuckland Mail Centre\r\nAuckland 1142"
    }
  }, 
  {
    "pk": 2, 
    "model": "repository.institution", 
    "fields": {
      "country": [
        "IR"
      ], 
      "creator": 1, 
      "name": "Tabriz University of Medical Sciences", 
      "address": "Daneshgah St,Tabriz Univ Med Sci\r\nTabriz\r\nZip: 51656-65811"
    }
  }, 
  {
    "pk": 3, 
    "model": "repository.institution", 
    "fields": {
      "country": [
        "US"
      ], 
      "creator": 1, 
      "name": "Abbott Vascular", 
      "address": ""
    }
  }, 
  {
    "pk": 4, 
    "model": "repository.institution", 
    "fields": {
      "country": [
        "DZ"
      ], 
      "creator": 1, 
      "name": "Fooo", 
      "address": ""
    }
  }, 
  {
    "pk": 5, 
    "model": "repository.institution", 
    "fields": {
      "country": [
        "AU"
      ], 
      "creator": 1, 
      "name": "Patrocinador xyz", 
      "address": ""
    }
  }, 
  {
    "pk": 6, 
    "model": "repository.institution", 
    "fields": {
      "country": [
        "BR"
      ], 
      "creator": 1, 
      "name": "Funda\u00e7\u00e3o Oswaldo Cruz", 
      "address": ""
    }
  }, 
  {
    "pk": 7, 
    "model": "repository.institution", 
    "fields": {
      "country": [
        "NL"
      ], 
      "creator": 1, 
      "name": "Radboud University ", 
      "address": ""
    }
  }, 
  {
    "pk": 8, 
    "model": "repository.institution", 
    "fields": {
      "country": [
        "CN"
      ], 
      "creator": 1, 
      "name": " \tWest China Hospital, Sichuan University", 
      "address": ""
    }
  }, 
  {
    "pk": 9, 
    "model": "repository.institution", 
    "fields": {
      "country": [
        "BR"
      ], 
      "creator": 5, 
      "name": "Fiocruz", 
      "address": ""
    }
  }, 
  {
    "pk": 10, 
    "model": "repository.institution", 
    "fields": {
      "country": [
        "AT"
      ], 
      "creator": 6, 
      "name": "Eudgo aaaaaaaaaa. Inc.", 
      "address": ""
    }
  }, 
  {
    "pk": 11, 
    "model": "repository.institution", 
    "fields": {
      "country": [
        "US"
      ], 
      "creator": 1, 
      "name": "Genentech, Inc.", 
      "address": ""
    }
  }, 
  {
    "pk": 12, 
    "model": "repository.institution", 
    "fields": {
      "country": [
        "US"
      ], 
      "creator": 1, 
      "name": "Genentech, Inc.", 
      "address": "sdf"
    }
  }, 
  {
    "pk": 13, 
    "model": "repository.institution", 
    "fields": {
      "country": [
        "US"
      ], 
      "creator": 1, 
      "name": "Genentech, Inc.", 
      "address": "sdf"
    }
  }, 
  {
    "pk": 14, 
    "model": "repository.institution", 
    "fields": {
      "country": [
        "AR"
      ], 
      "creator": 4, 
      "name": "ACME", 
      "address": ""
    }
  }, 
  {
    "pk": 15, 
    "model": "repository.institution", 
    "fields": {
      "country": [
        "AR"
      ], 
      "creator": 7, 
      "name": "ACME", 
      "address": ""
    }
  }, 
  {
    "pk": 16, 
    "model": "repository.institution", 
    "fields": {
      "country": [
        "US"
      ], 
      "creator": 14, 
      "name": "ACME", 
      "address": ""
    }
  }, 
  {
    "pk": 17, 
    "model": "repository.institution", 
    "fields": {
      "country": [
        "BR"
      ], 
      "creator": 15, 
      "name": "FM Inc.", 
      "address": ""
    }
  }, 
  {
    "pk": 18, 
    "model": "repository.institution", 
    "fields": {
      "country": [
        "BR"
      ], 
      "creator": 16, 
      "name": "Minist\u00e9rio da Sa\u00fade", 
      "address": ""
    }
  }, 
  {
    "pk": 19, 
    "model": "repository.institution", 
    "fields": {
      "country": [
        "BR"
      ], 
      "creator": 16, 
      "name": "Minist\u00e9rio da Sa\u00fade", 
      "address": ""
    }
  }, 
  {
    "pk": 20, 
    "model": "repository.institution", 
    "fields": {
      "country": [
        "BR"
      ], 
      "creator": 16, 
      "name": "Ministerio", 
      "address": ""
    }
  }, 
  {
    "pk": 21, 
    "model": "repository.institution", 
    "fields": {
      "country": [
        "AT"
      ], 
      "creator": 16, 
      "name": "teste", 
      "address": ""
    }
  }, 
  {
    "pk": 22, 
    "model": "repository.institution", 
    "fields": {
      "country": [
        "US"
      ], 
      "creator": 7, 
      "name": "Celgene Corporation", 
      "address": ""
    }
  }, 
  {
    "pk": 23, 
    "model": "repository.institution", 
    "fields": {
      "country": [
        "GB"
      ], 
      "creator": 1, 
      "name": "Jumperkraft", 
      "address": "Heal Highway, 311\r\nPO 3WWWEQ"
    }
  }, 
  {
    "pk": 24, 
    "model": "repository.institution", 
    "fields": {
      "country": [
        "BR"
      ], 
      "creator": 1, 
      "name": "Klintban", 
      "address": "av. norte, sn\r\nvlia dos alpes\r\n"
    }
  }, 
  {
    "pk": 25, 
    "model": "repository.institution", 
    "fields": {
      "country": [
        "BS"
      ], 
      "creator": 2, 
      "name": "tete", 
      "address": ""
    }
  }, 
  {
    "pk": 26, 
    "model": "repository.institution", 
    "fields": {
      "country": [
        "CH"
      ], 
      "creator": 19, 
      "name": "Novartis", 
      "address": ""
    }
  }, 
  {
    "pk": 27, 
    "model": "repository.institution", 
    "fields": {
      "country": [
        "US"
      ], 
      "creator": 7, 
      "name": "Clyde corp.", 
      "address": ""
    }
  }, 
  {
    "pk": 28, 
    "model": "repository.institution", 
    "fields": {
      "country": [
        "US"
      ], 
      "creator": 17, 
      "name": "Takeda Research Group", 
      "address": ""
    }
  }, 
  {
    "pk": 29, 
    "model": "repository.institution", 
    "fields": {
      "country": [
        "US"
      ], 
      "creator": 1, 
      "name": "National Diabetes Association", 
      "address": "1340 W Street, Auckland California 13900"
    }
  }, 
  {
    "pk": 30, 
    "model": "repository.institution", 
    "fields": {
      "country": [
        "BR"
      ], 
      "creator": 12, 
      "name": "FIOCRUZ", 
      "address": ""
    }
  }, 
  {
    "pk": 31, 
    "model": "repository.institution", 
    "fields": {
      "country": [
        "BR"
      ], 
      "creator": 1, 
      "name": "TESTE", 
      "address": "DKFA ~KF ASKLF \u00c3LKsdf "
    }
  }, 
  {
    "pk": 32, 
    "model": "repository.institution", 
    "fields": {
      "country": [
        "CA"
      ], 
      "creator": 11, 
      "name": "Hamilton health Sciences", 
      "address": ""
    }
  }, 
  {
    "pk": 33, 
    "model": "repository.institution", 
    "fields": {
      "country": [
        "BR"
      ], 
      "creator": 1, 
      "name": "ACME", 
      "address": ""
    }
  }, 
  {
    "pk": 34, 
    "model": "repository.institution", 
    "fields": {
      "country": [
        "US"
      ], 
      "creator": 11, 
      "name": "University of Texas Southwestern Medical Center ", 
      "address": ""
    }
  }, 
  {
    "pk": 35, 
    "model": "repository.institution", 
    "fields": {
      "country": [
        "BR"
      ], 
      "creator": 1, 
      "name": "Lightec", 
      "address": "Rua da Quitanda, 90 - 2\u00ba andar\n20011-030 - Rio de Janeiro - RJ\nTel: (21) 3501-9900\nFax: (21) 3501-5302"
    }
  }, 
  {
    "pk": 36, 
    "model": "repository.institution", 
    "fields": {
      "country": [
        "US"
      ], 
      "creator": 5, 
      "name": "Eunice Kennedy Shriver National Institute of Child Health and Human Development (NICHD)", 
      "address": ""
    }
  }, 
  {
    "pk": 37, 
    "model": "repository.institution", 
    "fields": {
      "country": [
        "NL"
      ], 
      "creator": 7, 
      "name": "NedX", 
      "address": ""
    }
  }, 
  {
    "pk": 38, 
    "model": "repository.institution", 
    "fields": {
      "country": [
        "BR"
      ], 
      "creator": 1, 
      "name": "wwert", 
      "address": "a13039\nasd\n\n23423"
    }
  }, 
  {
    "pk": 39, 
    "model": "repository.institution", 
    "fields": {
      "country": [
        "BR"
      ], 
      "creator": 14, 
      "name": "Funda\u00e7\u00e3o Oswaldo Cruz", 
      "address": ""
    }
  }, 
  {
    "pk": 40, 
    "model": "repository.institution", 
    "fields": {
      "country": [
        "BR"
      ], 
      "creator": 1, 
      "name": "Conselho Nacional de Desenvolvimento Cient\u00edfico e Tecnol\u00f3gico", 
      "address": "SEPN 507 Ed. CNPq - Terreo - Sala 7, 0, \n70740-901 - Brasilia - DF\n\n"
    }
  }, 
  {
    "pk": 41, 
    "model": "repository.institution", 
    "fields": {
      "country": [
        "AT"
      ], 
      "creator": 1, 
      "name": "United Nations Office On Drugs and Crime (UNODC)", 
      "address": "Vienna International Centre\nWagramer Strasse 5 \nA 1400 Vienna "
    }
  }, 
  {
    "pk": 42, 
    "model": "repository.institution", 
    "fields": {
      "country": [
        "AZ"
      ], 
      "creator": 7, 
      "name": "d", 
      "address": ""
    }
  }, 
  {
    "pk": 43, 
    "model": "repository.institution", 
    "fields": {
      "country": [
        "BR"
      ], 
      "creator": 11, 
      "name": "Funda\u00e7\u00e3o Oswaldo Cruz", 
      "address": ""
    }
  }, 
  {
    "pk": 44, 
    "model": "repository.institution", 
    "fields": {
      "country": [
        "BR"
      ], 
      "creator": 11, 
      "name": "Conselho Nacional de Desenvolvimento Cient\u00edfico e Tecnol\u00f3gico", 
      "address": ""
    }
  }, 
  {
    "pk": 45, 
    "model": "repository.institution", 
    "fields": {
      "country": [
        "BR"
      ], 
      "creator": 12, 
      "name": "aaa", 
      "address": "sdfas asfasfsaef"
    }
  }, 
  {
    "pk": 46, 
    "model": "repository.institution", 
    "fields": {
      "country": [
        "AR"
      ], 
      "creator": 11, 
      "name": "Centro de Estudios de Enfermedad de Chagas", 
      "address": "Calle Santa Rosa, 357 piso 9\nC\u00f3rdoba - Provincia de C\u00f3rdoba\nCPA: X5000ESG\nTel: 4342 3801/2977 "
    }
  }, 
  {
    "pk": 47, 
    "model": "repository.institution", 
    "fields": {
      "country": [
        "BR"
      ], 
      "creator": 12, 
      "name": "Fiocruz", 
      "address": ""
    }
  }, 
  {
    "pk": 48, 
    "model": "repository.institution", 
    "fields": {
      "country": [
        "BR"
      ], 
      "creator": 12, 
      "name": "Fiocruz", 
      "address": ""
    }
  }, 
  {
    "pk": 49, 
    "model": "repository.institution", 
    "fields": {
      "country": [
        "BR"
      ], 
      "creator": 33, 
      "name": "upeclin", 
      "address": ""
    }
  }, 
  {
    "pk": 50, 
    "model": "repository.institution", 
    "fields": {
      "country": [
        "BR"
      ], 
      "creator": 36, 
      "name": "CLRC Ind\u00fastria Farmaceutica", 
      "address": ""
    }
  }, 
  {
    "pk": 51, 
    "model": "repository.institution", 
    "fields": {
      "country": [
        "BR"
      ], 
      "creator": 41, 
      "name": "BIREME", 
      "address": ""
    }
  }, 
  {
    "pk": 52, 
    "model": "repository.institution", 
    "fields": {
      "country": [
        "AR"
      ], 
      "creator": 42, 
      "name": "Ensayo de prueba", 
      "address": ""
    }
  }, 
  {
    "pk": 1, 
    "model": "repository.contact", 
    "fields": {
      "city": "Tabriz", 
      "zip": "51656-65811", 
      "firstname": "Naser", 
      "creator": 1, 
      "middlename": "", 
      "lastname": "Safaei", 
      "telephone": "+98-411-3357767", 
      "affiliation": 2, 
      "address": "Daneshgah St, Tabriz Univ Med Sci", 
      "country": [
        "IR"
      ], 
      "email": "drsafaei@yahoo.com"
    }
  }, 
  {
    "pk": 2, 
    "model": "repository.contact", 
    "fields": {
      "city": "Santa Clara", 
      "zip": "Ca. 950504", 
      "firstname": "Candace", 
      "creator": 1, 
      "middlename": "", 
      "lastname": "Elek", 
      "telephone": "+1 408-845-3133", 
      "affiliation": 3, 
      "address": "3200 Lakeside Dr.", 
      "country": [
        "US"
      ], 
      "email": "Candace.Elek@av.abbott.com"
    }
  }, 
  {
    "pk": 3, 
    "model": "repository.contact", 
    "fields": {
      "city": "Santa Clara", 
      "zip": "Ca. 950504", 
      "firstname": "Robert", 
      "creator": 1, 
      "middlename": "", 
      "lastname": "McGreevy", 
      "telephone": "+1 408-845-3932", 
      "affiliation": 3, 
      "address": "3200 Lakeside Dr.", 
      "country": [
        "US"
      ], 
      "email": "Robert.Mcgreevy@av.abbott.com"
    }
  }, 
  {
    "pk": 4, 
    "model": "repository.contact", 
    "fields": {
      "city": "Oakland", 
      "zip": "345678", 
      "firstname": "John", 
      "creator": 1, 
      "middlename": "Henry", 
      "lastname": "Doe", 
      "telephone": "21-23409985", 
      "affiliation": 29, 
      "address": "K Street 456 ", 
      "country": [
        "US"
      ], 
      "email": "jhdoe@aol.com"
    }
  }, 
  {
    "pk": 5, 
    "model": "repository.contact", 
    "fields": {
      "city": "teste", 
      "zip": "123456", 
      "firstname": "teste", 
      "creator": 1, 
      "middlename": "teste", 
      "lastname": "teste", 
      "telephone": "11 4448-7897", 
      "affiliation": 3, 
      "address": "teste", 
      "country": [
        "BR"
      ], 
      "email": "teste@teste.com"
    }
  }, 
  {
    "pk": 6, 
    "model": "repository.contact", 
    "fields": {
      "city": "aaa", 
      "zip": "123456", 
      "firstname": "joao", 
      "creator": 1, 
      "middlename": "pedro", 
      "lastname": "silva", 
      "telephone": "11 4448-7897", 
      "affiliation": 5, 
      "address": "aaa", 
      "country": [
        "DZ"
      ], 
      "email": "joao@teste.com"
    }
  }, 
  {
    "pk": 7, 
    "model": "repository.contact", 
    "fields": {
      "city": "qqqq", 
      "zip": "12456", 
      "firstname": "Paulo", 
      "creator": 1, 
      "middlename": "", 
      "lastname": "Souza", 
      "telephone": "12346", 
      "affiliation": 5, 
      "address": "qqq", 
      "country": [
        "BS"
      ], 
      "email": "paulo@teste.com.br"
    }
  }, 
  {
    "pk": 8, 
    "model": "repository.contact", 
    "fields": {
      "city": "rio de janeiro", 
      "zip": "123456", 
      "firstname": "teste novo contato", 
      "creator": 1, 
      "middlename": "xx", 
      "lastname": "yy", 
      "telephone": "1234567", 
      "affiliation": 9, 
      "address": "xxxxx", 
      "country": [
        "BR"
      ], 
      "email": "margot.rj@gmail.com"
    }
  }, 
  {
    "pk": 9, 
    "model": "repository.contact", 
    "fields": {
      "city": "Rio de Janeiro", 
      "zip": "21040-900", 
      "firstname": "Valeria", 
      "creator": 1, 
      "middlename": "C", 
      "lastname": "Rolla", 
      "telephone": "+55-21-3865-9607", 
      "affiliation": 6, 
      "address": "", 
      "country": [
        "BR"
      ], 
      "email": "valeria.rolla@ipec.fiocruz.br"
    }
  }, 
  {
    "pk": 10, 
    "model": "repository.contact", 
    "fields": {
      "city": "Rio de Janeiro", 
      "zip": "21040-900", 
      "firstname": "Simone", 
      "creator": 1, 
      "middlename": "S", 
      "lastname": "Cavalho", 
      "telephone": "+55 21 38659601", 
      "affiliation": 6, 
      "address": "", 
      "country": [
        "BR"
      ], 
      "email": "simone.carvalho@ipec.fiocruz.br"
    }
  }, 
  {
    "pk": 11, 
    "model": "repository.contact", 
    "fields": {
      "city": "Rio de Janeiro", 
      "zip": "20000-000", 
      "firstname": "Tania", 
      "creator": 11, 
      "middlename": "", 
      "lastname": "Araujo", 
      "telephone": "552138653030", 
      "affiliation": 43, 
      "address": "Avenida Brasil 4365", 
      "country": [
        "BR"
      ], 
      "email": "taraujo@fiocruz.br"
    }
  }, 
  {
    "pk": 12, 
    "model": "repository.contact", 
    "fields": {
      "city": "C\u00f3rdoba", 
      "zip": "X5000ESG", 
      "firstname": "Juan", 
      "creator": 11, 
      "middlename": "Lopes", 
      "lastname": "Castillo", 
      "telephone": "344654567", 
      "affiliation": 46, 
      "address": "Rua Santa Rosa, 351", 
      "country": [
        "AR"
      ], 
      "email": "jlcastillo@ciconet.com.ar"
    }
  }, 
  {
    "pk": 13, 
    "model": "repository.contact", 
    "fields": {
      "city": "ddd", 
      "zip": "20241020", 
      "firstname": "teste", 
      "creator": 12, 
      "middlename": "aaa", 
      "lastname": "bbb", 
      "telephone": "2138653270", 
      "affiliation": 45, 
      "address": "ccc", 
      "country": [
        "BR"
      ], 
      "email": "margot.fiocruz@gmail.com"
    }
  }, 
  {
    "pk": 14, 
    "model": "repository.contact", 
    "fields": {
      "city": "Rio de Janeiro", 
      "zip": "20220022", 
      "firstname": "Cl\u00e1udia", 
      "creator": 36, 
      "middlename": "", 
      "lastname": "Chagas", 
      "telephone": "552121252525", 
      "affiliation": 50, 
      "address": "Rua do Cavalinho, 17", 
      "country": [
        "BR"
      ], 
      "email": "jwg@gmail.com"
    }
  }, 
  {
    "pk": 1, 
    "model": "repository.publiccontact", 
    "fields": {
      "status": "Active", 
      "trial": 3, 
      "contact": 1
    }
  }, 
  {
    "pk": 2, 
    "model": "repository.publiccontact", 
    "fields": {
      "status": "Active", 
      "trial": 4, 
      "contact": 2
    }
  }, 
  {
    "pk": 3, 
    "model": "repository.publiccontact", 
    "fields": {
      "status": "Active", 
      "trial": 22, 
      "contact": 1
    }
  }, 
  {
    "pk": 4, 
    "model": "repository.publiccontact", 
    "fields": {
      "status": "Active", 
      "trial": 23, 
      "contact": 1
    }
  }, 
  {
    "pk": 11, 
    "model": "repository.publiccontact", 
    "fields": {
      "status": "Active", 
      "trial": 34, 
      "contact": 13
    }
  }, 
  {
    "pk": 6, 
    "model": "repository.publiccontact", 
    "fields": {
      "status": "Active", 
      "trial": 28, 
      "contact": 3
    }
  }, 
  {
    "pk": 7, 
    "model": "repository.publiccontact", 
    "fields": {
      "status": "Active", 
      "trial": 9, 
      "contact": 5
    }
  }, 
  {
    "pk": 12, 
    "model": "repository.publiccontact", 
    "fields": {
      "status": "Active", 
      "trial": 25, 
      "contact": 13
    }
  }, 
  {
    "pk": 10, 
    "model": "repository.publiccontact", 
    "fields": {
      "status": "Active", 
      "trial": 26, 
      "contact": 11
    }
  }, 
  {
    "pk": 13, 
    "model": "repository.publiccontact", 
    "fields": {
      "status": "Active", 
      "trial": 37, 
      "contact": 14
    }
  }, 
  {
    "pk": 1, 
    "model": "repository.scientificcontact", 
    "fields": {
      "status": "Active", 
      "trial": 3, 
      "contact": 1
    }
  }, 
  {
    "pk": 2, 
    "model": "repository.scientificcontact", 
    "fields": {
      "status": "Active", 
      "trial": 4, 
      "contact": 3
    }
  }, 
  {
    "pk": 3, 
    "model": "repository.scientificcontact", 
    "fields": {
      "status": "Active", 
      "trial": 22, 
      "contact": 2
    }
  }, 
  {
    "pk": 4, 
    "model": "repository.scientificcontact", 
    "fields": {
      "status": "Active", 
      "trial": 23, 
      "contact": 1
    }
  }, 
  {
    "pk": 13, 
    "model": "repository.scientificcontact", 
    "fields": {
      "status": "Active", 
      "trial": 25, 
      "contact": 13
    }
  }, 
  {
    "pk": 6, 
    "model": "repository.scientificcontact", 
    "fields": {
      "status": "Active", 
      "trial": 28, 
      "contact": 1
    }
  }, 
  {
    "pk": 7, 
    "model": "repository.scientificcontact", 
    "fields": {
      "status": "Active", 
      "trial": 9, 
      "contact": 6
    }
  }, 
  {
    "pk": 8, 
    "model": "repository.scientificcontact", 
    "fields": {
      "status": "Active", 
      "trial": 31, 
      "contact": 9
    }
  }, 
  {
    "pk": 9, 
    "model": "repository.scientificcontact", 
    "fields": {
      "status": "Active", 
      "trial": 31, 
      "contact": 10
    }
  }, 
  {
    "pk": 10, 
    "model": "repository.scientificcontact", 
    "fields": {
      "status": "Active", 
      "trial": 33, 
      "contact": 11
    }
  }, 
  {
    "pk": 12, 
    "model": "repository.scientificcontact", 
    "fields": {
      "status": "Active", 
      "trial": 26, 
      "contact": 11
    }
  }, 
  {
    "pk": 1, 
    "model": "repository.sitecontact", 
    "fields": {
      "status": "Active", 
      "trial": 22, 
      "contact": 1
    }
  }, 
  {
    "pk": 2, 
    "model": "repository.sitecontact", 
    "fields": {
      "status": "Active", 
      "trial": 23, 
      "contact": 2
    }
  }, 
  {
    "pk": 3, 
    "model": "repository.sitecontact", 
    "fields": {
      "status": "Active", 
      "trial": 23, 
      "contact": 1
    }
  }, 
  {
    "pk": 4, 
    "model": "repository.sitecontact", 
    "fields": {
      "status": "Active", 
      "trial": 28, 
      "contact": 4
    }
  }, 
  {
    "pk": 5, 
    "model": "repository.sitecontact", 
    "fields": {
      "status": "Active", 
      "trial": 9, 
      "contact": 7
    }
  }, 
  {
    "pk": 6, 
    "model": "repository.sitecontact", 
    "fields": {
      "status": "Active", 
      "trial": 26, 
      "contact": 12
    }
  }, 
  {
    "pk": 8, 
    "model": "repository.sitecontact", 
    "fields": {
      "status": "Active", 
      "trial": 26, 
      "contact": 11
    }
  }, 
  {
    "pk": 9, 
    "model": "repository.sitecontact", 
    "fields": {
      "status": "Active", 
      "trial": 25, 
      "contact": 13
    }
  }, 
  {
    "pk": 5, 
    "model": "repository.outcometranslation", 
    "fields": {
      "description": "", 
      "content_type": [
        "repository", 
        "outcome"
      ], 
      "language": "es", 
      "object_id": 38
    }
  }, 
  {
    "pk": 6, 
    "model": "repository.outcometranslation", 
    "fields": {
      "description": "al\u00edvio da dor", 
      "content_type": [
        "repository", 
        "outcome"
      ], 
      "language": "pt-br", 
      "object_id": 38
    }
  }, 
  {
    "pk": 7, 
    "model": "repository.outcometranslation", 
    "fields": {
      "description": "", 
      "content_type": [
        "repository", 
        "outcome"
      ], 
      "language": "es", 
      "object_id": 39
    }
  }, 
  {
    "pk": 8, 
    "model": "repository.outcometranslation", 
    "fields": {
      "description": "qualidade de vida", 
      "content_type": [
        "repository", 
        "outcome"
      ], 
      "language": "pt-br", 
      "object_id": 39
    }
  }, 
  {
    "pk": 9, 
    "model": "repository.outcometranslation", 
    "fields": {
      "description": "", 
      "content_type": [
        "repository", 
        "outcome"
      ], 
      "language": "es", 
      "object_id": 40
    }
  }, 
  {
    "pk": 10, 
    "model": "repository.outcometranslation", 
    "fields": {
      "description": "1", 
      "content_type": [
        "repository", 
        "outcome"
      ], 
      "language": "pt-br", 
      "object_id": 40
    }
  }, 
  {
    "pk": 11, 
    "model": "repository.outcometranslation", 
    "fields": {
      "description": "", 
      "content_type": [
        "repository", 
        "outcome"
      ], 
      "language": "es", 
      "object_id": 41
    }
  }, 
  {
    "pk": 12, 
    "model": "repository.outcometranslation", 
    "fields": {
      "description": "2", 
      "content_type": [
        "repository", 
        "outcome"
      ], 
      "language": "pt-br", 
      "object_id": 41
    }
  }, 
  {
    "pk": 13, 
    "model": "repository.outcometranslation", 
    "fields": {
      "description": "La primera ocurrencia de cualquier uno de los siguientes resultados clinicamente significativos: \r\nmuerte\r\nataque card\u00edaco que requiera desfribilaci\u00f3n o cardioversi\u00f3n\r\ntaquicardia ventricular embasada por documentaci\u00f3n que requiera cardioversi\u00f3n\r\nnuevo desarrollo de insufici\u00eancia card\u00edaca congestiva sintom\u00e1tica\r\nimplantaci\u00f3n de marcapaso o desfibrilador\r\nacidente vascular encef\u00e1lico o cualquier otro evento tromb\u00f3tico en pacientes con fen\u00f4menos tromboemb\u00f3licos pr\u00e9vios", 
      "content_type": [
        "repository", 
        "outcome"
      ], 
      "language": "es", 
      "object_id": 42
    }
  }, 
  {
    "pk": 14, 
    "model": "repository.outcometranslation", 
    "fields": {
      "description": "A primeira ocorr\u00eancia de qual um dos seguintes desfechos clinicamente significativos: \r\nmorte\r\nparada card\u00edaca que requer desfribila\u00e7\u00e3o ou cardiovers\u00e3o\r\ntaquicardia ventricular embasada por dicumenta\u00e7\u00e3o que requer cardiovers\u00e3o\r\nnovo desenvolvimento de insufici\u00eancia card\u00edaca congestiva sintom\u00e1tica\r\nimplanta\u00e7\u00e3o de marcapasso ou desfibrilador\r\nacidente vascular encef\u00e1lico ou qualquer outro evento tromb\u00f3tico em pacientes com fen\u00f4menos tromboemb\u00f3licos pr\u00e9vios", 
      "content_type": [
        "repository", 
        "outcome"
      ], 
      "language": "pt-br", 
      "object_id": 42
    }
  }, 
  {
    "pk": 15, 
    "model": "repository.outcometranslation", 
    "fields": {
      "description": "Desarrollo de cualquiera de los siguientes cambios ecocardiogr\u00e1ficos: \r\naneurisma ventricular\r\nreduci\u00f3n de fracci\u00f3n de ejeci\u00f3n ventricular izquierda > 5%, aumento de disfunci\u00f3n diast\u00f3lica ventricular izquierda > 5.0 mm  comparada a la evaluaci\u00f3n inicial\r\nProgresi\u00f3n en la clase funcional de la New York Heart Association (NYHA) en por lo menos una categoria, evaluaci\u00f3n de la seguran\u00e7a (eventos adversos: dermatite, neuropatia perif\u00e9rica, intoler\u00e2ncia gastrointestinal, leucopenia [2500 x 10^9 L]), toler\u00e2ncia e adesi\u00f3n al tratamiento", 
      "content_type": [
        "repository", 
        "outcome"
      ], 
      "language": "es", 
      "object_id": 43
    }
  }, 
  {
    "pk": 16, 
    "model": "repository.outcometranslation", 
    "fields": {
      "description": "Desenvolvimento de qualquer uma das seguintes mudan\u00e7as ecocardiogr\u00e1ficas: \r\naneurisma ventricular\r\nredu\u00e7\u00e3o da fra\u00e7\u00e3o de eje\u00e7\u00e3o ventricular esquerda > 5%, aumento na disfun\u00e7\u00e3o diast\u00f3lica ventricular esquerda > 5.0 mm  comparada \u00e0 avalia\u00e7\u00e3o inicial\r\nprogress\u00e3o na classe funcional da New York Heart Association (NYHA) em pelo menos uma categoria, avalia\u00e7\u00e3o da seguran\u00e7a (eventos adversos: dermatite, neuropatia perif\u00e9rica, intoler\u00e2ncia gastrointestinal, leucopenia [2500 x 10^9 L]), toler\u00e2ncia e ader\u00eancia ao tratamento", 
      "content_type": [
        "repository", 
        "outcome"
      ], 
      "language": "pt-br", 
      "object_id": 43
    }
  }, 
  {
    "pk": 17, 
    "model": "repository.outcometranslation", 
    "fields": {
      "description": "", 
      "content_type": [
        "repository", 
        "outcome"
      ], 
      "language": "es", 
      "object_id": 44
    }
  }, 
  {
    "pk": 18, 
    "model": "repository.outcometranslation", 
    "fields": {
      "description": "Estudo prospectivo cego para o investigador que envolve 25 homens e mulheres adultos com vitiligo no dorso das m\u00e3os. Ministransplante punch ser\u00e1 realizado em ambas as m\u00e3os retirando a pele de coxas e/ou n\u00e1degas. Tratamentos com luz ser\u00e3o administrados uma semana ap\u00f3s o transplante. Uma m\u00e3o receber\u00e1 luz ultravioleta B de banda estreita e a outra receber\u00e1 tratamento com luz focal de 308-nm. Os tratamentos de luz ser\u00e3o administrados 3 vezes por semana durante 12 semanas. Uma visita de seguimento de longo prazo ser\u00e1 completada na 25a semana. O investigador ir\u00e1 avaliar os participantes nas semanas 4, 7, 13 e 25, al\u00e9m de rastreamento e avalia\u00e7\u00f5es/procedimentos no in\u00edcio do estudo.", 
      "content_type": [
        "repository", 
        "outcome"
      ], 
      "language": "pt-br", 
      "object_id": 44
    }
  }, 
  {
    "pk": 19, 
    "model": "repository.outcometranslation", 
    "fields": {
      "description": "", 
      "content_type": [
        "repository", 
        "outcome"
      ], 
      "language": "es", 
      "object_id": 45
    }
  }, 
  {
    "pk": 20, 
    "model": "repository.outcometranslation", 
    "fields": {
      "description": "Pwercentual da repigmenta\u00e7\u00e3o dos transplantes individuais sobreviventes, percntual de repigmenta\u00e7\u00e3o de todos os transplantes sobreviventes e percentual de repigmenta\u00e7\u00e3o das les\u00f5es de pele com cada fonte de luz. Tempo total do estudo: 25 semanas. ", 
      "content_type": [
        "repository", 
        "outcome"
      ], 
      "language": "pt-br", 
      "object_id": 45
    }
  }, 
  {
    "pk": 21, 
    "model": "repository.outcometranslation", 
    "fields": {
      "description": "", 
      "content_type": [
        "repository", 
        "outcome"
      ], 
      "language": "es", 
      "object_id": 46
    }
  }, 
  {
    "pk": 22, 
    "model": "repository.outcometranslation", 
    "fields": {
      "description": "incid\u00eancia de pr\u00e9-eclampsia", 
      "content_type": [
        "repository", 
        "outcome"
      ], 
      "language": "pt-br", 
      "object_id": 46
    }
  }, 
  {
    "pk": 23, 
    "model": "repository.outcometranslation", 
    "fields": {
      "description": "", 
      "content_type": [
        "repository", 
        "outcome"
      ], 
      "language": "es", 
      "object_id": 47
    }
  }, 
  {
    "pk": 24, 
    "model": "repository.outcometranslation", 
    "fields": {
      "description": "propor\u00e7\u00e3o de pacientes com carga viral inferior a 80 ao final do tratamento da tuberculose \r\n\r\n[Per\u00edodo de observa\u00e7\u00e3o: 6 meses] ", 
      "content_type": [
        "repository", 
        "outcome"
      ], 
      "language": "pt-br", 
      "object_id": 47
    }
  }, 
  {
    "pk": 25, 
    "model": "repository.outcometranslation", 
    "fields": {
      "description": "", 
      "content_type": [
        "repository", 
        "outcome"
      ], 
      "language": "es", 
      "object_id": 48
    }
  }, 
  {
    "pk": 26, 
    "model": "repository.outcometranslation", 
    "fields": {
      "description": "propor\u00e7\u00e3o de eventos adversos em cada grupo \r\n\r\n[Per\u00edodo de observa\u00e7\u00e3o: 6 meses]", 
      "content_type": [
        "repository", 
        "outcome"
      ], 
      "language": "pt-br", 
      "object_id": 48
    }
  }, 
  {
    "pk": 27, 
    "model": "repository.outcometranslation", 
    "fields": {
      "description": "", 
      "content_type": [
        "repository", 
        "outcome"
      ], 
      "language": "es", 
      "object_id": 49
    }
  }, 
  {
    "pk": 28, 
    "model": "repository.outcometranslation", 
    "fields": {
      "description": "reconstitui\u00e7\u00e3o imunol\u00f3gica \r\n\r\n[Per\u00edodo de observa\u00e7\u00e3o: 6 meses]", 
      "content_type": [
        "repository", 
        "outcome"
      ], 
      "language": "pt-br", 
      "object_id": 49
    }
  }, 
  {
    "pk": 29, 
    "model": "repository.outcometranslation", 
    "fields": {
      "description": "", 
      "content_type": [
        "repository", 
        "outcome"
      ], 
      "language": "es", 
      "object_id": 50
    }
  }, 
  {
    "pk": 30, 
    "model": "repository.outcometranslation", 
    "fields": {
      "description": "Genotipagem da resist\u00eancia \r\n\r\n[Per\u00edodo de observa\u00e7\u00e3o: 6 meses]", 
      "content_type": [
        "repository", 
        "outcome"
      ], 
      "language": "pt-br", 
      "object_id": 50
    }
  }, 
  {
    "pk": 33, 
    "model": "repository.outcometranslation", 
    "fields": {
      "description": "", 
      "content_type": [
        "repository", 
        "outcome"
      ], 
      "language": "es", 
      "object_id": 52
    }
  }, 
  {
    "pk": 34, 
    "model": "repository.outcometranslation", 
    "fields": {
      "description": "Redu\u00e7\u00e3o de 50% na taxa de progress\u00e3o dos sintomas card\u00edacos pela compara\u00e7\u00e3o das m\u00e9dias de fra\u00e7\u00e3o de eje\u00e7\u00e3o ventricular esquerda", 
      "content_type": [
        "repository", 
        "outcome"
      ], 
      "language": "pt-br", 
      "object_id": 52
    }
  }, 
  {
    "pk": 35, 
    "model": "repository.outcometranslation", 
    "fields": {
      "description": "", 
      "content_type": [
        "repository", 
        "outcome"
      ], 
      "language": "es", 
      "object_id": 53
    }
  }, 
  {
    "pk": 36, 
    "model": "repository.outcometranslation", 
    "fields": {
      "description": "Revers\u00e3o parcial ou total nas altera\u00e7\u00f5es eletrocardiogr\u00e1ficas", 
      "content_type": [
        "repository", 
        "outcome"
      ], 
      "language": "pt-br", 
      "object_id": 53
    }
  }, 
  {
    "pk": 31, 
    "model": "repository.outcometranslation", 
    "fields": {
      "description": "", 
      "content_type": [
        "repository", 
        "outcome"
      ], 
      "language": "es", 
      "object_id": 51
    }
  }, 
  {
    "pk": 32, 
    "model": "repository.outcometranslation", 
    "fields": {
      "description": "adasdsa", 
      "content_type": [
        "repository", 
        "outcome"
      ], 
      "language": "pt-br", 
      "object_id": 51
    }
  }, 
  {
    "pk": 1, 
    "model": "repository.descriptortranslation", 
    "fields": {
      "text": "", 
      "content_type": [
        "repository", 
        "descriptor"
      ], 
      "language": "en", 
      "object_id": 15
    }
  }, 
  {
    "pk": 2, 
    "model": "repository.descriptortranslation", 
    "fields": {
      "text": "cefal\u00e9ia", 
      "content_type": [
        "repository", 
        "descriptor"
      ], 
      "language": "pt-br", 
      "object_id": 15
    }
  }, 
  {
    "pk": 3, 
    "model": "repository.descriptortranslation", 
    "fields": {
      "text": "", 
      "content_type": [
        "repository", 
        "descriptor"
      ], 
      "language": "es", 
      "object_id": 15
    }
  }, 
  {
    "pk": 4, 
    "model": "repository.descriptortranslation", 
    "fields": {
      "text": "", 
      "content_type": [
        "repository", 
        "descriptor"
      ], 
      "language": "en", 
      "object_id": 16
    }
  }, 
  {
    "pk": 5, 
    "model": "repository.descriptortranslation", 
    "fields": {
      "text": "Doen\u00e7as dos animais", 
      "content_type": [
        "repository", 
        "descriptor"
      ], 
      "language": "pt-br", 
      "object_id": 16
    }
  }, 
  {
    "pk": 6, 
    "model": "repository.descriptortranslation", 
    "fields": {
      "text": "Enfermedades de los animales", 
      "content_type": [
        "repository", 
        "descriptor"
      ], 
      "language": "es", 
      "object_id": 16
    }
  }, 
  {
    "pk": 7, 
    "model": "repository.descriptortranslation", 
    "fields": {
      "text": "", 
      "content_type": [
        "repository", 
        "descriptor"
      ], 
      "language": "en", 
      "object_id": 17
    }
  }, 
  {
    "pk": 8, 
    "model": "repository.descriptortranslation", 
    "fields": {
      "text": "", 
      "content_type": [
        "repository", 
        "descriptor"
      ], 
      "language": "pt-br", 
      "object_id": 17
    }
  }, 
  {
    "pk": 9, 
    "model": "repository.descriptortranslation", 
    "fields": {
      "text": "", 
      "content_type": [
        "repository", 
        "descriptor"
      ], 
      "language": "es", 
      "object_id": 17
    }
  }, 
  {
    "pk": 10, 
    "model": "repository.descriptortranslation", 
    "fields": {
      "text": "", 
      "content_type": [
        "repository", 
        "descriptor"
      ], 
      "language": "es", 
      "object_id": 18
    }
  }, 
  {
    "pk": 11, 
    "model": "repository.descriptortranslation", 
    "fields": {
      "text": "melanoma ", 
      "content_type": [
        "repository", 
        "descriptor"
      ], 
      "language": "pt-br", 
      "object_id": 18
    }
  }, 
  {
    "pk": 12, 
    "model": "repository.descriptortranslation", 
    "fields": {
      "text": "", 
      "content_type": [
        "repository", 
        "descriptor"
      ], 
      "language": "es", 
      "object_id": 19
    }
  }, 
  {
    "pk": 13, 
    "model": "repository.descriptortranslation", 
    "fields": {
      "text": "melanoma irressec\u00e1vel ou metast\u00e1tico", 
      "content_type": [
        "repository", 
        "descriptor"
      ], 
      "language": "pt-br", 
      "object_id": 19
    }
  }, 
  {
    "pk": 14, 
    "model": "repository.descriptortranslation", 
    "fields": {
      "text": "Neoplasias", 
      "content_type": [
        "repository", 
        "descriptor"
      ], 
      "language": "es", 
      "object_id": 20
    }
  }, 
  {
    "pk": 15, 
    "model": "repository.descriptortranslation", 
    "fields": {
      "text": "Neoplasias", 
      "content_type": [
        "repository", 
        "descriptor"
      ], 
      "language": "pt-br", 
      "object_id": 20
    }
  }, 
  {
    "pk": 16, 
    "model": "repository.descriptortranslation", 
    "fields": {
      "text": "", 
      "content_type": [
        "repository", 
        "descriptor"
      ], 
      "language": "es", 
      "object_id": 21
    }
  }, 
  {
    "pk": 17, 
    "model": "repository.descriptortranslation", 
    "fields": {
      "text": "melanoma", 
      "content_type": [
        "repository", 
        "descriptor"
      ], 
      "language": "pt-br", 
      "object_id": 21
    }
  }, 
  {
    "pk": 98, 
    "model": "repository.descriptortranslation", 
    "fields": {
      "text": "Infecci\u00f3n de Herida Operatoria", 
      "content_type": [
        "repository", 
        "descriptor"
      ], 
      "language": "es", 
      "object_id": 53
    }
  }, 
  {
    "pk": 97, 
    "model": "repository.descriptortranslation", 
    "fields": {
      "text": "Doen\u00e7as musculosquel\u00e9ticas", 
      "content_type": [
        "repository", 
        "descriptor"
      ], 
      "language": "pt-br", 
      "object_id": 52
    }
  }, 
  {
    "pk": 22, 
    "model": "repository.descriptortranslation", 
    "fields": {
      "text": "", 
      "content_type": [
        "repository", 
        "descriptor"
      ], 
      "language": "es", 
      "object_id": 24
    }
  }, 
  {
    "pk": 23, 
    "model": "repository.descriptortranslation", 
    "fields": {
      "text": "asfdasdfafda", 
      "content_type": [
        "repository", 
        "descriptor"
      ], 
      "language": "pt-br", 
      "object_id": 24
    }
  }, 
  {
    "pk": 24, 
    "model": "repository.descriptortranslation", 
    "fields": {
      "text": "", 
      "content_type": [
        "repository", 
        "descriptor"
      ], 
      "language": "es", 
      "object_id": 25
    }
  }, 
  {
    "pk": 25, 
    "model": "repository.descriptortranslation", 
    "fields": {
      "text": "1111111111", 
      "content_type": [
        "repository", 
        "descriptor"
      ], 
      "language": "pt-br", 
      "object_id": 25
    }
  }, 
  {
    "pk": 96, 
    "model": "repository.descriptortranslation", 
    "fields": {
      "text": "Enfermedades musculoesquel\u00e9ticas", 
      "content_type": [
        "repository", 
        "descriptor"
      ], 
      "language": "es", 
      "object_id": 52
    }
  }, 
  {
    "pk": 28, 
    "model": "repository.descriptortranslation", 
    "fields": {
      "text": "", 
      "content_type": [
        "repository", 
        "descriptor"
      ], 
      "language": "es", 
      "object_id": 27
    }
  }, 
  {
    "pk": 29, 
    "model": "repository.descriptortranslation", 
    "fields": {
      "text": "bevacizumabe", 
      "content_type": [
        "repository", 
        "descriptor"
      ], 
      "language": "pt-br", 
      "object_id": 27
    }
  }, 
  {
    "pk": 30, 
    "model": "repository.descriptortranslation", 
    "fields": {
      "text": "", 
      "content_type": [
        "repository", 
        "descriptor"
      ], 
      "language": "es", 
      "object_id": 28
    }
  }, 
  {
    "pk": 31, 
    "model": "repository.descriptortranslation", 
    "fields": {
      "text": "placebo", 
      "content_type": [
        "repository", 
        "descriptor"
      ], 
      "language": "pt-br", 
      "object_id": 28
    }
  }, 
  {
    "pk": 32, 
    "model": "repository.descriptortranslation", 
    "fields": {
      "text": "Enfermedades cardiovasculares", 
      "content_type": [
        "repository", 
        "descriptor"
      ], 
      "language": "es", 
      "object_id": 29
    }
  }, 
  {
    "pk": 33, 
    "model": "repository.descriptortranslation", 
    "fields": {
      "text": "Doen\u00e7as cardiovasculares", 
      "content_type": [
        "repository", 
        "descriptor"
      ], 
      "language": "pt-br", 
      "object_id": 29
    }
  }, 
  {
    "pk": 34, 
    "model": "repository.descriptortranslation", 
    "fields": {
      "text": "Tripanosomiasis com comprometimiento ", 
      "content_type": [
        "repository", 
        "descriptor"
      ], 
      "language": "es", 
      "object_id": 30
    }
  }, 
  {
    "pk": 35, 
    "model": "repository.descriptortranslation", 
    "fields": {
      "text": "Doen\u00e7a de Chagas (cr\u00f4nica) com comprometimento card\u00edaco", 
      "content_type": [
        "repository", 
        "descriptor"
      ], 
      "language": "pt-br", 
      "object_id": 30
    }
  }, 
  {
    "pk": 36, 
    "model": "repository.descriptortranslation", 
    "fields": {
      "text": "Enfermedades parasitarias", 
      "content_type": [
        "repository", 
        "descriptor"
      ], 
      "language": "es", 
      "object_id": 31
    }
  }, 
  {
    "pk": 37, 
    "model": "repository.descriptortranslation", 
    "fields": {
      "text": "Doen\u00e7as parasit\u00e1rias", 
      "content_type": [
        "repository", 
        "descriptor"
      ], 
      "language": "pt-br", 
      "object_id": 31
    }
  }, 
  {
    "pk": 38, 
    "model": "repository.descriptortranslation", 
    "fields": {
      "text": "Enfermedades parasitarias", 
      "content_type": [
        "repository", 
        "descriptor"
      ], 
      "language": "es", 
      "object_id": 32
    }
  }, 
  {
    "pk": 39, 
    "model": "repository.descriptortranslation", 
    "fields": {
      "text": "Doen\u00e7as parasit\u00e1rias", 
      "content_type": [
        "repository", 
        "descriptor"
      ], 
      "language": "pt-br", 
      "object_id": 32
    }
  }, 
  {
    "pk": 40, 
    "model": "repository.descriptortranslation", 
    "fields": {
      "text": "Enfermedades de la piel y tejido conjuntivo", 
      "content_type": [
        "repository", 
        "descriptor"
      ], 
      "language": "es", 
      "object_id": 33
    }
  }, 
  {
    "pk": 41, 
    "model": "repository.descriptortranslation", 
    "fields": {
      "text": "Doen\u00e7as da pele e do tecido conjuntivo", 
      "content_type": [
        "repository", 
        "descriptor"
      ], 
      "language": "pt-br", 
      "object_id": 33
    }
  }, 
  {
    "pk": 42, 
    "model": "repository.descriptortranslation", 
    "fields": {
      "text": "", 
      "content_type": [
        "repository", 
        "descriptor"
      ], 
      "language": "es", 
      "object_id": 34
    }
  }, 
  {
    "pk": 43, 
    "model": "repository.descriptortranslation", 
    "fields": {
      "text": "vitiligo", 
      "content_type": [
        "repository", 
        "descriptor"
      ], 
      "language": "pt-br", 
      "object_id": 34
    }
  }, 
  {
    "pk": 44, 
    "model": "repository.descriptortranslation", 
    "fields": {
      "text": "", 
      "content_type": [
        "repository", 
        "descriptor"
      ], 
      "language": "es", 
      "object_id": 35
    }
  }, 
  {
    "pk": 45, 
    "model": "repository.descriptortranslation", 
    "fields": {
      "text": "pigmenta\u00e7\u00e3o da pele", 
      "content_type": [
        "repository", 
        "descriptor"
      ], 
      "language": "pt-br", 
      "object_id": 35
    }
  }, 
  {
    "pk": 46, 
    "model": "repository.descriptortranslation", 
    "fields": {
      "text": "Enfermedades cardiovasculares", 
      "content_type": [
        "repository", 
        "descriptor"
      ], 
      "language": "es", 
      "object_id": 11
    }
  }, 
  {
    "pk": 47, 
    "model": "repository.descriptortranslation", 
    "fields": {
      "text": "Doen\u00e7as cardiovasculares", 
      "content_type": [
        "repository", 
        "descriptor"
      ], 
      "language": "pt-br", 
      "object_id": 11
    }
  }, 
  {
    "pk": 48, 
    "model": "repository.descriptortranslation", 
    "fields": {
      "text": "Isquemia Mioc\u00e1rdica", 
      "content_type": [
        "repository", 
        "descriptor"
      ], 
      "language": "es", 
      "object_id": 12
    }
  }, 
  {
    "pk": 49, 
    "model": "repository.descriptortranslation", 
    "fields": {
      "text": "Isquemia Mioc\u00e1rdica", 
      "content_type": [
        "repository", 
        "descriptor"
      ], 
      "language": "pt-br", 
      "object_id": 12
    }
  }, 
  {
    "pk": 50, 
    "model": "repository.descriptortranslation", 
    "fields": {
      "text": "Estenosis Coronaria", 
      "content_type": [
        "repository", 
        "descriptor"
      ], 
      "language": "es", 
      "object_id": 13
    }
  }, 
  {
    "pk": 51, 
    "model": "repository.descriptortranslation", 
    "fields": {
      "text": "Estenose Coron\u00e1ria", 
      "content_type": [
        "repository", 
        "descriptor"
      ], 
      "language": "pt-br", 
      "object_id": 13
    }
  }, 
  {
    "pk": 52, 
    "model": "repository.descriptortranslation", 
    "fields": {
      "text": "Reestenosis Coronaria", 
      "content_type": [
        "repository", 
        "descriptor"
      ], 
      "language": "es", 
      "object_id": 14
    }
  }, 
  {
    "pk": 53, 
    "model": "repository.descriptortranslation", 
    "fields": {
      "text": "Reestenose Coron\u00e1ria", 
      "content_type": [
        "repository", 
        "descriptor"
      ], 
      "language": "pt-br", 
      "object_id": 14
    }
  }, 
  {
    "pk": 54, 
    "model": "repository.descriptortranslation", 
    "fields": {
      "text": "Enfermedades cardiovasculares", 
      "content_type": [
        "repository", 
        "descriptor"
      ], 
      "language": "es", 
      "object_id": 1
    }
  }, 
  {
    "pk": 55, 
    "model": "repository.descriptortranslation", 
    "fields": {
      "text": "Doen\u00e7as cardiovasculares", 
      "content_type": [
        "repository", 
        "descriptor"
      ], 
      "language": "pt-br", 
      "object_id": 1
    }
  }, 
  {
    "pk": 56, 
    "model": "repository.descriptortranslation", 
    "fields": {
      "text": "Isquemia Mioc\u00e1rdica", 
      "content_type": [
        "repository", 
        "descriptor"
      ], 
      "language": "es", 
      "object_id": 2
    }
  }, 
  {
    "pk": 57, 
    "model": "repository.descriptortranslation", 
    "fields": {
      "text": "Isquemia Mioc\u00e1rdica", 
      "content_type": [
        "repository", 
        "descriptor"
      ], 
      "language": "pt-br", 
      "object_id": 2
    }
  }, 
  {
    "pk": 58, 
    "model": "repository.descriptortranslation", 
    "fields": {
      "text": "Enfermedad de la Arteria Coronaria", 
      "content_type": [
        "repository", 
        "descriptor"
      ], 
      "language": "es", 
      "object_id": 3
    }
  }, 
  {
    "pk": 59, 
    "model": "repository.descriptortranslation", 
    "fields": {
      "text": "Doen\u00e7a da Art\u00e9ria Coronariana", 
      "content_type": [
        "repository", 
        "descriptor"
      ], 
      "language": "pt-br", 
      "object_id": 3
    }
  }, 
  {
    "pk": 60, 
    "model": "repository.descriptortranslation", 
    "fields": {
      "text": "Estenosis Coronaria", 
      "content_type": [
        "repository", 
        "descriptor"
      ], 
      "language": "es", 
      "object_id": 7
    }
  }, 
  {
    "pk": 61, 
    "model": "repository.descriptortranslation", 
    "fields": {
      "text": "Estenose Coron\u00e1ria", 
      "content_type": [
        "repository", 
        "descriptor"
      ], 
      "language": "pt-br", 
      "object_id": 7
    }
  }, 
  {
    "pk": 62, 
    "model": "repository.descriptortranslation", 
    "fields": {
      "text": "F\u00edstula Arteriovenosa", 
      "content_type": [
        "repository", 
        "descriptor"
      ], 
      "language": "es", 
      "object_id": 9
    }
  }, 
  {
    "pk": 63, 
    "model": "repository.descriptortranslation", 
    "fields": {
      "text": "F\u00edstula Arteriovenosa", 
      "content_type": [
        "repository", 
        "descriptor"
      ], 
      "language": "pt-br", 
      "object_id": 9
    }
  }, 
  {
    "pk": 64, 
    "model": "repository.descriptortranslation", 
    "fields": {
      "text": "", 
      "content_type": [
        "repository", 
        "descriptor"
      ], 
      "language": "es", 
      "object_id": 36
    }
  }, 
  {
    "pk": 65, 
    "model": "repository.descriptortranslation", 
    "fields": {
      "text": "XE321", 
      "content_type": [
        "repository", 
        "descriptor"
      ], 
      "language": "pt-br", 
      "object_id": 36
    }
  }, 
  {
    "pk": 66, 
    "model": "repository.descriptortranslation", 
    "fields": {
      "text": "Infecciones bacterianas y micosis", 
      "content_type": [
        "repository", 
        "descriptor"
      ], 
      "language": "es", 
      "object_id": 37
    }
  }, 
  {
    "pk": 67, 
    "model": "repository.descriptortranslation", 
    "fields": {
      "text": "Infec\u00e7\u00f5es bacterianas e micoses", 
      "content_type": [
        "repository", 
        "descriptor"
      ], 
      "language": "pt-br", 
      "object_id": 37
    }
  }, 
  {
    "pk": 68, 
    "model": "repository.descriptortranslation", 
    "fields": {
      "text": "Enfermedades del sistema inmune", 
      "content_type": [
        "repository", 
        "descriptor"
      ], 
      "language": "es", 
      "object_id": 38
    }
  }, 
  {
    "pk": 69, 
    "model": "repository.descriptortranslation", 
    "fields": {
      "text": "Doen\u00e7as do sistema imune", 
      "content_type": [
        "repository", 
        "descriptor"
      ], 
      "language": "pt-br", 
      "object_id": 38
    }
  }, 
  {
    "pk": 70, 
    "model": "repository.descriptortranslation", 
    "fields": {
      "text": "", 
      "content_type": [
        "repository", 
        "descriptor"
      ], 
      "language": "es", 
      "object_id": 39
    }
  }, 
  {
    "pk": 71, 
    "model": "repository.descriptortranslation", 
    "fields": {
      "text": "Tuberculose n\u00e3o especificada das vias respirat\u00f3rias, com confirma\u00e7\u00e3o bacteriol\u00f3gica e histol\u00f3gica", 
      "content_type": [
        "repository", 
        "descriptor"
      ], 
      "language": "pt-br", 
      "object_id": 39
    }
  }, 
  {
    "pk": 72, 
    "model": "repository.descriptortranslation", 
    "fields": {
      "text": "", 
      "content_type": [
        "repository", 
        "descriptor"
      ], 
      "language": "es", 
      "object_id": 40
    }
  }, 
  {
    "pk": 73, 
    "model": "repository.descriptortranslation", 
    "fields": {
      "text": "Rifampina", 
      "content_type": [
        "repository", 
        "descriptor"
      ], 
      "language": "pt-br", 
      "object_id": 40
    }
  }, 
  {
    "pk": 74, 
    "model": "repository.descriptortranslation", 
    "fields": {
      "text": "Transfusi\u00f3n de Sangre Aut\u00f3loga", 
      "content_type": [
        "repository", 
        "descriptor"
      ], 
      "language": "es", 
      "object_id": 41
    }
  }, 
  {
    "pk": 75, 
    "model": "repository.descriptortranslation", 
    "fields": {
      "text": "Transfus\u00e3o de Sangue Aut\u00f3loga", 
      "content_type": [
        "repository", 
        "descriptor"
      ], 
      "language": "pt-br", 
      "object_id": 41
    }
  }, 
  {
    "pk": 82, 
    "model": "repository.descriptortranslation", 
    "fields": {
      "text": "", 
      "content_type": [
        "repository", 
        "descriptor"
      ], 
      "language": "es", 
      "object_id": 45
    }
  }, 
  {
    "pk": 81, 
    "model": "repository.descriptortranslation", 
    "fields": {
      "text": "Doen\u00e7as cardiovasculares", 
      "content_type": [
        "repository", 
        "descriptor"
      ], 
      "language": "pt-br", 
      "object_id": 44
    }
  }, 
  {
    "pk": 80, 
    "model": "repository.descriptortranslation", 
    "fields": {
      "text": "Enfermedades cardiovasculares", 
      "content_type": [
        "repository", 
        "descriptor"
      ], 
      "language": "es", 
      "object_id": 44
    }
  }, 
  {
    "pk": 76, 
    "model": "repository.descriptortranslation", 
    "fields": {
      "text": "Enfermedades urogenitales masculinas", 
      "content_type": [
        "repository", 
        "descriptor"
      ], 
      "language": "es", 
      "object_id": 42
    }
  }, 
  {
    "pk": 77, 
    "model": "repository.descriptortranslation", 
    "fields": {
      "text": "Doen\u00e7as urogenitais masculinas", 
      "content_type": [
        "repository", 
        "descriptor"
      ], 
      "language": "pt-br", 
      "object_id": 42
    }
  }, 
  {
    "pk": 78, 
    "model": "repository.descriptortranslation", 
    "fields": {
      "text": "Servicios M\u00e9dicos de Urgencia", 
      "content_type": [
        "repository", 
        "descriptor"
      ], 
      "language": "es", 
      "object_id": 43
    }
  }, 
  {
    "pk": 79, 
    "model": "repository.descriptortranslation", 
    "fields": {
      "text": "Servi\u00e7os M\u00e9dicos de Emerg\u00eancia", 
      "content_type": [
        "repository", 
        "descriptor"
      ], 
      "language": "pt-br", 
      "object_id": 43
    }
  }, 
  {
    "pk": 83, 
    "model": "repository.descriptortranslation", 
    "fields": {
      "text": "Doen\u00e7a de Chagas (cr\u00f4nica) com comprometimento card\u00edaco", 
      "content_type": [
        "repository", 
        "descriptor"
      ], 
      "language": "pt-br", 
      "object_id": 45
    }
  }, 
  {
    "pk": 84, 
    "model": "repository.descriptortranslation", 
    "fields": {
      "text": "Cardiomiopat\u00eda Chag\u00e1sica", 
      "content_type": [
        "repository", 
        "descriptor"
      ], 
      "language": "es", 
      "object_id": 46
    }
  }, 
  {
    "pk": 85, 
    "model": "repository.descriptortranslation", 
    "fields": {
      "text": "Cardiomiopatia Chag\u00e1sica", 
      "content_type": [
        "repository", 
        "descriptor"
      ], 
      "language": "pt-br", 
      "object_id": 46
    }
  }, 
  {
    "pk": 86, 
    "model": "repository.descriptortranslation", 
    "fields": {
      "text": "Selenito de Sodio", 
      "content_type": [
        "repository", 
        "descriptor"
      ], 
      "language": "es", 
      "object_id": 47
    }
  }, 
  {
    "pk": 87, 
    "model": "repository.descriptortranslation", 
    "fields": {
      "text": "Selenito de S\u00f3dio", 
      "content_type": [
        "repository", 
        "descriptor"
      ], 
      "language": "pt-br", 
      "object_id": 47
    }
  }, 
  {
    "pk": 88, 
    "model": "repository.descriptortranslation", 
    "fields": {
      "text": "Condiciones patol\u00f3gicas, signos y s\u00edntomas", 
      "content_type": [
        "repository", 
        "descriptor"
      ], 
      "language": "es", 
      "object_id": 48
    }
  }, 
  {
    "pk": 89, 
    "model": "repository.descriptortranslation", 
    "fields": {
      "text": "Condi\u00e7\u00f5es patol\u00f3gicas, sinais e sintomas", 
      "content_type": [
        "repository", 
        "descriptor"
      ], 
      "language": "pt-br", 
      "object_id": 48
    }
  }, 
  {
    "pk": 90, 
    "model": "repository.descriptortranslation", 
    "fields": {
      "text": "Cefalea", 
      "content_type": [
        "repository", 
        "descriptor"
      ], 
      "language": "es", 
      "object_id": 49
    }
  }, 
  {
    "pk": 91, 
    "model": "repository.descriptortranslation", 
    "fields": {
      "text": "Cefal\u00e9ia", 
      "content_type": [
        "repository", 
        "descriptor"
      ], 
      "language": "pt-br", 
      "object_id": 49
    }
  }, 
  {
    "pk": 92, 
    "model": "repository.descriptortranslation", 
    "fields": {
      "text": "Cardiomiopat\u00eda Chag\u00e1sica", 
      "content_type": [
        "repository", 
        "descriptor"
      ], 
      "language": "es", 
      "object_id": 50
    }
  }, 
  {
    "pk": 93, 
    "model": "repository.descriptortranslation", 
    "fields": {
      "text": "Cardiomiopatia Chag\u00e1sica", 
      "content_type": [
        "repository", 
        "descriptor"
      ], 
      "language": "pt-br", 
      "object_id": 50
    }
  }, 
  {
    "pk": 99, 
    "model": "repository.descriptortranslation", 
    "fields": {
      "text": "Infec\u00e7\u00e3o da Ferida Operat\u00f3ria", 
      "content_type": [
        "repository", 
        "descriptor"
      ], 
      "language": "pt-br", 
      "object_id": 53
    }
  }, 
  {
    "pk": 100, 
    "model": "repository.descriptortranslation", 
    "fields": {
      "text": "Atlas Cervical", 
      "content_type": [
        "repository", 
        "descriptor"
      ], 
      "language": "es", 
      "object_id": 54
    }
  }, 
  {
    "pk": 101, 
    "model": "repository.descriptortranslation", 
    "fields": {
      "text": "Atlas Cervical", 
      "content_type": [
        "repository", 
        "descriptor"
      ], 
      "language": "pt-br", 
      "object_id": 54
    }
  }, 
  {
    "pk": 1, 
    "model": "reviewapp.userprofile", 
    "fields": {
      "user": 1, 
      "preferred_language": "pt-BR"
    }
  }, 
  {
    "pk": 2, 
    "model": "reviewapp.userprofile", 
    "fields": {
      "user": 2, 
      "preferred_language": "pt-BR"
    }
  }, 
  {
    "pk": 3, 
    "model": "reviewapp.userprofile", 
    "fields": {
      "user": 3, 
      "preferred_language": "pt-BR"
    }
  }, 
  {
    "pk": 4, 
    "model": "reviewapp.userprofile", 
    "fields": {
      "user": 4, 
      "preferred_language": "pt-BR"
    }
  }, 
  {
    "pk": 5, 
    "model": "reviewapp.userprofile", 
    "fields": {
      "user": 5, 
      "preferred_language": "pt-BR"
    }
  }, 
  {
    "pk": 6, 
    "model": "reviewapp.userprofile", 
    "fields": {
      "user": 6, 
      "preferred_language": "pt-BR"
    }
  }, 
  {
    "pk": 7, 
    "model": "reviewapp.userprofile", 
    "fields": {
      "user": 7, 
      "preferred_language": "pt-BR"
    }
  }, 
  {
    "pk": 8, 
    "model": "reviewapp.userprofile", 
    "fields": {
      "user": 8, 
      "preferred_language": "pt-BR"
    }
  }, 
  {
    "pk": 9, 
    "model": "reviewapp.userprofile", 
    "fields": {
      "user": 9, 
      "preferred_language": "pt-BR"
    }
  }, 
  {
    "pk": 10, 
    "model": "reviewapp.userprofile", 
    "fields": {
      "user": 10, 
      "preferred_language": "pt-BR"
    }
  }, 
  {
    "pk": 11, 
    "model": "reviewapp.userprofile", 
    "fields": {
      "user": 11, 
      "preferred_language": "pt-BR"
    }
  }, 
  {
    "pk": 12, 
    "model": "reviewapp.userprofile", 
    "fields": {
      "user": 12, 
      "preferred_language": "pt-BR"
    }
  }, 
  {
    "pk": 13, 
    "model": "reviewapp.userprofile", 
    "fields": {
      "user": 13, 
      "preferred_language": "pt-BR"
    }
  }, 
  {
    "pk": 14, 
    "model": "reviewapp.userprofile", 
    "fields": {
      "user": 14, 
      "preferred_language": "pt-BR"
    }
  }, 
  {
    "pk": 15, 
    "model": "reviewapp.userprofile", 
    "fields": {
      "user": 15, 
      "preferred_language": "pt-BR"
    }
  }, 
  {
    "pk": 16, 
    "model": "reviewapp.userprofile", 
    "fields": {
      "user": 16, 
      "preferred_language": "pt-BR"
    }
  }, 
  {
    "pk": 17, 
    "model": "reviewapp.userprofile", 
    "fields": {
      "user": 17, 
      "preferred_language": "pt-BR"
    }
  }, 
  {
    "pk": 18, 
    "model": "reviewapp.userprofile", 
    "fields": {
      "user": 18, 
      "preferred_language": "pt-BR"
    }
  }, 
  {
    "pk": 19, 
    "model": "reviewapp.userprofile", 
    "fields": {
      "user": 19, 
      "preferred_language": "pt-BR"
    }
  }, 
  {
    "pk": 20, 
    "model": "reviewapp.userprofile", 
    "fields": {
      "user": 20, 
      "preferred_language": "pt-BR"
    }
  }, 
  {
    "pk": 21, 
    "model": "reviewapp.userprofile", 
    "fields": {
      "user": 21, 
      "preferred_language": "pt-BR"
    }
  }, 
  {
    "pk": 22, 
    "model": "reviewapp.userprofile", 
    "fields": {
      "user": 22, 
      "preferred_language": "pt-BR"
    }
  }, 
  {
    "pk": 23, 
    "model": "reviewapp.userprofile", 
    "fields": {
      "user": 23, 
      "preferred_language": "pt-BR"
    }
  }, 
  {
    "pk": 24, 
    "model": "reviewapp.userprofile", 
    "fields": {
      "user": 24, 
      "preferred_language": "pt-BR"
    }
  }, 
  {
    "pk": 25, 
    "model": "reviewapp.userprofile", 
    "fields": {
      "user": 25, 
      "preferred_language": "pt-BR"
    }
  }, 
  {
    "pk": 26, 
    "model": "reviewapp.userprofile", 
    "fields": {
      "user": 26, 
      "preferred_language": "pt-BR"
    }
  }, 
  {
    "pk": 27, 
    "model": "reviewapp.userprofile", 
    "fields": {
      "user": 27, 
      "preferred_language": "pt-BR"
    }
  }, 
  {
    "pk": 28, 
    "model": "reviewapp.userprofile", 
    "fields": {
      "user": 28, 
      "preferred_language": "pt-BR"
    }
  }, 
  {
    "pk": 29, 
    "model": "reviewapp.userprofile", 
    "fields": {
      "user": 29, 
      "preferred_language": "pt-BR"
    }
  }, 
  {
    "pk": 30, 
    "model": "reviewapp.userprofile", 
    "fields": {
      "user": 30, 
      "preferred_language": "pt-BR"
    }
  }, 
  {
    "pk": 31, 
    "model": "reviewapp.userprofile", 
    "fields": {
      "user": 31, 
      "preferred_language": "pt-BR"
    }
  }, 
  {
    "pk": 32, 
    "model": "reviewapp.userprofile", 
    "fields": {
      "user": 32, 
      "preferred_language": "pt-BR"
    }
  }, 
  {
    "pk": 33, 
    "model": "reviewapp.userprofile", 
    "fields": {
      "user": 33, 
      "preferred_language": "pt-BR"
    }
  }, 
  {
    "pk": 34, 
    "model": "reviewapp.userprofile", 
    "fields": {
      "user": 34, 
      "preferred_language": "pt-BR"
    }
  }, 
  {
    "pk": 35, 
    "model": "reviewapp.userprofile", 
    "fields": {
      "user": 35, 
      "preferred_language": "pt-BR"
    }
  }, 
  {
    "pk": 36, 
    "model": "reviewapp.userprofile", 
    "fields": {
      "user": 36, 
      "preferred_language": "pt-BR"
    }
  }, 
  {
    "pk": 37, 
    "model": "reviewapp.userprofile", 
    "fields": {
      "user": 37, 
      "preferred_language": "pt-BR"
    }
  }, 
  {
    "pk": 38, 
    "model": "reviewapp.userprofile", 
    "fields": {
      "user": 38, 
      "preferred_language": "pt-BR"
    }
  }, 
  {
    "pk": 39, 
    "model": "reviewapp.userprofile", 
    "fields": {
      "user": 39, 
      "preferred_language": "pt-BR"
    }
  }, 
  {
    "pk": 40, 
    "model": "reviewapp.userprofile", 
    "fields": {
      "user": 40, 
      "preferred_language": "pt-BR"
    }
  }, 
  {
    "pk": 41, 
    "model": "reviewapp.userprofile", 
    "fields": {
      "user": 41, 
      "preferred_language": "pt-BR"
    }
  }, 
  {
    "pk": 42, 
    "model": "reviewapp.userprofile", 
    "fields": {
      "user": 42, 
      "preferred_language": "pt-BR"
    }
  }, 
  {
    "pk": 43, 
    "model": "reviewapp.userprofile", 
    "fields": {
      "user": 43, 
      "preferred_language": "pt-BR"
    }
  }, 
  {
    "pk": 44, 
    "model": "reviewapp.userprofile", 
    "fields": {
      "user": 44, 
      "preferred_language": "pt-BR"
    }
  }, 
  {
    "pk": 39, 
    "model": "reviewapp.submission", 
    "fields": {
      "status": "draft", 
      "updated": "2010-09-29 20:44:07", 
      "language": "es", 
      "title": "Ensayo de prueba", 
      "created": "2010-09-27 20:17:22", 
      "trial": 39, 
      "updater": null, 
      "fields_status": "(dp0\nVen\np1\n(dp2\nS'Recruitment'\np3\nI2\nsS'Trial Identification'\np4\nI3\nsS'Attachments'\np5\nI3\nsS'Contacts'\np6\nI2\nsS'Health Conditions'\np7\nI2\nsS'Study Type'\np8\nI2\nsS'Interventions'\np9\nI2\nsS'Sponsors'\np10\nI3\nsS'Outcomes'\np11\nI2\nssVes\np12\n(dp13\ng3\nI2\nsg4\nI3\nsg5\nI3\nsg6\nI2\nsg7\nI2\nsg8\nI2\nsg9\nI2\nsg10\nI3\nsg11\nI2\nss.", 
      "staff_note": "", 
      "creator": 42, 
      "primary_sponsor": 52
    }
  }, 
  {
    "pk": 38, 
    "model": "reviewapp.submission", 
    "fields": {
      "status": "draft", 
      "updated": "2010-09-24 18:06:27", 
      "language": "pt-BR", 
      "title": "T\u00edtulo cient\u00edfico", 
      "created": "2010-09-24 17:55:19", 
      "trial": 38, 
      "updater": null, 
      "fields_status": "(dp0\nVen\np1\n(dp2\nS'Recruitment'\np3\nI2\nsS'Trial Identification'\np4\nI3\nsS'Attachments'\np5\nI3\nsS'Contacts'\np6\nI2\nsS'Health Conditions'\np7\nI2\nsS'Study Type'\np8\nI2\nsS'Interventions'\np9\nI2\nsS'Sponsors'\np10\nI3\nsS'Outcomes'\np11\nI2\nssVpt-br\np12\n(dp13\ng3\nI2\nsg4\nI4\nsg5\nI3\nsg6\nI2\nsg7\nI2\nsg8\nI2\nsg9\nI2\nsg10\nI3\nsg11\nI2\nss.", 
      "staff_note": "", 
      "creator": 41, 
      "primary_sponsor": 51
    }
  }, 
  {
    "pk": 37, 
    "model": "reviewapp.submission", 
    "fields": {
      "status": "draft", 
      "updated": "2010-09-10 23:29:37", 
      "language": "pt-BR", 
      "title": "Estudo aberto: \"Avalia\u00e7\u00e3o da efic\u00e1cia da droga XYZ no tratamento de osteomielite cr\u00f4nica\"", 
      "created": "2010-09-09 20:11:14", 
      "trial": 37, 
      "updater": null, 
      "fields_status": "(dp0\nVen\np1\n(dp2\nS'Recruitment'\np3\nI2\nsS'Trial Identification'\np4\nI4\nsS'Attachments'\np5\nI3\nsS'Contacts'\np6\nI2\nsS'Health Conditions'\np7\nI4\nsS'Study Type'\np8\nI2\nsS'Interventions'\np9\nI4\nsS'Sponsors'\np10\nI4\nsS'Outcomes'\np11\nI2\nssVpt-br\np12\n(dp13\ng3\nI2\nsg4\nI4\nsg5\nI3\nsg6\nI2\nsg7\nI4\nsg8\nI2\nsg9\nI4\nsg10\nI4\nsg11\nI2\nss.", 
      "staff_note": "", 
      "creator": 36, 
      "primary_sponsor": 50
    }
  }, 
  {
    "pk": 36, 
    "model": "reviewapp.submission", 
    "fields": {
      "status": "draft", 
      "updated": "2010-09-02 23:35:13", 
      "language": "pt-BR", 
      "title": "projeto teste", 
      "created": "2010-09-02 23:28:03", 
      "trial": 36, 
      "updater": null, 
      "fields_status": "(dp0\nVen\np1\n(dp2\nS'Recruitment'\np3\nI2\nsS'Trial Identification'\np4\nI2\nsS'Attachments'\np5\nI3\nsS'Contacts'\np6\nI2\nsS'Health Conditions'\np7\nI2\nsS'Study Type'\np8\nI2\nsS'Interventions'\np9\nI2\nsS'Sponsors'\np10\nI3\nsS'Outcomes'\np11\nI2\nssVpt-br\np12\n(dp13\ng3\nI2\nsg4\nI3\nsg5\nI3\nsg6\nI2\nsg7\nI2\nsg8\nI2\nsg9\nI2\nsg10\nI3\nsg11\nI2\nss.", 
      "staff_note": "", 
      "creator": 33, 
      "primary_sponsor": 49
    }
  }, 
  {
    "pk": 35, 
    "model": "reviewapp.submission", 
    "fields": {
      "status": "draft", 
      "updated": "2010-08-25 16:18:25", 
      "language": "pt-BR", 
      "title": "outro teste", 
      "created": "2010-08-25 16:18:14", 
      "trial": 35, 
      "updater": null, 
      "fields_status": "(dp0\nVen\np1\n(dp2\nS'Recruitment'\np3\nI2\nsS'Trial Identification'\np4\nI2\nsS'Attachments'\np5\nI3\nsS'Contacts'\np6\nI2\nsS'Health Conditions'\np7\nI2\nsS'Study Type'\np8\nI2\nsS'Interventions'\np9\nI2\nsS'Sponsors'\np10\nI3\nsS'Outcomes'\np11\nI2\nssVpt-br\np12\n(dp13\ng3\nI2\nsg4\nI3\nsg5\nI3\nsg6\nI2\nsg7\nI2\nsg8\nI2\nsg9\nI2\nsg10\nI3\nsg11\nI2\nss.", 
      "staff_note": "", 
      "creator": 12, 
      "primary_sponsor": 48
    }
  }, 
  {
    "pk": 34, 
    "model": "reviewapp.submission", 
    "fields": {
      "status": "draft", 
      "updated": "2010-08-25 16:11:05", 
      "language": "pt-BR", 
      "title": "novo teste", 
      "created": "2010-08-25 16:10:14", 
      "trial": 34, 
      "updater": null, 
      "fields_status": "(dp0\nVen\np1\n(dp2\nS'Recruitment'\np3\nI2\nsS'Trial Identification'\np4\nI2\nsS'Attachments'\np5\nI3\nsS'Contacts'\np6\nI2\nsS'Health Conditions'\np7\nI2\nsS'Study Type'\np8\nI2\nsS'Interventions'\np9\nI2\nsS'Sponsors'\np10\nI3\nsS'Outcomes'\np11\nI2\nssVpt-br\np12\n(dp13\ng3\nI2\nsg4\nI3\nsg5\nI3\nsg6\nI2\nsg7\nI2\nsg8\nI2\nsg9\nI2\nsg10\nI3\nsg11\nI2\nss.", 
      "staff_note": "", 
      "creator": 12, 
      "primary_sponsor": 47
    }
  }, 
  {
    "pk": 33, 
    "model": "reviewapp.submission", 
    "fields": {
      "status": "draft", 
      "updated": "2010-08-25 13:01:18", 
      "language": "pt-BR", 
      "title": "Tratamento com selenio e Cardiopatia Chag\u00e1sica(CCTE): um ensaio cl\u00ednico prospectivo aleatorizado em pacientes do doen\u00e7a de Chagas", 
      "created": "2010-08-20 13:00:35", 
      "trial": 33, 
      "updater": null, 
      "fields_status": "(dp0\nVen\np1\n(dp2\nS'Recruitment'\np3\nI4\nsS'Trial Identification'\np4\nI3\nsS'Attachments'\np5\nI3\nsS'Contacts'\np6\nI3\nsS'Health Conditions'\np7\nI4\nsS'Study Type'\np8\nI4\nsS'Interventions'\np9\nI4\nsS'Sponsors'\np10\nI3\nsS'Outcomes'\np11\nI4\nssVpt-br\np12\n(dp13\ng3\nI4\nsg4\nI3\nsg5\nI3\nsg6\nI3\nsg7\nI4\nsg8\nI4\nsg9\nI4\nsg10\nI3\nsg11\nI4\nss.", 
      "staff_note": "", 
      "creator": 11, 
      "primary_sponsor": 43
    }
  }, 
  {
    "pk": 32, 
    "model": "reviewapp.submission", 
    "fields": {
      "status": "draft", 
      "updated": "2010-08-23 20:33:18", 
      "language": "pt-BR", 
      "title": "x", 
      "created": "2010-07-31 00:09:37", 
      "trial": 32, 
      "updater": null, 
      "fields_status": "(dp0\nVen\np1\n(dp2\nS'Recruitment'\np3\nI2\nsS'Trial Identification'\np4\nI3\nsS'Attachments'\np5\nI3\nsS'Contacts'\np6\nI2\nsS'Health Conditions'\np7\nI2\nsS'Study Type'\np8\nI2\nsS'Interventions'\np9\nI2\nsS'Sponsors'\np10\nI3\nsS'Outcomes'\np11\nI2\nssVpt-br\np12\n(dp13\ng3\nI2\nsg4\nI3\nsg5\nI3\nsg6\nI2\nsg7\nI2\nsg8\nI2\nsg9\nI2\nsg10\nI3\nsg11\nI2\nss.", 
      "staff_note": "", 
      "creator": 7, 
      "primary_sponsor": 42
    }
  }, 
  {
    "pk": 31, 
    "model": "reviewapp.submission", 
    "fields": {
      "status": "approved", 
      "updated": "2010-08-23 20:33:16", 
      "language": "pt-BR", 
      "title": "Ensaio cl\u00ednico randomizado para avaliar a efic\u00e1cia e seguran\u00e7a do uso concomitante de rifampicina e 600 X Efavirenz 800mg (EFV-IPEC)", 
      "created": "2010-07-19 20:36:14", 
      "trial": 31, 
      "updater": 1, 
      "fields_status": "(dp0\nVen\np1\n(dp2\nS'Recruitment'\np3\nI4\nsS'Trial Identification'\np4\nI3\nsS'Attachments'\np5\nI3\nsS'Contacts'\np6\nI3\nsS'Health Conditions'\np7\nI4\nsS'Study Type'\np8\nI4\nsS'Interventions'\np9\nI4\nsS'Sponsors'\np10\nI3\nsS'Outcomes'\np11\nI4\nssVpt-br\np12\n(dp13\ng3\nI4\nsg4\nI3\nsg5\nI3\nsg6\nI3\nsg7\nI4\nsg8\nI2\nsg9\nI4\nsg10\nI3\nsg11\nI4\nss.", 
      "staff_note": "", 
      "creator": 14, 
      "primary_sponsor": 39
    }
  }, 
  {
    "pk": 30, 
    "model": "reviewapp.submission", 
    "fields": {
      "status": "draft", 
      "updated": "2010-08-23 20:33:13", 
      "language": "pt-BR", 
      "title": "titulo10", 
      "created": "2010-07-16 19:32:32", 
      "trial": 30, 
      "updater": null, 
      "fields_status": "(dp0\nVen\np1\n(dp2\nS'Recruitment'\np3\nI2\nsS'Trial Identification'\np4\nI3\nsS'Attachments'\np5\nI3\nsS'Contacts'\np6\nI2\nsS'Health Conditions'\np7\nI2\nsS'Study Type'\np8\nI2\nsS'Interventions'\np9\nI2\nsS'Sponsors'\np10\nI3\nsS'Outcomes'\np11\nI2\nssVpt-br\np12\n(dp13\ng3\nI2\nsg4\nI3\nsg5\nI3\nsg6\nI2\nsg7\nI2\nsg8\nI2\nsg9\nI4\nsg10\nI3\nsg11\nI2\nss.", 
      "staff_note": "", 
      "creator": 7, 
      "primary_sponsor": 37
    }
  }, 
  {
    "pk": 29, 
    "model": "reviewapp.submission", 
    "fields": {
      "status": "pending", 
      "updated": "2010-08-25 02:41:57", 
      "language": "en", 
      "title": "RCT of Antioxidant Therapy to Prevent Preeclampsia in Brazil", 
      "created": "2010-07-13 19:07:15", 
      "trial": 29, 
      "updater": null, 
      "fields_status": "(dp0\nVen\np1\n(dp2\nS'Recruitment'\np3\nI2\nsS'Trial Identification'\np4\nI4\nsS'Attachments'\np5\nI3\nsS'Contacts'\np6\nI2\nsS'Health Conditions'\np7\nI4\nsS'Study Type'\np8\nI2\nsS'Interventions'\np9\nI2\nsS'Sponsors'\np10\nI4\nsS'Outcomes'\np11\nI3\nssVpt-br\np12\n(dp13\ng3\nI2\nsg4\nI4\nsg5\nI3\nsg6\nI2\nsg7\nI4\nsg8\nI2\nsg9\nI2\nsg10\nI4\nsg11\nI3\nss.", 
      "staff_note": "", 
      "creator": 5, 
      "primary_sponsor": 36
    }
  }, 
  {
    "pk": 28, 
    "model": "reviewapp.submission", 
    "fields": {
      "status": "pending", 
      "updated": "2010-08-23 20:33:08", 
      "language": "pt-BR", 
      "title": "The Efficacy of Hand NBUVB Versus Excilite Treatment in Vitiligo After Minigrafting on the Dorsal Hands", 
      "created": "2010-07-07 12:47:53", 
      "trial": 28, 
      "updater": null, 
      "fields_status": "(dp0\nVen\np1\n(dp2\nS'Recruitment'\np3\nI4\nsS'Trial Identification'\np4\nI3\nsS'Attachments'\np5\nI3\nsS'Contacts'\np6\nI4\nsS'Health Conditions'\np7\nI4\nsS'Study Type'\np8\nI4\nsS'Interventions'\np9\nI4\nsS'Sponsors'\np10\nI4\nsS'Outcomes'\np11\nI4\nssVpt-br\np12\n(dp13\ng3\nI4\nsg4\nI3\nsg5\nI3\nsg6\nI4\nsg7\nI4\nsg8\nI4\nsg9\nI4\nsg10\nI4\nsg11\nI4\nss.", 
      "staff_note": "", 
      "creator": 11, 
      "primary_sponsor": 34
    }
  }, 
  {
    "pk": 27, 
    "model": "reviewapp.submission", 
    "fields": {
      "status": "draft", 
      "updated": "2010-08-25 13:21:46", 
      "language": "pt-BR", 
      "title": "Teste 30/jun", 
      "created": "2010-06-30 13:27:51", 
      "trial": 27, 
      "updater": null, 
      "fields_status": "(dp0\nVen\np1\n(dp2\nS'Recruitment'\np3\nI2\nsS'Trial Identification'\np4\nI3\nsS'Attachments'\np5\nI3\nsS'Contacts'\np6\nI2\nsS'Health Conditions'\np7\nI2\nsS'Study Type'\np8\nI2\nsS'Interventions'\np9\nI2\nsS'Sponsors'\np10\nI3\nsS'Outcomes'\np11\nI2\nssVpt-br\np12\n(dp13\ng3\nI2\nsg4\nI3\nsg5\nI3\nsg6\nI2\nsg7\nI2\nsg8\nI2\nsg9\nI2\nsg10\nI3\nsg11\nI2\nss.", 
      "staff_note": "", 
      "creator": 1, 
      "primary_sponsor": 33
    }
  }, 
  {
    "pk": 26, 
    "model": "reviewapp.submission", 
    "fields": {
      "status": "pending", 
      "updated": "2010-08-25 15:28:55", 
      "language": "pt-BR", 
      "title": "Avalia\u00e7\u00e3o do Benznidazol para interrup\u00e7\u00e3o da tripanosom\u00edase \u2013 ensaio BENEFIT", 
      "created": "2010-06-30 11:25:32", 
      "trial": 26, 
      "updater": null, 
      "fields_status": "(dp0\nVen\np1\n(dp2\nS'Recruitment'\np3\nI4\nsS'Trial Identification'\np4\nI3\nsS'Attachments'\np5\nI3\nsS'Contacts'\np6\nI4\nsS'Health Conditions'\np7\nI4\nsS'Study Type'\np8\nI4\nsS'Interventions'\np9\nI4\nsS'Sponsors'\np10\nI3\nsS'Outcomes'\np11\nI4\nssVpt-br\np12\n(dp13\ng3\nI4\nsg4\nI3\nsg5\nI3\nsg6\nI4\nsg7\nI4\nsg8\nI4\nsg9\nI4\nsg10\nI3\nsg11\nI4\nssVes\np14\n(dp15\ng3\nI4\nsg4\nI3\nsg5\nI3\nsg6\nI4\nsg7\nI4\nsg8\nI4\nsg9\nI4\nsg10\nI3\nsg11\nI4\nss.", 
      "staff_note": "", 
      "creator": 11, 
      "primary_sponsor": 32
    }
  }, 
  {
    "pk": 25, 
    "model": "reviewapp.submission", 
    "fields": {
      "status": "draft", 
      "updated": "2010-08-30 14:23:36", 
      "language": "pt-BR", 
      "title": "titulo cientifico teste", 
      "created": "2010-06-29 14:08:33", 
      "trial": 25, 
      "updater": null, 
      "fields_status": "(dp0\nVen\np1\n(dp2\nS'Recruitment'\np3\nI2\nsS'Trial Identification'\np4\nI3\nsS'Attachments'\np5\nI3\nsS'Contacts'\np6\nI4\nsS'Health Conditions'\np7\nI2\nsS'Study Type'\np8\nI2\nsS'Interventions'\np9\nI2\nsS'Sponsors'\np10\nI4\nsS'Outcomes'\np11\nI2\nssVpt-br\np12\n(dp13\ng3\nI2\nsg4\nI3\nsg5\nI3\nsg6\nI4\nsg7\nI2\nsg8\nI2\nsg9\nI2\nsg10\nI4\nsg11\nI2\nss.", 
      "staff_note": "", 
      "creator": 12, 
      "primary_sponsor": 30
    }
  }, 
  {
    "pk": 23, 
    "model": "reviewapp.submission", 
    "fields": {
      "status": "pending", 
      "updated": "2010-08-23 20:32:56", 
      "language": "pt-BR", 
      "title": "t\u00edtulo em ingl\u00eas", 
      "created": "2010-06-21 21:26:44", 
      "trial": 23, 
      "updater": null, 
      "fields_status": "(dp0\nVen\np1\n(dp2\nS'Recruitment'\np3\nI2\nsS'Trial Identification'\np4\nI4\nsS'Attachments'\np5\nI4\nsS'Contacts'\np6\nI4\nsS'Health Conditions'\np7\nI2\nsS'Study Type'\np8\nI4\nsS'Interventions'\np9\nI2\nsS'Sponsors'\np10\nI4\nsS'Outcomes'\np11\nI4\nss.", 
      "staff_note": "", 
      "creator": 7, 
      "primary_sponsor": 27
    }
  }, 
  {
    "pk": 22, 
    "model": "reviewapp.submission", 
    "fields": {
      "status": "draft", 
      "updated": "2010-08-23 20:32:54", 
      "language": "en", 
      "title": "\u201cEstudo TEAM (Efic\u00e1cia do Tasigna em Melanoma Avan\u00e7ado): Estudo fase III, de dois bra\u00e7os, randomizado, aberto e multic\u00eantrico para comparar a efic\u00e1cia de Tasigna\u00ae versus dacarbazina (DTIC) no tratamento de pacientes com melanoma metast\u00e1tico e/ou inoper\u00e1vel contendo uma muta\u00e7\u00e3o do c-Kit\u201d", 
      "created": "2010-06-21 20:35:22", 
      "trial": 22, 
      "updater": null, 
      "fields_status": "(dp0\nVen\np1\n(dp2\nS'Recruitment'\np3\nI2\nsS'Trial Identification'\np4\nI3\nsS'Attachments'\np5\nI3\nsS'Contacts'\np6\nI4\nsS'Health Conditions'\np7\nI2\nsS'Study Type'\np8\nI2\nsS'Interventions'\np9\nI2\nsS'Sponsors'\np10\nI3\nsS'Outcomes'\np11\nI2\nssVpt-br\np12\n(dp13\ng3\nI2\nsg4\nI2\nsg5\nI3\nsg6\nI4\nsg7\nI4\nsg8\nI2\nsg9\nI2\nsg10\nI3\nsg11\nI2\nss.", 
      "staff_note": "", 
      "creator": 19, 
      "primary_sponsor": 26
    }
  }, 
  {
    "pk": 21, 
    "model": "reviewapp.submission", 
    "fields": {
      "status": "draft", 
      "updated": "2010-08-23 20:32:52", 
      "language": "en", 
      "title": "teste", 
      "created": "2010-06-21 13:55:07", 
      "trial": 21, 
      "updater": null, 
      "fields_status": "(dp0\nVen\np1\n(dp2\nS'Recruitment'\np3\nI2\nsS'Trial Identification'\np4\nI3\nsS'Attachments'\np5\nI3\nsS'Contacts'\np6\nI2\nsS'Health Conditions'\np7\nI2\nsS'Study Type'\np8\nI2\nsS'Interventions'\np9\nI2\nsS'Sponsors'\np10\nI3\nsS'Outcomes'\np11\nI2\nss.", 
      "staff_note": "", 
      "creator": 2, 
      "primary_sponsor": 25
    }
  }, 
  {
    "pk": 20, 
    "model": "reviewapp.submission", 
    "fields": {
      "status": "draft", 
      "updated": "2010-08-23 20:32:50", 
      "language": "en", 
      "title": "A Phase II Study of Single-Agent Lenalidomide in Subjects With Relapsed Or Refractory T-Cell Non-Hodgkin's Lymphoma (EXPECT)", 
      "created": "2010-06-18 19:16:12", 
      "trial": 20, 
      "updater": null, 
      "fields_status": "(dp0\nVen\np1\n(dp2\nS'Recruitment'\np3\nI2\nsS'Trial Identification'\np4\nI2\nsS'Attachments'\np5\nI3\nsS'Contacts'\np6\nI2\nsS'Health Conditions'\np7\nI2\nsS'Study Type'\np8\nI2\nsS'Interventions'\np9\nI2\nsS'Sponsors'\np10\nI4\nsS'Outcomes'\np11\nI2\nss.", 
      "staff_note": "", 
      "creator": 7, 
      "primary_sponsor": 22
    }
  }, 
  {
    "pk": 19, 
    "model": "reviewapp.submission", 
    "fields": {
      "status": "draft", 
      "updated": "2010-08-23 20:32:47", 
      "language": "en", 
      "title": "hghjghjghjhj", 
      "created": "2010-06-17 19:26:29", 
      "trial": 19, 
      "updater": null, 
      "fields_status": "(dp0\nVen\np1\n(dp2\nS'Recruitment'\np3\nI2\nsS'Trial Identification'\np4\nI3\nsS'Attachments'\np5\nI3\nsS'Contacts'\np6\nI2\nsS'Health Conditions'\np7\nI2\nsS'Study Type'\np8\nI2\nsS'Interventions'\np9\nI2\nsS'Sponsors'\np10\nI3\nsS'Outcomes'\np11\nI2\nss.", 
      "staff_note": "", 
      "creator": 16, 
      "primary_sponsor": 21
    }
  }, 
  {
    "pk": 18, 
    "model": "reviewapp.submission", 
    "fields": {
      "status": "draft", 
      "updated": "2010-08-23 20:32:44", 
      "language": "pt-BR", 
      "title": "fdfdfdfdf", 
      "created": "2010-06-17 19:23:02", 
      "trial": 18, 
      "updater": null, 
      "fields_status": "(dp0\nVen\np1\n(dp2\nS'Recruitment'\np3\nI2\nsS'Trial Identification'\np4\nI3\nsS'Attachments'\np5\nI3\nsS'Contacts'\np6\nI2\nsS'Health Conditions'\np7\nI2\nsS'Study Type'\np8\nI2\nsS'Interventions'\np9\nI2\nsS'Sponsors'\np10\nI3\nsS'Outcomes'\np11\nI2\nssVpt-br\np12\n(dp13\ng3\nI2\nsg4\nI2\nsg5\nI3\nsg6\nI2\nsg7\nI2\nsg8\nI2\nsg9\nI2\nsg10\nI3\nsg11\nI2\nss.", 
      "staff_note": "", 
      "creator": 16, 
      "primary_sponsor": 20
    }
  }, 
  {
    "pk": 17, 
    "model": "reviewapp.submission", 
    "fields": {
      "status": "draft", 
      "updated": "2010-08-23 20:32:42", 
      "language": "pt-BR", 
      "title": "Segundo teste do dia 17/06", 
      "created": "2010-06-17 17:48:22", 
      "trial": 17, 
      "updater": null, 
      "fields_status": "(dp0\nVen\np1\n(dp2\nS'Recruitment'\np3\nI2\nsS'Trial Identification'\np4\nI3\nsS'Attachments'\np5\nI3\nsS'Contacts'\np6\nI2\nsS'Health Conditions'\np7\nI2\nsS'Study Type'\np8\nI2\nsS'Interventions'\np9\nI2\nsS'Sponsors'\np10\nI3\nsS'Outcomes'\np11\nI2\nssVpt-br\np12\n(dp13\ng3\nI2\nsg4\nI2\nsg5\nI3\nsg6\nI2\nsg7\nI2\nsg8\nI2\nsg9\nI2\nsg10\nI3\nsg11\nI2\nss.", 
      "staff_note": "", 
      "creator": 16, 
      "primary_sponsor": 19
    }
  }, 
  {
    "pk": 16, 
    "model": "reviewapp.submission", 
    "fields": {
      "status": "pending", 
      "updated": "2010-08-23 20:32:40", 
      "language": "pt-BR", 
      "title": "Teste do dia 17/06", 
      "created": "2010-06-17 17:47:04", 
      "trial": 16, 
      "updater": null, 
      "fields_status": "(dp0\nVen\np1\n(dp2\nS'Recruitment'\np3\nI2\nsS'Trial Identification'\np4\nI3\nsS'Attachments'\np5\nI3\nsS'Contacts'\np6\nI2\nsS'Health Conditions'\np7\nI2\nsS'Study Type'\np8\nI2\nsS'Interventions'\np9\nI2\nsS'Sponsors'\np10\nI3\nsS'Outcomes'\np11\nI2\nssVpt-br\np12\n(dp13\ng3\nI2\nsg4\nI2\nsg5\nI3\nsg6\nI2\nsg7\nI2\nsg8\nI2\nsg9\nI2\nsg10\nI3\nsg11\nI2\nss.", 
      "staff_note": "", 
      "creator": 16, 
      "primary_sponsor": 18
    }
  }, 
  {
    "pk": 15, 
    "model": "reviewapp.submission", 
    "fields": {
      "status": "draft", 
      "updated": "2010-08-23 20:32:38", 
      "language": "en", 
      "title": "My new clinical trial", 
      "created": "2010-06-15 23:27:27", 
      "trial": 15, 
      "updater": null, 
      "fields_status": "(dp0\nVen\np1\n(dp2\nS'Recruitment'\np3\nI2\nsS'Trial Identification'\np4\nI2\nsS'Attachments'\np5\nI4\nsS'Contacts'\np6\nI2\nsS'Health Conditions'\np7\nI2\nsS'Study Type'\np8\nI2\nsS'Interventions'\np9\nI2\nsS'Sponsors'\np10\nI3\nsS'Outcomes'\np11\nI2\nssVpt-br\np12\n(dp13\ng3\nI2\nsg4\nI2\nsg5\nI4\nsg6\nI2\nsg7\nI2\nsg8\nI2\nsg9\nI2\nsg10\nI3\nsg11\nI2\nss.", 
      "staff_note": "", 
      "creator": 15, 
      "primary_sponsor": 17
    }
  }, 
  {
    "pk": 14, 
    "model": "reviewapp.submission", 
    "fields": {
      "status": "draft", 
      "updated": "2010-08-23 20:32:35", 
      "language": "en", 
      "title": "Teste do Luciano em 14 de jun de 2010", 
      "created": "2010-06-14 17:48:11", 
      "trial": 14, 
      "updater": null, 
      "fields_status": "(dp0\nVen\np1\n(dp2\nS'Recruitment'\np3\nI2\nsS'Trial Identification'\np4\nI3\nsS'Attachments'\np5\nI3\nsS'Contacts'\np6\nI2\nsS'Health Conditions'\np7\nI2\nsS'Study Type'\np8\nI2\nsS'Interventions'\np9\nI2\nsS'Sponsors'\np10\nI3\nsS'Outcomes'\np11\nI2\nssVpt-br\np12\n(dp13\ng3\nI2\nsg4\nI2\nsg5\nI3\nsg6\nI2\nsg7\nI2\nsg8\nI2\nsg9\nI2\nsg10\nI3\nsg11\nI2\nss.", 
      "staff_note": "", 
      "creator": 14, 
      "primary_sponsor": 16
    }
  }, 
  {
    "pk": 13, 
    "model": "reviewapp.submission", 
    "fields": {
      "status": "draft", 
      "updated": "2010-08-23 20:32:33", 
      "language": "en", 
      "title": "Uso da metformina em pacientes com diabetes tipo 2", 
      "created": "2010-06-14 13:44:50", 
      "trial": 13, 
      "updater": null, 
      "fields_status": "(dp0\nVen\np1\n(dp2\nS'Recruitment'\np3\nI2\nsS'Trial Identification'\np4\nI3\nsS'Attachments'\np5\nI3\nsS'Contacts'\np6\nI2\nsS'Health Conditions'\np7\nI2\nsS'Study Type'\np8\nI2\nsS'Interventions'\np9\nI2\nsS'Sponsors'\np10\nI3\nsS'Outcomes'\np11\nI2\nssVes\np12\n(dp13\ng3\nI2\nsg4\nI2\nsg5\nI3\nsg6\nI2\nsg7\nI2\nsg8\nI2\nsg9\nI2\nsg10\nI3\nsg11\nI2\nss.", 
      "staff_note": "", 
      "creator": 7, 
      "primary_sponsor": 15
    }
  }, 
  {
    "pk": 12, 
    "model": "reviewapp.submission", 
    "fields": {
      "status": "approved", 
      "updated": "2010-08-23 20:32:31", 
      "language": "en", 
      "title": "Demo do dia 14 de junho", 
      "created": "2010-06-14 13:40:25", 
      "trial": 12, 
      "updater": 1, 
      "fields_status": "(dp0\nVen\np1\n(dp2\nS'Recruitment'\np3\nI2\nsS'Trial Identification'\np4\nI3\nsS'Attachments'\np5\nI3\nsS'Contacts'\np6\nI2\nsS'Health Conditions'\np7\nI2\nsS'Study Type'\np8\nI2\nsS'Interventions'\np9\nI2\nsS'Sponsors'\np10\nI3\nsS'Outcomes'\np11\nI2\nssVpt-br\np12\n(dp13\ng3\nI2\nsg4\nI2\nsg5\nI3\nsg6\nI2\nsg7\nI2\nsg8\nI2\nsg9\nI2\nsg10\nI3\nsg11\nI2\nssVes\np14\n(dp15\ng3\nI2\nsg4\nI2\nsg5\nI3\nsg6\nI2\nsg7\nI2\nsg8\nI2\nsg9\nI2\nsg10\nI3\nsg11\nI2\nss.", 
      "staff_note": "", 
      "creator": 4, 
      "primary_sponsor": 14
    }
  }, 
  {
    "pk": 11, 
    "model": "reviewapp.submission", 
    "fields": {
      "status": "pending", 
      "updated": "2010-08-23 20:32:29", 
      "language": "pt-BR", 
      "title": "T\u00edtulo A", 
      "created": "2010-06-14 13:00:40", 
      "trial": 11, 
      "updater": null, 
      "fields_status": "(dp0\nVen\np1\n(dp2\nS'Recruitment'\np3\nI2\nsS'Trial Identification'\np4\nI3\nsS'Attachments'\np5\nI3\nsS'Contacts'\np6\nI2\nsS'Health Conditions'\np7\nI2\nsS'Study Type'\np8\nI2\nsS'Interventions'\np9\nI2\nsS'Sponsors'\np10\nI3\nsS'Outcomes'\np11\nI2\nssVes\np12\n(dp13\ng3\nI2\nsg4\nI2\nsg5\nI3\nsg6\nI2\nsg7\nI2\nsg8\nI2\nsg9\nI2\nsg10\nI3\nsg11\nI2\nss.", 
      "staff_note": "", 
      "creator": 6, 
      "primary_sponsor": 10
    }
  }, 
  {
    "pk": 10, 
    "model": "reviewapp.submission", 
    "fields": {
      "status": "pending", 
      "updated": "2010-09-01 04:14:16", 
      "language": "pt-BR", 
      "title": "Teste de 12/06/2010", 
      "created": "2010-06-12 20:47:20", 
      "trial": 10, 
      "updater": null, 
      "fields_status": "(dp0\nVen\np1\n(dp2\nS'Recruitment'\np3\nI2\nsS'Trial Identification'\np4\nI2\nsS'Attachments'\np5\nI3\nsS'Contacts'\np6\nI2\nsS'Health Conditions'\np7\nI2\nsS'Study Type'\np8\nI2\nsS'Interventions'\np9\nI2\nsS'Sponsors'\np10\nI3\nsS'Outcomes'\np11\nI2\nssVpt-br\np12\n(dp13\ng3\nI2\nsg4\nI4\nsg5\nI3\nsg6\nI2\nsg7\nI2\nsg8\nI2\nsg9\nI2\nsg10\nI3\nsg11\nI2\nss.", 
      "staff_note": "", 
      "creator": 5, 
      "primary_sponsor": 9
    }
  }, 
  {
    "pk": 9, 
    "model": "reviewapp.submission", 
    "fields": {
      "status": "draft", 
      "updated": "2010-08-24 17:20:15", 
      "language": "en", 
      "title": "The efficacy of penicillin G potassium in reducing aphthous ulcer pain and lesion size in a Chinese cohort: a randomized, double-blinded, placebo and blank controlled, multicenter clinical trial.", 
      "created": "2010-04-22 20:01:45", 
      "trial": 9, 
      "updater": null, 
      "fields_status": "(dp0\nVen\np1\n(dp2\nS'Recruitment'\np3\nI2\nsS'Trial Identification'\np4\nI3\nsS'Attachments'\np5\nI3\nsS'Contacts'\np6\nI4\nsS'Health Conditions'\np7\nI2\nsS'Study Type'\np8\nI2\nsS'Interventions'\np9\nI2\nsS'Sponsors'\np10\nI3\nsS'Outcomes'\np11\nI2\nss.", 
      "staff_note": "", 
      "creator": 1, 
      "primary_sponsor": 8
    }
  }, 
  {
    "pk": 8, 
    "model": "reviewapp.submission", 
    "fields": {
      "status": "draft", 
      "updated": "2010-08-23 20:32:21", 
      "language": "en", 
      "title": "Prevention of Heterotopic Ossification With Arcoxia After Total Hip Replacement", 
      "created": "2010-04-22 19:17:28", 
      "trial": 8, 
      "updater": null, 
      "fields_status": "(dp0\nVen\np1\n(dp2\nS'Recruitment'\np3\nI2\nsS'Trial Identification'\np4\nI3\nsS'Attachments'\np5\nI3\nsS'Contacts'\np6\nI2\nsS'Health Conditions'\np7\nI2\nsS'Study Type'\np8\nI2\nsS'Interventions'\np9\nI2\nsS'Sponsors'\np10\nI3\nsS'Outcomes'\np11\nI2\nss.", 
      "staff_note": "", 
      "creator": 1, 
      "primary_sponsor": 7
    }
  }, 
  {
    "pk": 7, 
    "model": "reviewapp.submission", 
    "fields": {
      "status": "draft", 
      "updated": "2010-08-23 20:32:19", 
      "language": "pt-BR", 
      "title": "Avalia\u00e7\u00e3o da dosagem do praziquantel para o tratamento da esquistossomose no Brasil", 
      "created": "2010-04-22 13:18:47", 
      "trial": 7, 
      "updater": null, 
      "fields_status": "(dp0\nVen\np1\n(dp2\nS'Recruitment'\np3\nI2\nsS'Trial Identification'\np4\nI4\nsS'Attachments'\np5\nI3\nsS'Contacts'\np6\nI2\nsS'Health Conditions'\np7\nI2\nsS'Study Type'\np8\nI2\nsS'Interventions'\np9\nI2\nsS'Sponsors'\np10\nI3\nsS'Outcomes'\np11\nI3\nssVpt-br\np12\n(dp13\ng3\nI2\nsg4\nI4\nsg5\nI3\nsg6\nI2\nsg7\nI2\nsg8\nI2\nsg9\nI2\nsg10\nI3\nsg11\nI3\nss.", 
      "staff_note": "", 
      "creator": 1, 
      "primary_sponsor": 6
    }
  }, 
  {
    "pk": 6, 
    "model": "reviewapp.submission", 
    "fields": {
      "status": "draft", 
      "updated": "2010-08-23 20:32:17", 
      "language": "pt-BR", 
      "title": "teste de Margot", 
      "created": "2010-04-05 16:56:59", 
      "trial": 6, 
      "updater": null, 
      "fields_status": "(dp0\nVen\np1\n(dp2\nS'Recruitment'\np3\nI2\nsS'Trial Identification'\np4\nI3\nsS'Attachments'\np5\nI3\nsS'Contacts'\np6\nI2\nsS'Health Conditions'\np7\nI2\nsS'Study Type'\np8\nI2\nsS'Interventions'\np9\nI2\nsS'Sponsors'\np10\nI3\nsS'Outcomes'\np11\nI2\nssVpt-br\np12\n(dp13\ng3\nI2\nsg4\nI2\nsg5\nI3\nsg6\nI2\nsg7\nI2\nsg8\nI2\nsg9\nI2\nsg10\nI3\nsg11\nI2\nss.", 
      "staff_note": "", 
      "creator": 1, 
      "primary_sponsor": 5
    }
  }, 
  {
    "pk": 5, 
    "model": "reviewapp.submission", 
    "fields": {
      "status": "draft", 
      "updated": "2010-08-23 20:32:15", 
      "language": "pt-BR", 
      "title": "Teste da reuni\u00e3o Elluminate", 
      "created": "2010-03-30 18:51:44", 
      "trial": 5, 
      "updater": null, 
      "fields_status": "(dp0\nVen\np1\n(dp2\nS'Recruitment'\np3\nI2\nsS'Trial Identification'\np4\nI3\nsS'Attachments'\np5\nI3\nsS'Contacts'\np6\nI2\nsS'Health Conditions'\np7\nI2\nsS'Study Type'\np8\nI2\nsS'Interventions'\np9\nI2\nsS'Sponsors'\np10\nI3\nsS'Outcomes'\np11\nI2\nss.", 
      "staff_note": "", 
      "creator": 1, 
      "primary_sponsor": 4
    }
  }, 
  {
    "pk": 4, 
    "model": "reviewapp.submission", 
    "fields": {
      "status": "draft", 
      "updated": "2010-08-23 20:32:13", 
      "language": "en", 
      "title": "ABSORB EXTEND Clinical Investigation: A Continuation in the Clinical Evaluation of the Bioabsorbable Vascular Solutions (BVS) Everolimus Eluting Coronary Stent System (EECCS) in the Treatment of Subjects With de Novo Native Coronary Artery Lesions  ", 
      "created": "2010-03-02 13:34:30", 
      "trial": 4, 
      "updater": null, 
      "fields_status": "(dp0\nVen\np1\n(dp2\nS'Recruitment'\np3\nI2\nsS'Trial Identification'\np4\nI4\nsS'Attachments'\np5\nI3\nsS'Contacts'\np6\nI4\nsS'Health Conditions'\np7\nI4\nsS'Study Type'\np8\nI2\nsS'Interventions'\np9\nI2\nsS'Sponsors'\np10\nI3\nsS'Outcomes'\np11\nI3\nssVpt-br\np12\n(dp13\ng3\nI2\nsg4\nI2\nsg5\nI3\nsg6\nI4\nsg7\nI2\nsg8\nI2\nsg9\nI2\nsg10\nI3\nsg11\nI2\nss.", 
      "staff_note": "", 
      "creator": 1, 
      "primary_sponsor": 3
    }
  }, 
  {
    "pk": 3, 
    "model": "reviewapp.submission", 
    "fields": {
      "status": "draft", 
      "updated": "2010-08-23 20:32:10", 
      "language": "en", 
      "title": "Effect of Ascorbic Acid and Grape Seed Extract \"Vitis Vinifera L.\" on Oxidative Stress Induced by on Pump Coronary Artery by Pass Grafting Surgery", 
      "created": "2009-10-19 21:10:21", 
      "trial": 3, 
      "updater": 1, 
      "fields_status": "(dp0\nVen\np1\n(dp2\nS'Recruitment'\np3\nI4\nsS'Trial Identification'\np4\nI3\nsS'Attachments'\np5\nI3\nsS'Contacts'\np6\nI4\nsS'Health Conditions'\np7\nI4\nsS'Study Type'\np8\nI4\nsS'Interventions'\np9\nI2\nsS'Sponsors'\np10\nI3\nsS'Outcomes'\np11\nI4\nss.", 
      "staff_note": "", 
      "creator": 1, 
      "primary_sponsor": 2
    }
  }, 
  {
    "pk": 2, 
    "model": "reviewapp.submission", 
    "fields": {
      "status": "draft", 
      "updated": "2010-08-23 20:32:08", 
      "language": "en", 
      "title": "Minimal trial record (only required fields)", 
      "created": "2009-10-19 21:10:15", 
      "trial": 2, 
      "updater": 1, 
      "fields_status": "(dp0\nVen\np1\n(dp2\nS'Recruitment'\np3\nI2\nsS'Trial Identification'\np4\nI3\nsS'Attachments'\np5\nI3\nsS'Contacts'\np6\nI2\nsS'Health Conditions'\np7\nI2\nsS'Study Type'\np8\nI2\nsS'Interventions'\np9\nI2\nsS'Sponsors'\np10\nI3\nsS'Outcomes'\np11\nI2\nss.", 
      "staff_note": "", 
      "creator": 1, 
      "primary_sponsor": null
    }
  }, 
  {
    "pk": 1, 
    "model": "reviewapp.submission", 
    "fields": {
      "status": "draft", 
      "updated": "2010-08-23 20:32:05", 
      "language": "en", 
      "title": "A randomised, double-blind, placebo-controlled, factorial-design trial to assess the effect of aspirin and fish oil in the prevention of early thrombosis in arterio-venous fistulae in patients with Stage IV or V chronic kidney disease requiring haemodialysis", 
      "created": "2009-10-19 21:10:04", 
      "trial": 1, 
      "updater": 1, 
      "fields_status": "(dp0\nVen\np1\n(dp2\nS'Recruitment'\np3\nI2\nsS'Trial Identification'\np4\nI3\nsS'Attachments'\np5\nI3\nsS'Contacts'\np6\nI2\nsS'Health Conditions'\np7\nI2\nsS'Study Type'\np8\nI2\nsS'Interventions'\np9\nI2\nsS'Sponsors'\np10\nI3\nsS'Outcomes'\np11\nI4\nss.", 
      "staff_note": "", 
      "creator": 1, 
      "primary_sponsor": 1
    }
  }, 
  {
    "pk": 1, 
    "model": "reviewapp.recruitmentcountry", 
    "fields": {
      "country": [
        "AW"
      ], 
      "submission": 1
    }
  }, 
  {
    "pk": 2, 
    "model": "reviewapp.recruitmentcountry", 
    "fields": {
      "country": [
        "NZ"
      ], 
      "submission": 1
    }
  }, 
  {
    "pk": 3, 
    "model": "reviewapp.recruitmentcountry", 
    "fields": {
      "country": [
        "IR"
      ], 
      "submission": 3
    }
  }, 
  {
    "pk": 1, 
    "model": "reviewapp.attachment", 
    "fields": {
      "public": false, 
      "description": "teste", 
      "file": "/home/aplicacoes-bvs/ensaiosclinicos/clinicaltrials/static/attachments/teste.php", 
      "submission": 15
    }
  }, 
  {
    "pk": 2, 
    "model": "reviewapp.attachment", 
    "fields": {
      "public": false, 
      "description": "descr", 
      "file": "/home/aplicacoes-bvs/ensaiosclinicos/clinicaltrials/static/attachments/a.txt", 
      "submission": 23
    }
  }, 
  {
    "pk": 3, 
    "model": "reviewapp.attachment", 
    "fields": {
      "public": false, 
      "description": "mesma descri\u00e7\u00e3o", 
      "file": "/home/aplicacoes-bvs/ensaiosclinicos/clinicaltrials/static/attachments/a_1.txt", 
      "submission": 23
    }
  }, 
  {
    "pk": 1, 
    "model": "reviewapp.remark", 
    "fields": {
      "status": "opened", 
      "submission": 12, 
      "created": "2010-06-14 13:54:42", 
      "text": "Se voc\u00ea infora o acronimo, \u00e9 necessario informar a expansao do acronimo", 
      "creator": 1, 
      "context": "Trial Identification"
    }
  }, 
  {
    "pk": 8, 
    "model": "reviewapp.remark", 
    "fields": {
      "status": "acknowledged", 
      "submission": 9, 
      "created": "2010-07-16 14:02:36", 
      "text": "teste", 
      "creator": 1, 
      "context": "trial-identification"
    }
  }, 
  {
    "pk": 9, 
    "model": "reviewapp.remark", 
    "fields": {
      "status": "acknowledged", 
      "submission": 4, 
      "created": "2010-07-19 20:15:55", 
      "text": "Informar CNPJ do patrocinador primario", 
      "creator": 1, 
      "context": "sponsors"
    }
  }, 
  {
    "pk": 8, 
    "model": "reviewapp.news", 
    "fields": {
      "status": "published", 
      "text": "Since 2005 May 20 is celebrated as the International Clinical Trials Day to remind us the importance of clinical trial as a means of improving health and wellbeing and highlights how partnerships between patients and healthcare practitioners are vital to high-quality, relevant research. The day itself commemorates a trial by the eighteenth-century surgeon James Lind in which he gave a dozen sailors one of six possible treatments for scurvy. The interventions included sea water and vinegar, as well as oranges and lemons and the fruit turned out to have the best effect.", 
      "created": "2010-08-13 15:21:21", 
      "creator": 17, 
      "title": "International Clinical Trials Day"
    }
  }, 
  {
    "pk": 9, 
    "model": "reviewapp.news", 
    "fields": {
      "status": "published", 
      "text": "The article of Zhao-Xiang Bian and Tai-Xiang Wu published in Trials, volume 11, points to the relevance of establishing a global network for the trial registration to ensure uniform, international consistency in policy and enforcement of trial registration and data transparency. Their concern relates to the differences on clinical trial registration legislation between countries. Their proposal is to establish this network in regional basis with an international advisory committee formed by WHO to provide consultation for each country and help them to meet this aim. Also, this advisory committee could be charged with the responsibility of monitoring the implementation of such legislation through different approaches, such as publishing white paper of trial registration annually. Read more at http://www.trialsjournal.com/content/11/1/64 ", 
      "created": "2010-08-13 16:29:51", 
      "creator": 17, 
      "title": "Article on clinical trial registration legislation"
    }
  }, 
  {
    "pk": 7, 
    "model": "reviewapp.news", 
    "fields": {
      "status": "published", 
      "text": "A meeting to discuss a potential Clinical Trials Registry Network for Latin America and the Caribbean (LAC) was held in Washington DC, 27-28 April 2010. The overall aim was to discuss the potential development of a cooperative network of interoperable national and regional clinical trials registries in the region. Specific aims were:\r\n\r\n    1) To share the current state of development of the ICTRP and the participation of LAC\r\n\r\n    2) To develop a strategy for achieving clinical trial registration in LAC, including:\r\n\r\n          * A strategy for developing a cooperative network of primary and partner registries meeting WHO criteria and a single regional registration platform\r\n          * A strategy for developing common and interoperable software platform\r\n          * Sharing the experience of LAC and other regions developing strategies for clinical trial registration\r\n          * Identifying key partners and potential advisers to the implementation\r\n\r\nsource: ICTRP/WHO", 
      "created": "2010-08-10 18:27:45", 
      "creator": 17, 
      "title": "Clinical Trials Registry Network for Latin America and the Caribbean"
    }
  }, 
  {
    "pk": 3, 
    "model": "tickets.ticket", 
    "fields": {
      "created": "2009-12-16 18:17:28", 
      "type": "review", 
      "context": "ct_repository_field_11", 
      "creator": 1
    }
  }, 
  {
    "pk": 2, 
    "model": "tickets.ticket", 
    "fields": {
      "created": "2009-12-14 15:56:38", 
      "type": "help", 
      "context": "ct_repository_field_15a", 
      "creator": 1
    }
  }, 
  {
    "pk": 1, 
    "model": "tickets.ticket", 
    "fields": {
      "created": "2009-12-14 15:55:03", 
      "type": "review", 
      "context": "ct_repository_field_1", 
      "creator": 1
    }
  }, 
  {
    "pk": 1, 
    "model": "tickets.followup", 
    "fields": {
      "status": "new", 
      "iteration_date": "2009-12-14 16:40:10", 
      "description": "Description 1", 
      "reported_by": 1, 
      "to_user": "fabio.santos@bireme.org", 
      "ticket": 1, 
      "subject": "Subject 1"
    }
  }, 
  {
    "pk": 2, 
    "model": "tickets.followup", 
    "fields": {
      "status": "adsigned", 
      "iteration_date": "2009-12-14 16:41:01", 
      "description": "Description 2", 
      "reported_by": 1, 
      "to_user": "fabio.santos@bireme.org", 
      "ticket": 1, 
      "subject": "Sbuject 2"
    }
  }, 
  {
    "pk": 3, 
    "model": "tickets.followup", 
    "fields": {
      "status": "resolved", 
      "iteration_date": "2009-12-14 16:42:04", 
      "description": "Description 3", 
      "reported_by": 1, 
      "to_user": "fabio.santos@bireme.org", 
      "ticket": 1, 
      "subject": "Subject 3"
    }
  }, 
  {
    "pk": 4, 
    "model": "tickets.followup", 
    "fields": {
      "status": "new", 
      "iteration_date": "2009-12-14 16:42:16", 
      "description": "Description b 1", 
      "reported_by": 1, 
      "to_user": "fabio.santos@bireme.org", 
      "ticket": 2, 
      "subject": "Subject b 1"
    }
  }, 
  {
    "pk": 5, 
    "model": "tickets.followup", 
    "fields": {
      "status": "new", 
      "iteration_date": "2009-12-16 18:17:58", 
      "description": "Lorem ipsum dolor sit amet, duis erat. Euismod molestie nibh, molestiae in mus, fusce sapien ut. Dictum urna et. Elit viverra, imperdiet duis in. Sem ligula, a curae conubia. Sit a taciti. Quis quam, cras scelerisque, quam nec. A morbi. Enim donec, nulla aliquet nulla, saepe fringilla vel. Dui a tincidunt, pellentesque malesuada. Ante dolor quam, proin hac in.", 
      "reported_by": null, 
      "to_user": null, 
      "ticket": 3, 
      "subject": "Lorem ipsum dolor sit amet, ut nulla, tortor quisque, vestibulum congue. "
    }
  }, 
  {
    "pk": 6, 
    "model": "tickets.followup", 
    "fields": {
      "status": "assigned", 
      "iteration_date": "2009-12-16 18:18:21", 
      "description": "Lorem ipsum dolor sit amet, duis erat. Euismod molestie nibh, molestiae in mus, fusce sapien ut. Dictum urna et. Elit viverra, imperdiet duis in.", 
      "reported_by": null, 
      "to_user": null, 
      "ticket": 3, 
      "subject": "Lorem ipsum dolor sit amet, ut nulla, tortor quisque, vestibulum congue. "
    }
  }, 
  {
    "pk": 7, 
    "model": "tickets.followup", 
    "fields": {
      "status": "closed", 
      "iteration_date": "2009-12-16 18:19:29", 
      "description": "Dolor pellentesque. Duis quisque augue, accumsan sollicitudin, dui consequat fusce. Nulla suscipit, nunc cum, arcu fusce. Sed in morbi. Nec ullamcorper ultrices, eros nam tellus.", 
      "reported_by": null, 
      "to_user": null, 
      "ticket": 3, 
      "subject": "Pellentesque elementum, at quam metus, vivamus magna auctor."
    }
  }, 
  {
    "pk": 1, 
    "model": "repository.descriptor", 
    "fields": {
      "_order": 0, 
      "code": "C14", 
      "vocabulary": "DeCS", 
      "level": "general", 
      "text": "Cardiovascular diseases", 
      "trial": 3, 
      "version": "", 
      "aspect": "HealthCondition"
    }
  }, 
  {
    "pk": 9, 
    "model": "repository.descriptor", 
    "fields": {
      "_order": 0, 
      "code": "C14.240.850.750.147", 
      "vocabulary": "DeCS", 
      "level": "specific", 
      "text": "Arteriovenous Fistula", 
      "trial": 1, 
      "version": "", 
      "aspect": "HealthCondition"
    }
  }, 
  {
    "pk": 11, 
    "model": "repository.descriptor", 
    "fields": {
      "_order": 0, 
      "code": "C14", 
      "vocabulary": "DeCS", 
      "level": "general", 
      "text": "Cardiovascular diseases", 
      "trial": 4, 
      "version": "2010", 
      "aspect": "HealthCondition"
    }
  }, 
  {
    "pk": 15, 
    "model": "repository.descriptor", 
    "fields": {
      "_order": 0, 
      "code": "23414", 
      "vocabulary": "ICD-10", 
      "level": "general", 
      "text": "", 
      "trial": 20, 
      "version": "", 
      "aspect": "HealthCondition"
    }
  }, 
  {
    "pk": 18, 
    "model": "repository.descriptor", 
    "fields": {
      "_order": 0, 
      "code": "C43-C44", 
      "vocabulary": "ICD-10", 
      "level": "general", 
      "text": "", 
      "trial": 22, 
      "version": "", 
      "aspect": "HealthCondition"
    }
  }, 
  {
    "pk": 24, 
    "model": "repository.descriptor", 
    "fields": {
      "_order": 0, 
      "code": "adfdfasd", 
      "vocabulary": "DeCS", 
      "level": "general", 
      "text": "", 
      "trial": 23, 
      "version": "", 
      "aspect": "HealthCondition"
    }
  }, 
  {
    "pk": 29, 
    "model": "repository.descriptor", 
    "fields": {
      "_order": 0, 
      "code": "C14", 
      "vocabulary": "DeCS", 
      "level": "general", 
      "text": "Cardiovascular diseases", 
      "trial": 26, 
      "version": "", 
      "aspect": "HealthCondition"
    }
  }, 
  {
    "pk": 32, 
    "model": "repository.descriptor", 
    "fields": {
      "_order": 0, 
      "code": "C03", 
      "vocabulary": "DeCS", 
      "level": "general", 
      "text": "Parasitic diseases", 
      "trial": 25, 
      "version": "", 
      "aspect": "HealthCondition"
    }
  }, 
  {
    "pk": 33, 
    "model": "repository.descriptor", 
    "fields": {
      "_order": 0, 
      "code": "C17", 
      "vocabulary": "DeCS", 
      "level": "general", 
      "text": "Skin and connective tissue diseases", 
      "trial": 28, 
      "version": "", 
      "aspect": "HealthCondition"
    }
  }, 
  {
    "pk": 36, 
    "model": "repository.descriptor", 
    "fields": {
      "_order": 0, 
      "code": "454545", 
      "vocabulary": "DeCS", 
      "level": "general", 
      "text": "XE321", 
      "trial": 30, 
      "version": "", 
      "aspect": "Intervention"
    }
  }, 
  {
    "pk": 37, 
    "model": "repository.descriptor", 
    "fields": {
      "_order": 0, 
      "code": "C01", 
      "vocabulary": "DeCS", 
      "level": "general", 
      "text": "Bacterial infections and mycoses", 
      "trial": 31, 
      "version": "", 
      "aspect": "HealthCondition"
    }
  }, 
  {
    "pk": 41, 
    "model": "repository.descriptor", 
    "fields": {
      "_order": 0, 
      "code": "E02.095.135.164", 
      "vocabulary": "DeCS", 
      "level": "specific", 
      "text": "Blood Transfusion, Autologous", 
      "trial": 14, 
      "version": "", 
      "aspect": "HealthCondition"
    }
  }, 
  {
    "pk": 44, 
    "model": "repository.descriptor", 
    "fields": {
      "_order": 0, 
      "code": "C14", 
      "vocabulary": "DeCS", 
      "level": "general", 
      "text": "Cardiovascular diseases", 
      "trial": 33, 
      "version": "", 
      "aspect": "HealthCondition"
    }
  }, 
  {
    "pk": 42, 
    "model": "repository.descriptor", 
    "fields": {
      "_order": 0, 
      "code": "C12", 
      "vocabulary": "DeCS", 
      "level": "general", 
      "text": "Male urogenital diseases", 
      "trial": 27, 
      "version": "", 
      "aspect": "HealthCondition"
    }
  }, 
  {
    "pk": 52, 
    "model": "repository.descriptor", 
    "fields": {
      "_order": 0, 
      "code": "C05", 
      "vocabulary": "DeCS", 
      "level": "general", 
      "text": "Musculoskeletal diseases", 
      "trial": 37, 
      "version": "", 
      "aspect": "HealthCondition"
    }
  }, 
  {
    "pk": 48, 
    "model": "repository.descriptor", 
    "fields": {
      "_order": 0, 
      "code": "C23", 
      "vocabulary": "DeCS", 
      "level": "general", 
      "text": "Pathological conditions, signs and symptoms", 
      "trial": 29, 
      "version": "", 
      "aspect": "HealthCondition"
    }
  }, 
  {
    "pk": 8, 
    "model": "repository.descriptor", 
    "fields": {
      "_order": 1, 
      "code": "50-81-7", 
      "vocabulary": "CAS", 
      "level": "specific", 
      "text": "L-Ascorbic acid", 
      "trial": 3, 
      "version": "", 
      "aspect": "Intervention"
    }
  }, 
  {
    "pk": 10, 
    "model": "repository.descriptor", 
    "fields": {
      "_order": 1, 
      "code": "50-78-2", 
      "vocabulary": "CAS", 
      "level": "specific", 
      "text": "Benzoic acid, 2-(acetyloxy)-", 
      "trial": 1, 
      "version": "", 
      "aspect": "Intervention"
    }
  }, 
  {
    "pk": 12, 
    "model": "repository.descriptor", 
    "fields": {
      "_order": 1, 
      "code": "C14.280.647", 
      "vocabulary": "DeCS", 
      "level": "specific", 
      "text": "Myocardial Ischemia", 
      "trial": 4, 
      "version": "2010", 
      "aspect": "HealthCondition"
    }
  }, 
  {
    "pk": 16, 
    "model": "repository.descriptor", 
    "fields": {
      "_order": 1, 
      "code": "C22", 
      "vocabulary": "DeCS", 
      "level": "general", 
      "text": "Animal diseases", 
      "trial": 20, 
      "version": "", 
      "aspect": "HealthCondition"
    }
  }, 
  {
    "pk": 19, 
    "model": "repository.descriptor", 
    "fields": {
      "_order": 1, 
      "code": "C43-C44", 
      "vocabulary": "ICD-10", 
      "level": "specific", 
      "text": "", 
      "trial": 22, 
      "version": "", 
      "aspect": "HealthCondition"
    }
  }, 
  {
    "pk": 53, 
    "model": "repository.descriptor", 
    "fields": {
      "_order": 1, 
      "code": "C01.539.947.692", 
      "vocabulary": "DeCS", 
      "level": "specific", 
      "text": "Surgical Wound Infection", 
      "trial": 37, 
      "version": "", 
      "aspect": "HealthCondition"
    }
  }, 
  {
    "pk": 25, 
    "model": "repository.descriptor", 
    "fields": {
      "_order": 1, 
      "code": "c40", 
      "vocabulary": "ICD-10", 
      "level": "specific", 
      "text": "", 
      "trial": 23, 
      "version": "", 
      "aspect": "HealthCondition"
    }
  }, 
  {
    "pk": 30, 
    "model": "repository.descriptor", 
    "fields": {
      "_order": 1, 
      "code": "B57.2", 
      "vocabulary": "ICD-10", 
      "level": "specific", 
      "text": "Trypanosomiasis with cardiac involvement", 
      "trial": 26, 
      "version": "", 
      "aspect": "HealthCondition"
    }
  }, 
  {
    "pk": 34, 
    "model": "repository.descriptor", 
    "fields": {
      "_order": 1, 
      "code": "L80", 
      "vocabulary": "ICD-10", 
      "level": "specific", 
      "text": "vitiligo", 
      "trial": 28, 
      "version": "", 
      "aspect": "HealthCondition"
    }
  }, 
  {
    "pk": 38, 
    "model": "repository.descriptor", 
    "fields": {
      "_order": 1, 
      "code": "C20", 
      "vocabulary": "DeCS", 
      "level": "general", 
      "text": "Immune system diseases", 
      "trial": 31, 
      "version": "", 
      "aspect": "HealthCondition"
    }
  }, 
  {
    "pk": 45, 
    "model": "repository.descriptor", 
    "fields": {
      "_order": 1, 
      "code": "B57.2", 
      "vocabulary": "ICD-10", 
      "level": "specific", 
      "text": "Chagas disease with cronic cardiac involvement", 
      "trial": 33, 
      "version": "", 
      "aspect": "HealthCondition"
    }
  }, 
  {
    "pk": 43, 
    "model": "repository.descriptor", 
    "fields": {
      "_order": 1, 
      "code": "N02.421.297", 
      "vocabulary": "DeCS", 
      "level": "specific", 
      "text": "Emergency Medical Services", 
      "trial": 27, 
      "version": "", 
      "aspect": "HealthCondition"
    }
  }, 
  {
    "pk": 49, 
    "model": "repository.descriptor", 
    "fields": {
      "_order": 1, 
      "code": "C10.597.617.470", 
      "vocabulary": "DeCS", 
      "level": "specific", 
      "text": "Headache", 
      "trial": 29, 
      "version": "", 
      "aspect": "HealthCondition"
    }
  }, 
  {
    "pk": 54, 
    "model": "repository.descriptor", 
    "fields": {
      "_order": 2, 
      "code": "A02.835.232.834.151.213", 
      "vocabulary": "DeCS", 
      "level": "general", 
      "text": "Cervical Atlas", 
      "trial": 37, 
      "version": "", 
      "aspect": "Intervention"
    }
  }, 
  {
    "pk": 2, 
    "model": "repository.descriptor", 
    "fields": {
      "_order": 2, 
      "code": "C14.280.647", 
      "vocabulary": "DeCS", 
      "level": "specific", 
      "text": "Myocardial Ischemia", 
      "trial": 3, 
      "version": "", 
      "aspect": "HealthCondition"
    }
  }, 
  {
    "pk": 13, 
    "model": "repository.descriptor", 
    "fields": {
      "_order": 2, 
      "code": "C14.280.647.250.285", 
      "vocabulary": "DeCS", 
      "level": "specific", 
      "text": "Coronary Stenosis", 
      "trial": 4, 
      "version": "2010", 
      "aspect": "HealthCondition"
    }
  }, 
  {
    "pk": 17, 
    "model": "repository.descriptor", 
    "fields": {
      "_order": 2, 
      "code": "3332", 
      "vocabulary": "ICD-10", 
      "level": "specific", 
      "text": "", 
      "trial": 20, 
      "version": "", 
      "aspect": "HealthCondition"
    }
  }, 
  {
    "pk": 20, 
    "model": "repository.descriptor", 
    "fields": {
      "_order": 2, 
      "code": "C04", 
      "vocabulary": "DeCS", 
      "level": "general", 
      "text": "Neoplasms", 
      "trial": 22, 
      "version": "", 
      "aspect": "HealthCondition"
    }
  }, 
  {
    "pk": 27, 
    "model": "repository.descriptor", 
    "fields": {
      "_order": 2, 
      "code": "2222", 
      "vocabulary": "CAS", 
      "level": "general", 
      "text": "bevacizumab", 
      "trial": 23, 
      "version": "", 
      "aspect": "Intervention"
    }
  }, 
  {
    "pk": 31, 
    "model": "repository.descriptor", 
    "fields": {
      "_order": 2, 
      "code": "C03", 
      "vocabulary": "DeCS", 
      "level": "general", 
      "text": "Parasitic diseases", 
      "trial": 26, 
      "version": "", 
      "aspect": "HealthCondition"
    }
  }, 
  {
    "pk": 35, 
    "model": "repository.descriptor", 
    "fields": {
      "_order": 2, 
      "code": "E01.370.600.620.750", 
      "vocabulary": "DeCS", 
      "level": "general", 
      "text": "skin pigmentation", 
      "trial": 28, 
      "version": "", 
      "aspect": "Intervention"
    }
  }, 
  {
    "pk": 39, 
    "model": "repository.descriptor", 
    "fields": {
      "_order": 2, 
      "code": "A15.9", 
      "vocabulary": "ICD-10", 
      "level": "specific", 
      "text": "Respiratory tuberculosis unspecified, confirmed bacteriologically and histologically", 
      "trial": 31, 
      "version": "", 
      "aspect": "HealthCondition"
    }
  }, 
  {
    "pk": 46, 
    "model": "repository.descriptor", 
    "fields": {
      "_order": 2, 
      "code": "C03.752.300.900.200.190", 
      "vocabulary": "DeCS", 
      "level": "specific", 
      "text": "Chagas Cardiomyopathy", 
      "trial": 33, 
      "version": "", 
      "aspect": "HealthCondition"
    }
  }, 
  {
    "pk": 3, 
    "model": "repository.descriptor", 
    "fields": {
      "_order": 3, 
      "code": "C14.280.647.250.260", 
      "vocabulary": "DeCS", 
      "level": "specific", 
      "text": "Coronary Artery Disease", 
      "trial": 3, 
      "version": "", 
      "aspect": "HealthCondition"
    }
  }, 
  {
    "pk": 14, 
    "model": "repository.descriptor", 
    "fields": {
      "_order": 3, 
      "code": "C14.280.647.250.285.200", 
      "vocabulary": "DeCS", 
      "level": "specific", 
      "text": "Coronary Restenosis", 
      "trial": 4, 
      "version": "2010", 
      "aspect": "HealthCondition"
    }
  }, 
  {
    "pk": 21, 
    "model": "repository.descriptor", 
    "fields": {
      "_order": 3, 
      "code": "C04", 
      "vocabulary": "DeCS", 
      "level": "specific", 
      "text": "", 
      "trial": 22, 
      "version": "", 
      "aspect": "HealthCondition"
    }
  }, 
  {
    "pk": 28, 
    "model": "repository.descriptor", 
    "fields": {
      "_order": 3, 
      "code": "0000", 
      "vocabulary": "CAS", 
      "level": "general", 
      "text": "placebo", 
      "trial": 23, 
      "version": "", 
      "aspect": "Intervention"
    }
  }, 
  {
    "pk": 40, 
    "model": "repository.descriptor", 
    "fields": {
      "_order": 3, 
      "code": "D04.345.295.750.700", 
      "vocabulary": "DeCS", 
      "level": "general", 
      "text": "Rifampin", 
      "trial": 31, 
      "version": "", 
      "aspect": "Intervention"
    }
  }, 
  {
    "pk": 47, 
    "model": "repository.descriptor", 
    "fields": {
      "_order": 3, 
      "code": "D01.810.950", 
      "vocabulary": "DeCS", 
      "level": "general", 
      "text": "Sodium Selenite", 
      "trial": 33, 
      "version": "", 
      "aspect": "Intervention"
    }
  }, 
  {
    "pk": 50, 
    "model": "repository.descriptor", 
    "fields": {
      "_order": 3, 
      "code": "C03.752.300.900.200.190", 
      "vocabulary": "DeCS", 
      "level": "general", 
      "text": "Chagas Cardiomyopathy", 
      "trial": 26, 
      "version": "", 
      "aspect": "Intervention"
    }
  }, 
  {
    "pk": 7, 
    "model": "repository.descriptor", 
    "fields": {
      "_order": 4, 
      "code": "C14.280.647.250.285", 
      "vocabulary": "DeCS", 
      "level": "specific", 
      "text": "Coronary Stenosis", 
      "trial": 3, 
      "version": "", 
      "aspect": "HealthCondition"
    }
  }, 
  {
    "pk": 1, 
    "model": "repository.outcome", 
    "fields": {
      "trial": 1, 
      "_order": 0, 
      "description": "The primary outcome measure is (unassisted) patency of the AVF at ninety (90)days after surgery. This is defined as the presence of an audible bruit over the site of the arterio-venous anastomosis, without the need for surgical or radiological intervention from the time of creation until the time of assessment.\r\nThe assessment of patency will be made at this time even if the AVF is not yet used for haemodialysis (11). Measurement of bruit will also be taken at 1 month to better define the natural history of thrombotic events.", 
      "interest": "primary"
    }
  }, 
  {
    "pk": 6, 
    "model": "repository.outcome", 
    "fields": {
      "trial": 3, 
      "_order": 0, 
      "description": "Left Ventricular Ejection Fraction (LVEF). Timepoint: Before and after CABG. Method of measurement: Trans Thoracic Echocardiography (TTE)", 
      "interest": "primary"
    }
  }, 
  {
    "pk": 8, 
    "model": "repository.outcome", 
    "fields": {
      "trial": 4, 
      "_order": 0, 
      "description": "(This trial has no primary outcome, all outcomes are of equal weight) Acute success (clinical device and clinical procedure). Acute Success is classified according to the following definitions: Clinical Device Success Successful delivery and deployment of the Clinical Investigation stent at the target lesion and successful withdrawal of the stent delivery system with attainment of final residual stenosis < 50% by Qualitative Coronary Angiography (QCA) (by visual estimation if QCA is unavailable). Standard pre-dilation catheters and post-dilatation catheters (if applicable) may be used. Bailout subjects will be included as device success only if the above criteria for clinical device success are met. Clinical Procedure Success Successful delivery and deployment of the Clinical Investigation stent at the target lesion and successful withdrawal of the stent delivery system with attainment of final residual stenosis of < 50% by QCA (by visual estimation if QCA unavailable) and/or using any adjunctive device without the occurrence of ischemia driven major adverse cardiac event (MACE) during the hospital stay with a maximum of first seven days post index procedure. In a dual lesion setting both lesions must meet clinical procedure success. This data is entered into electronic case report forms by investigational site personnel, personal information is kept confidential. ", 
      "interest": "primary"
    }
  }, 
  {
    "pk": 38, 
    "model": "repository.outcome", 
    "fields": {
      "trial": 23, 
      "_order": 0, 
      "description": "pain relief", 
      "interest": "primary"
    }
  }, 
  {
    "pk": 42, 
    "model": "repository.outcome", 
    "fields": {
      "trial": 26, 
      "_order": 0, 
      "description": "The first occurrence of any of the following clinically significant outcomes: \r\ndeath\r\ncardiac arrest, requiring defibrillator or cardioversion\r\ndocumented sustained ventricular tachycardia requiring cardioversion\r\nnew development of symptomatic congestive heart failure\r\n#pacemaker or implantable cardiac defibrillator implantation\r\nstroke or any other thromboembolic event in patients with no prior thromboembolic phenomena", 
      "interest": "primary"
    }
  }, 
  {
    "pk": 44, 
    "model": "repository.outcome", 
    "fields": {
      "trial": 28, 
      "_order": 0, 
      "description": "Prospective investigator-blinded study involving 25 adult male and female subjects with vitiligo on the backs of both hands. Punch minigrafting will be performed on both hands taking skin from the thighs and/or buttocks. Light treatments will be administered starting at week one after grafting. One hand will receive narrow-band ultraviolet B light and the other will receive focal 308-nm light treatments. Light treatments will be administered 3 times per week for 12 weeks. A long term follow-up visit will be completed at week 25. The investigator will evaluate the subjects at week 4, 7, 13 and 25 in addition to screening and baseline evaluations/procedures.", 
      "interest": "primary"
    }
  }, 
  {
    "pk": 46, 
    "model": "repository.outcome", 
    "fields": {
      "trial": 29, 
      "_order": 0, 
      "description": "Incidence of preeclampsia", 
      "interest": "primary"
    }
  }, 
  {
    "pk": 47, 
    "model": "repository.outcome", 
    "fields": {
      "trial": 31, 
      "_order": 0, 
      "description": "proportion of patients with viral load < 80 at the end of tuberculosis therapy \r\n\r\n[Time Frame: 6 months] \r\n\r\n", 
      "interest": "primary"
    }
  }, 
  {
    "pk": 52, 
    "model": "repository.outcome", 
    "fields": {
      "trial": 33, 
      "_order": 0, 
      "description": "Reduction of 50 % in the progression rate of heart dysfunction by the comparison of the means of left ventricular ejection fraction.", 
      "interest": "primary"
    }
  }, 
  {
    "pk": 51, 
    "model": "repository.outcome", 
    "fields": {
      "trial": 7, 
      "_order": 0, 
      "description": "Adads", 
      "interest": "primary"
    }
  }, 
  {
    "pk": 7, 
    "model": "repository.outcome", 
    "fields": {
      "trial": 3, 
      "_order": 1, 
      "description": "Total Antioxidant Capacity (TAC) . Timepoint: Before, middle and after CABG. Method of measurement: Biochemistry (blood sample)", 
      "interest": "secondary"
    }
  }, 
  {
    "pk": 2, 
    "model": "repository.outcome", 
    "fields": {
      "trial": 1, 
      "_order": 1, 
      "description": "Functional patency at 6 months. This is defined as the ability to use the AVF for a minimum of 3 consecutive dialysis treatments to the satisfaction of the clinician(s), without the need to use alternative dialysis access, or to delay commencement of dialysis. In patients who have not needed to start dialysis,\r\nassessment of functional patency will be delayed until commencement of dialysis. ", 
      "interest": "secondary"
    }
  }, 
  {
    "pk": 9, 
    "model": "repository.outcome", 
    "fields": {
      "trial": 4, 
      "_order": 1, 
      "description": "Cardiac Death (CD): Any death due to proximate cardiac cause (e.g., myocardial infarction, low-output failure, fatal arrhythmia), unwitnessed death, death of unknown cause, and all procedure-related deaths, including those related to concomitant treatment. This data is entered into electronic case report forms by investigational site personnel, personal information is kept confidential. ", 
      "interest": "primary"
    }
  }, 
  {
    "pk": 39, 
    "model": "repository.outcome", 
    "fields": {
      "trial": 23, 
      "_order": 1, 
      "description": "quality of life", 
      "interest": "secondary"
    }
  }, 
  {
    "pk": 43, 
    "model": "repository.outcome", 
    "fields": {
      "trial": 26, 
      "_order": 1, 
      "description": "New development of any of the following echo changes clinically indicated or done for the trial: \r\nventricular aneurysm\r\nreduction in left ventricular (LV) ejection fraction > 5%\r\nincrease in left ventricular diastolic dysfunction (LVDD) > 5.0 mm compared with baseline\r\nProgression of New York Heart Association (NYHA) functional class by at least one category\r\nEvaluation of safety (adverse events: dermatitis, peripheral neuropathy, gastro-intestinal intolerance, leucopenia [2500 x 10^9 L]), tolerance and adherence to treatment", 
      "interest": "secondary"
    }
  }, 
  {
    "pk": 45, 
    "model": "repository.outcome", 
    "fields": {
      "trial": 28, 
      "_order": 1, 
      "description": "Percent repigmentation of individual surviving grafts, percent repigmentation of all surviving grafts per hand, and percent repigmentation of lesional skin with each light source. Time Frame: 25 weeks", 
      "interest": "secondary"
    }
  }, 
  {
    "pk": 48, 
    "model": "repository.outcome", 
    "fields": {
      "trial": 31, 
      "_order": 1, 
      "description": "proportion of adverse events in each group \r\n\r\n[Time Frame: 6 months] ", 
      "interest": "primary"
    }
  }, 
  {
    "pk": 53, 
    "model": "repository.outcome", 
    "fields": {
      "trial": 33, 
      "_order": 1, 
      "description": "Partial or total reversion in electrocardiography alterations", 
      "interest": "secondary"
    }
  }, 
  {
    "pk": 3, 
    "model": "repository.outcome", 
    "fields": {
      "trial": 1, 
      "_order": 2, 
      "description": "Time to failure of primary patency. Time from AVF creation to need for first intervention. An event is defined as revision surgery, need for alternative access, or abandonment of AVF which ever comes first. Censored observations are defined as regaining renal function such that dialysis is not needed or still having a patent AVF at time of study analysis. There will be a minimum of 12 months follow up time for each patient. ", 
      "interest": "secondary"
    }
  }, 
  {
    "pk": 10, 
    "model": "repository.outcome", 
    "fields": {
      "trial": 4, 
      "_order": 2, 
      "description": "Myocardial Infarction (MI): Q wave MI Development of new, pathological Q wave on the Electrocardiogram (ECG) Non-Q wave MI Elevation of Creatine Kinase (CK) levels to greater than or equal to two times the upper limit of normal (ULN) with elevated Creatine Kinase-Myocardial Band (CK-MB) in the absence of new pathological Q waves. This data is entered into electronic case report forms by investigational site personnel, personal information is kept confidential. ", 
      "interest": "primary"
    }
  }, 
  {
    "pk": 40, 
    "model": "repository.outcome", 
    "fields": {
      "trial": 23, 
      "_order": 2, 
      "description": "1", 
      "interest": "primary"
    }
  }, 
  {
    "pk": 49, 
    "model": "repository.outcome", 
    "fields": {
      "trial": 31, 
      "_order": 2, 
      "description": "Immunologic reconstitution \r\n\r\n[Time Frame: 6 months]", 
      "interest": "secondary"
    }
  }, 
  {
    "pk": 4, 
    "model": "repository.outcome", 
    "fields": {
      "trial": 1, 
      "_order": 3, 
      "description": "Time to failure of assisted patency. This is defined as time from AVF creation to abandonment of access. That is, radiological and surgical interventions to preserve or restore patency do not constitute failure. An event is defined as abandonment of the AVF as dialysis access. Censored observations will be as for time to failure of primary patency above. ", 
      "interest": "secondary"
    }
  }, 
  {
    "pk": 11, 
    "model": "repository.outcome", 
    "fields": {
      "trial": 4, 
      "_order": 3, 
      "description": "Target Vessel Myocardial Infarction (TV-MI): Please see \"MI\" in outcome #2. An MI which originates in the target vessel (vessel to be treated) based on information entered by site personnel. This data is entered into electronic case report forms by investigational site personnel, personal information is kept confidential. ", 
      "interest": "primary"
    }
  }, 
  {
    "pk": 41, 
    "model": "repository.outcome", 
    "fields": {
      "trial": 23, 
      "_order": 3, 
      "description": "1", 
      "interest": "secondary"
    }
  }, 
  {
    "pk": 50, 
    "model": "repository.outcome", 
    "fields": {
      "trial": 31, 
      "_order": 3, 
      "description": "Genotyping resistance\r\n\r\n[Time Frame: 6 months]", 
      "interest": "secondary"
    }
  }, 
  {
    "pk": 5, 
    "model": "repository.outcome", 
    "fields": {
      "trial": 1, 
      "_order": 4, 
      "description": "Adverse events. All serious adverse events (see section 5.4) will be collected. The analysis of this secondary outcome will focus specifically on bleeding events.", 
      "interest": "secondary"
    }
  }, 
  {
    "pk": 12, 
    "model": "repository.outcome", 
    "fields": {
      "trial": 4, 
      "_order": 4, 
      "description": "Ischemia Driven Major Adverse Cardiac Events (ID MACE): The composite endpoint composed of cardiac death, myocardial infarction (MI) ischemia-driven target lesion revascularization (TLR) This data is entered into electronic case report forms by investigational site personnel, personal information is kept confidential. ", 
      "interest": "primary"
    }
  }, 
  {
    "pk": 13, 
    "model": "repository.outcome", 
    "fields": {
      "trial": 4, 
      "_order": 5, 
      "description": "Ischemia driven Target Vessel Failure (ID TVF): Any repeat percutaneous intervention or surgical bypass of any segment of the target vessel. This data is entered into electronic case report forms by investigational site personnel, personal information is kept confidential. ", 
      "interest": "primary"
    }
  }, 
  {
    "pk": 14, 
    "model": "repository.outcome", 
    "fields": {
      "trial": 4, 
      "_order": 6, 
      "description": "Ischemia Driven Target Lesion Revascularization (ID TLR): Any repeat percutaneous intervention of the target lesion or bypass surgery of the target vessel performed for restenosis or other complication of the target lesion. This data is entered into electronic case report forms by investigational site personnel, personal information is kept confidential. ", 
      "interest": "primary"
    }
  }, 
  {
    "pk": 15, 
    "model": "repository.outcome", 
    "fields": {
      "trial": 4, 
      "_order": 7, 
      "description": "Ischemia Driven Target Vessel Revascularization (ID TVR): Any repeat percutaneous intervention or surgical bypass of any segment of the target vessel. This data is entered into electronic case report forms by investigational site personnel, personal information is kept confidential. ", 
      "interest": "primary"
    }
  }, 
  {
    "pk": 16, 
    "model": "repository.outcome", 
    "fields": {
      "trial": 4, 
      "_order": 8, 
      "description": "Stent thrombosis: Clinical presentation of acute coronary syndrome with angiographic evidence of stent thrombosis. In the absence of angiography, any unexplained death, or acute MI in the distribution of the target lesion within 30 days This data is entered into electronic case report forms by investigational site personnel, personal information is kept confidential. ", 
      "interest": "primary"
    }
  }, 
  {
    "pk": 17, 
    "model": "repository.outcome", 
    "fields": {
      "trial": 4, 
      "_order": 9, 
      "description": "Descriptive analysis of strut, lesion and vessel morphology post-procedure by Optical Coherence Tomography (OCT), which is a catheter based optical imaging modality used in Percutaneous Coronary Intervention (PCI). This data is entered into electronic case report forms by investigational site personnel, personal information is kept confidential. ", 
      "interest": "primary"
    }
  }, 
  {
    "pk": 18, 
    "model": "repository.outcome", 
    "fields": {
      "trial": 4, 
      "_order": 10, 
      "description": "Stent area post-procedure assessed by Optical Coherence Tomography (OCT), which is a catheter based optical imaging modality used in PCI. This data is entered into electronic case report forms by investigational site personnel, personal information is kept confidential. ", 
      "interest": "primary"
    }
  }, 
  {
    "pk": 19, 
    "model": "repository.outcome", 
    "fields": {
      "trial": 4, 
      "_order": 11, 
      "description": "Lumen area assessed by Optical Coherence Tomography (OCT), which is a catheter based optical imaging modality used in PCI. This data is entered into electronic case report forms by investigational site personnel, personal information is kept confidential. ", 
      "interest": "primary"
    }
  }, 
  {
    "pk": 20, 
    "model": "repository.outcome", 
    "fields": {
      "trial": 4, 
      "_order": 12, 
      "description": "Minimum luminal area (MLA) assessed by Optical Coherence Tomography (OCT), which is a catheter based optical imaging modality used in PCI. This data is entered into electronic case report forms by investigational site personnel, personal information is kept confidential. ", 
      "interest": "primary"
    }
  }, 
  {
    "pk": 21, 
    "model": "repository.outcome", 
    "fields": {
      "trial": 4, 
      "_order": 13, 
      "description": "Incomplete apposition (baseline), persisting incomplete apposition, late incomplete apposition assessed by Optical Coherence Tomography (OCT), which is a catheter based optical imaging modality used in PCI. This data is entered into electronic case report forms by investigational site personnel, personal information is kept confidential. ", 
      "interest": "primary"
    }
  }, 
  {
    "pk": 22, 
    "model": "repository.outcome", 
    "fields": {
      "trial": 4, 
      "_order": 14, 
      "description": "In-stent Late Loss (LL) assessed by Angiography done for patients within the OCT subgroup. This data is entered into electronic case report forms by investigational site personnel, personal information is kept confidential. ", 
      "interest": "primary"
    }
  }, 
  {
    "pk": 23, 
    "model": "repository.outcome", 
    "fields": {
      "trial": 4, 
      "_order": 15, 
      "description": "In-segment LL assessed by Angiography done for patients within the OCT subgroup. This data is entered into electronic case report forms by investigational site personnel, personal information is kept confidential. ", 
      "interest": "primary"
    }
  }, 
  {
    "pk": 24, 
    "model": "repository.outcome", 
    "fields": {
      "trial": 4, 
      "_order": 16, 
      "description": "Proximal LL (proximal defined as within 5 mm of tissue proximal to stent placement) assessed by Angiography done for patients within the OCT subgroup. This data is entered into electronic case report forms by investigational site personnel, personal information is kept confidential. ", 
      "interest": "primary"
    }
  }, 
  {
    "pk": 25, 
    "model": "repository.outcome", 
    "fields": {
      "trial": 4, 
      "_order": 17, 
      "description": "Distal LL (distal defined as within 5 mm of tissue distal to stent placement) assessed by Angiography done for patients within the OCT subgroup. This data is entered into electronic case report forms by investigational site personnel, personal information is kept confidential. ", 
      "interest": "primary"
    }
  }, 
  {
    "pk": 26, 
    "model": "repository.outcome", 
    "fields": {
      "trial": 4, 
      "_order": 18, 
      "description": "In-stent and in-segment Minimum Luminal Diameter (MLD) assessed by Angiography done for patients within the OCT subgroup. This data is entered into electronic case report forms by investigational site personnel, personal information is kept confidential. ", 
      "interest": "primary"
    }
  }, 
  {
    "pk": 27, 
    "model": "repository.outcome", 
    "fields": {
      "trial": 4, 
      "_order": 19, 
      "description": "In-stent and in-segment % Diameter Stenosis (DS) assessed by Angiography done for patients within the OCT subgroup. This data is entered into electronic case report forms by investigational site personnel, personal information is kept confidential. ", 
      "interest": "primary"
    }
  }, 
  {
    "pk": 28, 
    "model": "repository.outcome", 
    "fields": {
      "trial": 4, 
      "_order": 20, 
      "description": "In-stent and in-segment Angiographic Binary Restenosis (ABR) rate assessed by Angiography done for patients within the OCT subgroup. This data is entered into electronic case report forms by investigational site personnel, personal information is kept confidential. ", 
      "interest": "primary"
    }
  }, 
  {
    "pk": 29, 
    "model": "repository.outcome", 
    "fields": {
      "trial": 4, 
      "_order": 21, 
      "description": "Aneurysm, thrombus, persisting dissection assessed by Angiography done for patients within the OCT subgroup. This data is entered into electronic case report forms by investigational site personnel, personal information is kept confidential. ", 
      "interest": "primary"
    }
  }, 
  {
    "pk": 30, 
    "model": "repository.outcome", 
    "fields": {
      "trial": 4, 
      "_order": 22, 
      "description": "Vessel area assessed by Intravscular Ultrasound (IVUS) done for patients within the OCT subgroup. (IVUS is a catheter based ultrasound imaging modality used in PCI.) This data is entered into electronic case report forms by investigational site personnel, personal information is kept confidential. ", 
      "interest": "primary"
    }
  }, 
  {
    "pk": 31, 
    "model": "repository.outcome", 
    "fields": {
      "trial": 4, 
      "_order": 23, 
      "description": "Stent area post-procedure and (if analyzable) assessed by Intravscular Ultrasound (IVUS) done for patients within the OCT subgroup. (IVUS is a catheter based ultrasound imaging modality used in PCI.) This data is entered into electronic case report forms by investigational site personnel, personal information is kept confidential. ", 
      "interest": "primary"
    }
  }, 
  {
    "pk": 32, 
    "model": "repository.outcome", 
    "fields": {
      "trial": 4, 
      "_order": 24, 
      "description": "Minimum luminal area (MLA) assessed by Intravscular Ultrasound (IVUS) done for patients within the OCT subgroup. (IVUS is a catheter based ultrasound imaging modality used in PCI.) This data is entered into electronic case report forms by investigational site personnel, personal information is kept confidential. ", 
      "interest": "primary"
    }
  }, 
  {
    "pk": 33, 
    "model": "repository.outcome", 
    "fields": {
      "trial": 4, 
      "_order": 25, 
      "description": "In-stent %Volume Obstruction (VO) assessed by Intravscular Ultrasound (IVUS) done for patients within the OCT subgroup. (IVUS is a catheter based ultrasound imaging modality used in PCI.) This data is entered into electronic case report forms by investigational site personnel, personal information is kept confidential. ", 
      "interest": "primary"
    }
  }, 
  {
    "pk": 34, 
    "model": "repository.outcome", 
    "fields": {
      "trial": 4, 
      "_order": 26, 
      "description": "Incomplete apposition (baseline), persisting incomplete apposition, late incomplete apposition assessed by Intravscular Ultrasound (IVUS) done for patients within the OCT subgroup. (IVUS is a catheter based ultrasound imaging modality used in PCI.) This data is entered into electronic case report forms by investigational site personnel, personal information is kept confidential. ", 
      "interest": "primary"
    }
  }, 
  {
    "pk": 35, 
    "model": "repository.outcome", 
    "fields": {
      "trial": 4, 
      "_order": 27, 
      "description": "Descriptive analysis of vascular and stent morphology using Multi-Slice Computed Tomography (MSCT) This data is entered into electronic case report forms by investigational site personnel, personal information is kept confidential. ", 
      "interest": "primary"
    }
  }, 
  {
    "pk": 39, 
    "model": "repository.clinicaltrial", 
    "fields": {
      "scientific_title": "Test", 
      "public_title": "test", 
      "enrollment_end_actual": null, 
      "trial_id": null, 
      "inclusion_criteria": "", 
      "recruitment_country": [
        [
          "AR"
        ]
      ], 
      "i_code": [], 
      "agemax_value": 0, 
      "agemax_unit": "-", 
      "expanded_access_program": null, 
      "agemin_unit": "-", 
      "scientific_acronym": "test", 
      "acronym": "test", 
      "hc_freetext": "", 
      "masking": null, 
      "exported": null, 
      "number_of_arms": null, 
      "status": "processing", 
      "updated": "2010-09-29 20:44:07", 
      "target_sample_size": 0, 
      "study_type": null, 
      "i_freetext": "", 
      "acronym_expansion": "test", 
      "enrollment_start_actual": null, 
      "enrollment_end_planned": null, 
      "allocation": null, 
      "scientific_acronym_expansion": "test", 
      "purpose": null, 
      "phase": null, 
      "date_registration": null, 
      "agemin_value": 0, 
      "enrollment_start_planned": null, 
      "staff_note": "", 
      "study_design": "", 
      "created": "2010-09-27 20:17:22", 
      "gender": "-", 
      "intervention_assignment": null, 
      "exclusion_criteria": "", 
      "primary_sponsor": 52, 
      "recruitment_status": null
    }
  }, 
  {
    "pk": 38, 
    "model": "repository.clinicaltrial", 
    "fields": {
      "scientific_title": "Title", 
      "public_title": "", 
      "enrollment_end_actual": null, 
      "trial_id": null, 
      "inclusion_criteria": "", 
      "recruitment_country": [
        [
          "BR"
        ]
      ], 
      "i_code": [], 
      "agemax_value": 0, 
      "agemax_unit": "-", 
      "expanded_access_program": null, 
      "agemin_unit": "-", 
      "scientific_acronym": "", 
      "acronym": "", 
      "hc_freetext": "", 
      "masking": null, 
      "exported": null, 
      "number_of_arms": null, 
      "status": "processing", 
      "updated": "2010-09-24 18:06:27", 
      "target_sample_size": 0, 
      "study_type": null, 
      "i_freetext": "", 
      "acronym_expansion": "", 
      "enrollment_start_actual": null, 
      "enrollment_end_planned": null, 
      "allocation": null, 
      "scientific_acronym_expansion": "", 
      "purpose": null, 
      "phase": null, 
      "date_registration": null, 
      "agemin_value": 0, 
      "enrollment_start_planned": null, 
      "staff_note": "", 
      "study_design": "", 
      "created": "2010-09-24 17:55:19", 
      "gender": "-", 
      "intervention_assignment": null, 
      "exclusion_criteria": "", 
      "primary_sponsor": 51, 
      "recruitment_status": null
    }
  }, 
  {
    "pk": 37, 
    "model": "repository.clinicaltrial", 
    "fields": {
      "scientific_title": "\"Comparison of the antimicrobial drug XPTZ with the antimicrobial CACAU at the treatment of chronic osteolyelitis\".", 
      "public_title": "\"Comparison of the antimicrobial drug XPTZ with the antimicrobial CACAU at the treatment of chronic osteolyelitis\".", 
      "enrollment_end_actual": null, 
      "trial_id": null, 
      "inclusion_criteria": "", 
      "recruitment_country": [
        [
          "BR"
        ]
      ], 
      "i_code": [
        [
          "drug"
        ]
      ], 
      "agemax_value": 0, 
      "agemax_unit": "-", 
      "expanded_access_program": null, 
      "agemin_unit": "-", 
      "scientific_acronym": "antimicrobial and chronic osteolyelitis", 
      "acronym": "chronic infection and antibiotic", 
      "hc_freetext": "chronic osteomyelitis", 
      "masking": null, 
      "exported": null, 
      "number_of_arms": null, 
      "status": "processing", 
      "updated": "2010-09-10 23:29:36", 
      "target_sample_size": 500, 
      "study_type": null, 
      "i_freetext": "Drug: XPTZ\r\nDrug: cocoa", 
      "acronym_expansion": "chronic infection, bone and antibiotic", 
      "enrollment_start_actual": null, 
      "enrollment_end_planned": "01/042011", 
      "allocation": null, 
      "scientific_acronym_expansion": "infection and bone", 
      "purpose": null, 
      "phase": null, 
      "date_registration": null, 
      "agemin_value": 0, 
      "enrollment_start_planned": "2010-10-01", 
      "staff_note": "", 
      "study_design": "", 
      "created": "2010-09-09 20:11:14", 
      "gender": "-", 
      "intervention_assignment": null, 
      "exclusion_criteria": "", 
      "primary_sponsor": 50, 
      "recruitment_status": [
        "not yet recruiting"
      ]
    }
  }, 
  {
    "pk": 36, 
    "model": "repository.clinicaltrial", 
    "fields": {
      "scientific_title": "", 
      "public_title": "", 
      "enrollment_end_actual": null, 
      "trial_id": null, 
      "inclusion_criteria": "", 
      "recruitment_country": [
        [
          "BR"
        ]
      ], 
      "i_code": [], 
      "agemax_value": 0, 
      "agemax_unit": "-", 
      "expanded_access_program": true, 
      "agemin_unit": "-", 
      "scientific_acronym": "", 
      "acronym": "", 
      "hc_freetext": "", 
      "masking": [
        "single-blind"
      ], 
      "exported": null, 
      "number_of_arms": null, 
      "status": "processing", 
      "updated": "2010-09-02 23:35:13", 
      "target_sample_size": 0, 
      "study_type": null, 
      "i_freetext": "", 
      "acronym_expansion": "", 
      "enrollment_start_actual": null, 
      "enrollment_end_planned": null, 
      "allocation": [
        "non-randomized-controlled"
      ], 
      "scientific_acronym_expansion": "", 
      "purpose": [
        "diagnostic"
      ], 
      "phase": [
        "0"
      ], 
      "date_registration": null, 
      "agemin_value": 0, 
      "enrollment_start_planned": null, 
      "staff_note": "", 
      "study_design": "", 
      "created": "2010-09-02 23:28:03", 
      "gender": "-", 
      "intervention_assignment": [
        "single-group"
      ], 
      "exclusion_criteria": "", 
      "primary_sponsor": 49, 
      "recruitment_status": null
    }
  }, 
  {
    "pk": 10, 
    "model": "repository.clinicaltrial", 
    "fields": {
      "scientific_title": "06/12/2010 Test", 
      "public_title": "06/12/2010 Test", 
      "enrollment_end_actual": "", 
      "trial_id": null, 
      "inclusion_criteria": "", 
      "recruitment_country": [
        [
          "BR"
        ]
      ], 
      "i_code": [], 
      "agemax_value": 0, 
      "agemax_unit": "-", 
      "expanded_access_program": null, 
      "agemin_unit": "-", 
      "scientific_acronym": "Test", 
      "acronym": "Teste", 
      "hc_freetext": "", 
      "masking": null, 
      "exported": null, 
      "number_of_arms": null, 
      "status": "processing", 
      "updated": "2010-09-01 04:14:16", 
      "target_sample_size": 0, 
      "study_type": null, 
      "i_freetext": "", 
      "acronym_expansion": "test", 
      "enrollment_start_actual": "", 
      "enrollment_end_planned": "", 
      "allocation": null, 
      "scientific_acronym_expansion": "Test", 
      "purpose": null, 
      "phase": null, 
      "date_registration": null, 
      "agemin_value": 0, 
      "enrollment_start_planned": "", 
      "staff_note": "", 
      "study_design": "", 
      "created": "2010-06-12 20:47:20", 
      "gender": "-", 
      "intervention_assignment": null, 
      "exclusion_criteria": "", 
      "primary_sponsor": 9, 
      "recruitment_status": null
    }
  }, 
  {
    "pk": 35, 
    "model": "repository.clinicaltrial", 
    "fields": {
      "scientific_title": "", 
      "public_title": "", 
      "enrollment_end_actual": null, 
      "trial_id": null, 
      "inclusion_criteria": "", 
      "recruitment_country": [
        [
          "BR"
        ]
      ], 
      "i_code": [], 
      "agemax_value": 0, 
      "agemax_unit": "-", 
      "expanded_access_program": null, 
      "agemin_unit": "-", 
      "scientific_acronym": "", 
      "acronym": "", 
      "hc_freetext": "", 
      "masking": null, 
      "exported": null, 
      "number_of_arms": null, 
      "status": "processing", 
      "updated": "2010-08-25 16:18:14", 
      "target_sample_size": 0, 
      "study_type": null, 
      "i_freetext": "", 
      "acronym_expansion": "", 
      "enrollment_start_actual": null, 
      "enrollment_end_planned": null, 
      "allocation": null, 
      "scientific_acronym_expansion": "", 
      "purpose": null, 
      "phase": null, 
      "date_registration": null, 
      "agemin_value": 0, 
      "enrollment_start_planned": null, 
      "staff_note": "", 
      "study_design": "", 
      "created": "2010-08-25 16:18:14", 
      "gender": "-", 
      "intervention_assignment": null, 
      "exclusion_criteria": "", 
      "primary_sponsor": 48, 
      "recruitment_status": null
    }
  }, 
  {
    "pk": 34, 
    "model": "repository.clinicaltrial", 
    "fields": {
      "scientific_title": "", 
      "public_title": "", 
      "enrollment_end_actual": null, 
      "trial_id": null, 
      "inclusion_criteria": "", 
      "recruitment_country": [
        [
          "BR"
        ]
      ], 
      "i_code": [], 
      "agemax_value": 0, 
      "agemax_unit": "-", 
      "expanded_access_program": null, 
      "agemin_unit": "-", 
      "scientific_acronym": "", 
      "acronym": "", 
      "hc_freetext": "", 
      "masking": null, 
      "exported": null, 
      "number_of_arms": null, 
      "status": "processing", 
      "updated": "2010-08-25 16:10:14", 
      "target_sample_size": 0, 
      "study_type": null, 
      "i_freetext": "", 
      "acronym_expansion": "", 
      "enrollment_start_actual": null, 
      "enrollment_end_planned": null, 
      "allocation": null, 
      "scientific_acronym_expansion": "", 
      "purpose": null, 
      "phase": null, 
      "date_registration": null, 
      "agemin_value": 0, 
      "enrollment_start_planned": null, 
      "staff_note": "", 
      "study_design": "", 
      "created": "2010-08-25 16:10:14", 
      "gender": "-", 
      "intervention_assignment": null, 
      "exclusion_criteria": "", 
      "primary_sponsor": 47, 
      "recruitment_status": null
    }
  }, 
  {
    "pk": 26, 
    "model": "repository.clinicaltrial", 
    "fields": {
      "scientific_title": "Benznidazole evaluation for interrupting tripanosomiasis \u2013 BENEFIT trial", 
      "public_title": "The BENEFIT Trial: Evaluation of the Use of an Antiparasital Drug (Benznidazole) in the Treatment of Chronic Chagas' Disease", 
      "enrollment_end_actual": "", 
      "trial_id": null, 
      "inclusion_criteria": "Consenting patients (between 18 and 75 years of age) with serological evidence of Chagas infection (any combination of 2 positive tests) and that have one or more of the following:\r\nAbnormal electrocardiogram with at least two components (complete RBBB or LBBB; left anterior or posterior fascicular block; ventricular premature beat; first degree atrioventricular [AV] block; Mobitz type I AV block; sinus bradycardia; primary ST-T changes; abnormal Q waves; low voltage QRS; or atrial fibrillation);\r\nAbnormal ECG (Mobitz type II, advanced or third degree AV block)", 
      "recruitment_country": [
        [
          "AR"
        ], 
        [
          "BR"
        ], 
        [
          "CA"
        ]
      ], 
      "i_code": [
        [
          "drug"
        ]
      ], 
      "agemax_value": 75, 
      "agemax_unit": "Y", 
      "expanded_access_program": false, 
      "agemin_unit": "Y", 
      "scientific_acronym": "BENEFIT", 
      "acronym": "", 
      "hc_freetext": "Chagas Disease\r\nTrypanosomiasis\r\nHeart Disease\r\n", 
      "masking": [
        "double-blind"
      ], 
      "exported": null, 
      "number_of_arms": 1, 
      "status": "processing", 
      "updated": "2010-08-25 15:28:31", 
      "target_sample_size": 600, 
      "study_type": null, 
      "i_freetext": "Group 1: 750 patients will receive 5 mg/kg per day for 60 days, with an upper limit of dosing at 300 mg per day. There will be a direct relationship between the number of days of treatment and the body weight. Thus, a 60 kg patient will take 300 mg for 60 days, a 80 kg patient with will take 300 mg per day for 80 days and a 40 kg patient will take 300 mg per day for 40 days.\r\nGroup 2: placebo", 
      "acronym_expansion": "", 
      "enrollment_start_actual": "", 
      "enrollment_end_planned": "", 
      "allocation": [
        "randomized-controlled"
      ], 
      "scientific_acronym_expansion": "Benznidazole Evaluation for Interrupting Trypanosomiasis", 
      "purpose": [
        "treatment"
      ], 
      "phase": [
        "1-2"
      ], 
      "date_registration": null, 
      "agemin_value": 18, 
      "enrollment_start_planned": "2004-01-11", 
      "staff_note": "", 
      "study_design": "Double-Blind, randomized placebo control safety and efficacy study with single Group Assignment for treatment os Chagas Disease", 
      "created": "2010-06-30 11:25:32", 
      "gender": "-", 
      "intervention_assignment": [
        "single-group"
      ], 
      "exclusion_criteria": "NYHA heart failure class IV or decompensated heart failure\r\nEvidence of concomitant coronary artery disease (CAD) or other etiology of dilated cardiomyopathy\r\nPrevious treatment with antitrypanosomal agents or an accepted indication for antiparasitic therapy\r\nHistory of severe alcohol abuse within 2 years\r\nKnown chronic renal or hepatic insufficiency\r\nPregnancy or breast feeding\r\n", 
      "primary_sponsor": 32, 
      "recruitment_status": [
        "recruiting"
      ]
    }
  }, 
  {
    "pk": 27, 
    "model": "repository.clinicaltrial", 
    "fields": {
      "scientific_title": "Teste 30/jun", 
      "public_title": "", 
      "enrollment_end_actual": "", 
      "trial_id": null, 
      "inclusion_criteria": "", 
      "recruitment_country": [
        [
          "BR"
        ]
      ], 
      "i_code": [], 
      "agemax_value": 0, 
      "agemax_unit": "-", 
      "expanded_access_program": null, 
      "agemin_unit": "-", 
      "scientific_acronym": "", 
      "acronym": "", 
      "hc_freetext": "", 
      "masking": null, 
      "exported": null, 
      "number_of_arms": null, 
      "status": "processing", 
      "updated": "2010-08-25 13:21:46", 
      "target_sample_size": 0, 
      "study_type": null, 
      "i_freetext": "", 
      "acronym_expansion": "", 
      "enrollment_start_actual": "", 
      "enrollment_end_planned": "", 
      "allocation": null, 
      "scientific_acronym_expansion": "", 
      "purpose": null, 
      "phase": null, 
      "date_registration": null, 
      "agemin_value": 0, 
      "enrollment_start_planned": null, 
      "staff_note": "", 
      "study_design": "", 
      "created": "2010-06-30 13:27:51", 
      "gender": "-", 
      "intervention_assignment": null, 
      "exclusion_criteria": "", 
      "primary_sponsor": 33, 
      "recruitment_status": [
        "not yet recruiting"
      ]
    }
  }, 
  {
    "pk": 33, 
    "model": "repository.clinicaltrial", 
    "fields": {
      "scientific_title": "Selenium Treatment and Chagasic Cardiopathy(STCC): A Prospective Randomized Trial in Patients With Chagas Disease", 
      "public_title": "Selenium tretment and Chagasic Cardiopathy", 
      "enrollment_end_actual": null, 
      "trial_id": null, 
      "inclusion_criteria": "* altered ECHO (LVEF between 0,35 % and 45 %)\r\n\r\n", 
      "recruitment_country": [
        [
          "BR"
        ]
      ], 
      "i_code": [
        [
          "dietary supplement"
        ]
      ], 
      "agemax_value": 65, 
      "agemax_unit": "Y", 
      "expanded_access_program": false, 
      "agemin_unit": "Y", 
      "scientific_acronym": "", 
      "acronym": "", 
      "hc_freetext": "Chagasic cardiopathy", 
      "masking": [
        "double-blind"
      ], 
      "exported": null, 
      "number_of_arms": 2, 
      "status": "processing", 
      "updated": "2010-08-25 12:57:50", 
      "target_sample_size": 130, 
      "study_type": null, 
      "i_freetext": "Group 1: Dietary Supplement: Selenium\r\n100 \u00b5g Se as sodium selenite during 12 months \r\nGroup 2: placebo", 
      "acronym_expansion": "", 
      "enrollment_start_actual": null, 
      "enrollment_end_planned": null, 
      "allocation": [
        "randomized-controlled"
      ], 
      "scientific_acronym_expansion": "", 
      "purpose": [
        "treatment"
      ], 
      "phase": [
        "3"
      ], 
      "date_registration": null, 
      "agemin_value": 20, 
      "enrollment_start_planned": "2008-01-10", 
      "staff_note": "", 
      "study_design": "Double blind, randomized, placebo control, safety/efficacy study with parallel assignment", 
      "created": "2010-08-20 13:00:35", 
      "gender": "-", 
      "intervention_assignment": [
        "parallel"
      ], 
      "exclusion_criteria": "    * patients > 65 years of age\r\n    * smoke habit, patients with non-chagasic cardiopathy, live close to mineral deposit, metals industries and place with radioactive exposition, vegetarian\r\n    * depressive psychological profile\r\n    * pregnant or in lactating period\r\n    * present or presented cancer or diabetes.\r\n    * patients will be excluded if they take anti-convulsive medicines (Clozapine, Valproic Acid)\r\n", 
      "primary_sponsor": 43, 
      "recruitment_status": [
        "not yet recruiting"
      ]
    }
  }, 
  {
    "pk": 29, 
    "model": "repository.clinicaltrial", 
    "fields": {
      "scientific_title": "RCT of Antioxidant Therapy to Prevent Preeclampsia in Brazil", 
      "public_title": "public title", 
      "enrollment_end_actual": "", 
      "trial_id": null, 
      "inclusion_criteria": "", 
      "recruitment_country": [
        [
          "BR"
        ]
      ], 
      "i_code": [], 
      "agemax_value": 0, 
      "agemax_unit": "-", 
      "expanded_access_program": false, 
      "agemin_unit": "-", 
      "scientific_acronym": "acronym", 
      "acronym": "public acronym", 
      "hc_freetext": "test", 
      "masking": null, 
      "exported": null, 
      "number_of_arms": null, 
      "status": "processing", 
      "updated": "2010-08-25 02:41:57", 
      "target_sample_size": 0, 
      "study_type": null, 
      "i_freetext": "", 
      "acronym_expansion": "test", 
      "enrollment_start_actual": "", 
      "enrollment_end_planned": "", 
      "allocation": null, 
      "scientific_acronym_expansion": "acronimo expandido", 
      "purpose": null, 
      "phase": [
        "3"
      ], 
      "date_registration": null, 
      "agemin_value": 0, 
      "enrollment_start_planned": "", 
      "staff_note": "", 
      "study_design": "", 
      "created": "2010-07-13 19:07:15", 
      "gender": "-", 
      "intervention_assignment": null, 
      "exclusion_criteria": "", 
      "primary_sponsor": 36, 
      "recruitment_status": null
    }
  }, 
  {
    "pk": 9, 
    "model": "repository.clinicaltrial", 
    "fields": {
      "scientific_title": "The efficacy of penicillin G potassium in reducing aphthous ulcer pain and lesion size in a Chinese cohort: a randomized, double-blinded, placebo and blank controlled, multicenter clinical trial.", 
      "public_title": "", 
      "enrollment_end_actual": "", 
      "trial_id": null, 
      "inclusion_criteria": "", 
      "recruitment_country": [
        [
          "CN"
        ]
      ], 
      "i_code": [], 
      "agemax_value": 0, 
      "agemax_unit": "-", 
      "expanded_access_program": null, 
      "agemin_unit": "-", 
      "scientific_acronym": "", 
      "acronym": "", 
      "hc_freetext": "", 
      "masking": null, 
      "exported": null, 
      "number_of_arms": null, 
      "status": "processing", 
      "updated": "2010-08-24 17:20:15", 
      "target_sample_size": 0, 
      "study_type": null, 
      "i_freetext": "", 
      "acronym_expansion": "", 
      "enrollment_start_actual": "", 
      "enrollment_end_planned": "", 
      "allocation": null, 
      "scientific_acronym_expansion": "", 
      "purpose": null, 
      "phase": null, 
      "date_registration": null, 
      "agemin_value": 0, 
      "enrollment_start_planned": "", 
      "staff_note": "", 
      "study_design": "", 
      "created": "2010-04-22 20:01:45", 
      "gender": "-", 
      "intervention_assignment": null, 
      "exclusion_criteria": "", 
      "primary_sponsor": 8, 
      "recruitment_status": null
    }
  }, 
  {
    "pk": 32, 
    "model": "repository.clinicaltrial", 
    "fields": {
      "scientific_title": "asdfaefsfdas", 
      "public_title": "", 
      "enrollment_end_actual": null, 
      "trial_id": null, 
      "inclusion_criteria": "", 
      "recruitment_country": [
        [
          "AS"
        ], 
        [
          "BR"
        ]
      ], 
      "i_code": [], 
      "agemax_value": 0, 
      "agemax_unit": "-", 
      "expanded_access_program": null, 
      "agemin_unit": "-", 
      "scientific_acronym": "", 
      "acronym": "", 
      "hc_freetext": "", 
      "masking": null, 
      "exported": null, 
      "number_of_arms": null, 
      "status": "processing", 
      "updated": "2010-08-23 20:33:18", 
      "target_sample_size": 0, 
      "study_type": null, 
      "i_freetext": "", 
      "acronym_expansion": "", 
      "enrollment_start_actual": null, 
      "enrollment_end_planned": null, 
      "allocation": null, 
      "scientific_acronym_expansion": "", 
      "purpose": null, 
      "phase": null, 
      "date_registration": null, 
      "agemin_value": 0, 
      "enrollment_start_planned": null, 
      "staff_note": "", 
      "study_design": "", 
      "created": "2010-07-31 00:09:37", 
      "gender": "-", 
      "intervention_assignment": null, 
      "exclusion_criteria": "", 
      "primary_sponsor": 42, 
      "recruitment_status": null
    }
  }, 
  {
    "pk": 31, 
    "model": "repository.clinicaltrial", 
    "fields": {
      "scientific_title": "Anti-retroviral Efficacy, Tolerance and Other Pharmacologic Interactions of the Non Nucleoside Analog Efavirenz in Association With Rifampicin to Treat Tuberculosis and AIDS", 
      "public_title": "Randomized Clinical Trial to Assess the Efficacy and Safety of Concomitant Use of Rifampicin and Efavirenz 600 X 800mg (IPEC-EFV)", 
      "enrollment_end_actual": null, 
      "trial_id": "RBR-9rm-tzr", 
      "inclusion_criteria": "* Adults with tuberculosis diagnosis, HIV positive.\r\n\r\n* Agreement to avoid not allowed drugs during the trial, agreement to participate in the study (informed consent)\r\n", 
      "recruitment_country": [
        [
          "BR"
        ]
      ], 
      "i_code": [
        [
          "drug"
        ]
      ], 
      "agemax_value": 0, 
      "agemax_unit": "-", 
      "expanded_access_program": false, 
      "agemin_unit": "Y", 
      "scientific_acronym": "", 
      "acronym": "", 
      "hc_freetext": "Tuberculosis\r\nHIV Infections", 
      "masking": [
        "open"
      ], 
      "exported": null, 
      "number_of_arms": 2, 
      "status": "published", 
      "updated": "2010-08-23 20:33:15", 
      "target_sample_size": 178, 
      "study_type": null, 
      "i_freetext": "efavirenz", 
      "acronym_expansion": "", 
      "enrollment_start_actual": null, 
      "enrollment_end_planned": null, 
      "allocation": [
        "randomized-controlled"
      ], 
      "scientific_acronym_expansion": "", 
      "purpose": [
        "treatment"
      ], 
      "phase": [
        "4"
      ], 
      "date_registration": null, 
      "agemin_value": 18, 
      "enrollment_start_planned": "2010-10-01", 
      "staff_note": "", 
      "study_design": "Study Type:  \t Interventional\r\n\r\nControl: Dose Comparison\r\nEndpoint Classification: Safety/Efficacy Study\r\n\r\nPrimary Purpose: Treatment\r\nAllocation: Randomized\r\nMasking: Open Label\r\nIntervention Model: Parallel Assignment\r\n", 
      "created": "2010-07-19 20:36:14", 
      "gender": "-", 
      "intervention_assignment": [
        "parallel"
      ], 
      "exclusion_criteria": "* Active liver disease\r\n* Pregnancy or breast feeding\r\n* CD4 counts > 350\r\n", 
      "primary_sponsor": 39, 
      "recruitment_status": [
        "not yet recruiting"
      ]
    }
  }, 
  {
    "pk": 30, 
    "model": "repository.clinicaltrial", 
    "fields": {
      "scientific_title": "Title", 
      "public_title": "", 
      "enrollment_end_actual": null, 
      "trial_id": null, 
      "inclusion_criteria": "", 
      "recruitment_country": [
        [
          "BR"
        ]
      ], 
      "i_code": [
        [
          "drug"
        ]
      ], 
      "agemax_value": 0, 
      "agemax_unit": "-", 
      "expanded_access_program": null, 
      "agemin_unit": "-", 
      "scientific_acronym": "", 
      "acronym": "", 
      "hc_freetext": "mialgy", 
      "masking": null, 
      "exported": null, 
      "number_of_arms": null, 
      "status": "processing", 
      "updated": "2010-08-23 20:33:13", 
      "target_sample_size": 0, 
      "study_type": null, 
      "i_freetext": "", 
      "acronym_expansion": "", 
      "enrollment_start_actual": null, 
      "enrollment_end_planned": null, 
      "allocation": null, 
      "scientific_acronym_expansion": "", 
      "purpose": null, 
      "phase": null, 
      "date_registration": null, 
      "agemin_value": 0, 
      "enrollment_start_planned": null, 
      "staff_note": "", 
      "study_design": "", 
      "created": "2010-07-16 19:32:32", 
      "gender": "-", 
      "intervention_assignment": null, 
      "exclusion_criteria": "", 
      "primary_sponsor": 37, 
      "recruitment_status": null
    }
  }, 
  {
    "pk": 28, 
    "model": "repository.clinicaltrial", 
    "fields": {
      "scientific_title": "The Efficacy of Hand-Foot Narrow-Band UVB Versus Focal 308-nm Treatment in Inducing Repigmentation of Vitiligo After Minigrafting on the Dorsal Hands", 
      "public_title": "The Efficacy of Hand NBUVB Versus Excilite Treatment in Vitiligo After Minigrafting on the Dorsal Hands", 
      "enrollment_end_actual": "", 
      "trial_id": null, 
      "inclusion_criteria": "* skin type III-VI\r\n* vitiligo on both dorsal hands\r\n* history of stable vitiligo ( no new lesions and no more than 10% enlargement of existing lesions) for six months with an absence of Kebner phenomenon (new lesions appearing after trauma to the skin)\r\n    * refractory to topical steroids and immunomodulators", 
      "recruitment_country": [
        [
          "BR"
        ], 
        [
          "US"
        ]
      ], 
      "i_code": [
        [
          "device"
        ]
      ], 
      "agemax_value": 0, 
      "agemax_unit": "-", 
      "expanded_access_program": false, 
      "agemin_unit": "Y", 
      "scientific_acronym": "", 
      "acronym": "", 
      "hc_freetext": "Vitiligo", 
      "masking": [
        "single-blind"
      ], 
      "exported": null, 
      "number_of_arms": 2, 
      "status": "processing", 
      "updated": "2010-08-23 20:33:08", 
      "target_sample_size": 34, 
      "study_type": null, 
      "i_freetext": "Device: Daavlin Spectra UVB Hand/Foot Box Narrow-band ultraviolet B hand box\r\nDevice: Excilite Focal 308-nm light\r\n\r\nActive Comparator\r\nRight hand treated with narrow-band UVB light and left hand treated with focal 308-nm light\r\nIntervention: Device: Daavlin Spectra UVB Hand/Foot Box\r\nActive Comparator\r\nRight hand treated with focal 308-nm light and left hand treated with narrow-band UVB light\r\nIntervention: Device: Excilite Focal 308-nm light", 
      "acronym_expansion": "", 
      "enrollment_start_actual": "", 
      "enrollment_end_planned": "", 
      "allocation": [
        "randomized-controlled"
      ], 
      "scientific_acronym_expansion": "", 
      "purpose": [
        "treatment"
      ], 
      "phase": [
        "1-2"
      ], 
      "date_registration": null, 
      "agemin_value": 18, 
      "enrollment_start_planned": "2010-01-10", 
      "staff_note": "", 
      "study_design": "Allocation:  Randomized\r\nControl:  Active Control\r\nEndpoint Classification:  Safety/Efficacy Study\r\nIntervention Model:  Single Group Assignment\r\nMasking:  Single Blind (Investigator)\r\nPrimary Purpose:  Treatment", 
      "created": "2010-07-07 12:47:53", 
      "gender": "-", 
      "intervention_assignment": [
        "single-group"
      ], 
      "exclusion_criteria": "* pregnant and/or breast-feeding females\r\n* history of skin cancer\r\n* history of taking photosensitizing medications\r\n* history of recent phototherapy (light therapy) or topical medications within one month prior to enrollment\r\n* history of organ transplantation", 
      "primary_sponsor": 34, 
      "recruitment_status": [
        "not yet recruiting"
      ]
    }
  }, 
  {
    "pk": 25, 
    "model": "repository.clinicaltrial", 
    "fields": {
      "scientific_title": "title scientific test", 
      "public_title": "", 
      "enrollment_end_actual": "", 
      "trial_id": null, 
      "inclusion_criteria": "", 
      "recruitment_country": [
        [
          "BR"
        ]
      ], 
      "i_code": [], 
      "agemax_value": 0, 
      "agemax_unit": "-", 
      "expanded_access_program": null, 
      "agemin_unit": "-", 
      "scientific_acronym": "", 
      "acronym": "", 
      "hc_freetext": "", 
      "masking": null, 
      "exported": null, 
      "number_of_arms": null, 
      "status": "processing", 
      "updated": "2010-08-23 20:33:01", 
      "target_sample_size": 0, 
      "study_type": null, 
      "i_freetext": "", 
      "acronym_expansion": "", 
      "enrollment_start_actual": "", 
      "enrollment_end_planned": "", 
      "allocation": null, 
      "scientific_acronym_expansion": "", 
      "purpose": null, 
      "phase": null, 
      "date_registration": null, 
      "agemin_value": 0, 
      "enrollment_start_planned": "", 
      "staff_note": "", 
      "study_design": "", 
      "created": "2010-06-29 14:08:33", 
      "gender": "-", 
      "intervention_assignment": null, 
      "exclusion_criteria": "", 
      "primary_sponsor": 30, 
      "recruitment_status": null
    }
  }, 
  {
    "pk": 23, 
    "model": "repository.clinicaltrial", 
    "fields": {
      "scientific_title": "t\u00edtulo em ingl\u00eas", 
      "public_title": "asdf", 
      "enrollment_end_actual": "", 
      "trial_id": null, 
      "inclusion_criteria": "", 
      "recruitment_country": [
        [
          "AM"
        ], 
        [
          "AU"
        ], 
        [
          "BZ"
        ], 
        [
          "BT"
        ]
      ], 
      "i_code": [
        [
          "drug"
        ]
      ], 
      "agemax_value": 0, 
      "agemax_unit": "-", 
      "expanded_access_program": false, 
      "agemin_unit": "-", 
      "scientific_acronym": "as3", 
      "acronym": "2342", 
      "hc_freetext": "", 
      "masking": [
        "double-blind"
      ], 
      "exported": null, 
      "number_of_arms": 3, 
      "status": "processing", 
      "updated": "2010-08-23 20:32:56", 
      "target_sample_size": 0, 
      "study_type": null, 
      "i_freetext": "", 
      "acronym_expansion": "342", 
      "enrollment_start_actual": "", 
      "enrollment_end_planned": "", 
      "allocation": [
        "randomized-controlled"
      ], 
      "scientific_acronym_expansion": "2434", 
      "purpose": [
        "treatment"
      ], 
      "phase": [
        "3"
      ], 
      "date_registration": null, 
      "agemin_value": 0, 
      "enrollment_start_planned": "", 
      "staff_note": "", 
      "study_design": "randomized controlled trial\r\n", 
      "created": "2010-06-21 21:26:44", 
      "gender": "-", 
      "intervention_assignment": [
        "parallel"
      ], 
      "exclusion_criteria": "", 
      "primary_sponsor": 27, 
      "recruitment_status": null
    }
  }, 
  {
    "pk": 22, 
    "model": "repository.clinicaltrial", 
    "fields": {
      "scientific_title": "\u201cEstudo TEAM (Efic\u00e1cia do Tasigna em Melanoma Avan\u00e7ado): Estudo fase III, de dois bra\u00e7os, randomizado, aberto e multic\u00eantrico para comparar a efic\u00e1cia de Tasigna\u00ae versus dacarbazina (DTIC) no tratamento de pacientes com melanoma metast\u00e1tico e/ou inoper\u00e1vel contendo uma muta\u00e7\u00e3o do c-Kit\u201d", 
      "public_title": "", 
      "enrollment_end_actual": "", 
      "trial_id": null, 
      "inclusion_criteria": "", 
      "recruitment_country": [
        [
          "BR"
        ]
      ], 
      "i_code": [], 
      "agemax_value": 0, 
      "agemax_unit": "-", 
      "expanded_access_program": null, 
      "agemin_unit": "-", 
      "scientific_acronym": "", 
      "acronym": "", 
      "hc_freetext": "", 
      "masking": null, 
      "exported": null, 
      "number_of_arms": null, 
      "status": "processing", 
      "updated": "2010-08-23 20:32:54", 
      "target_sample_size": 0, 
      "study_type": null, 
      "i_freetext": "", 
      "acronym_expansion": "", 
      "enrollment_start_actual": "", 
      "enrollment_end_planned": "", 
      "allocation": null, 
      "scientific_acronym_expansion": "", 
      "purpose": null, 
      "phase": null, 
      "date_registration": null, 
      "agemin_value": 0, 
      "enrollment_start_planned": "", 
      "staff_note": "", 
      "study_design": "", 
      "created": "2010-06-21 20:35:22", 
      "gender": "-", 
      "intervention_assignment": null, 
      "exclusion_criteria": "", 
      "primary_sponsor": 26, 
      "recruitment_status": null
    }
  }, 
  {
    "pk": 21, 
    "model": "repository.clinicaltrial", 
    "fields": {
      "scientific_title": "teste", 
      "public_title": "", 
      "enrollment_end_actual": "", 
      "trial_id": null, 
      "inclusion_criteria": "", 
      "recruitment_country": [
        [
          "AF"
        ]
      ], 
      "i_code": [], 
      "agemax_value": 0, 
      "agemax_unit": "-", 
      "expanded_access_program": null, 
      "agemin_unit": "-", 
      "scientific_acronym": "", 
      "acronym": "", 
      "hc_freetext": "", 
      "masking": null, 
      "exported": null, 
      "number_of_arms": null, 
      "status": "processing", 
      "updated": "2010-08-23 20:32:52", 
      "target_sample_size": 0, 
      "study_type": null, 
      "i_freetext": "", 
      "acronym_expansion": "", 
      "enrollment_start_actual": "", 
      "enrollment_end_planned": "", 
      "allocation": null, 
      "scientific_acronym_expansion": "", 
      "purpose": null, 
      "phase": null, 
      "date_registration": null, 
      "agemin_value": 0, 
      "enrollment_start_planned": "", 
      "staff_note": "", 
      "study_design": "", 
      "created": "2010-06-21 13:55:07", 
      "gender": "-", 
      "intervention_assignment": null, 
      "exclusion_criteria": "", 
      "primary_sponsor": 25, 
      "recruitment_status": null
    }
  }, 
  {
    "pk": 20, 
    "model": "repository.clinicaltrial", 
    "fields": {
      "scientific_title": "A Phase II Study of Single-Agent Lenalidomide in Subjects With Relapsed Or Refractory T-Cell Non-Hodgkin's Lymphoma (EXPECT)", 
      "public_title": "", 
      "enrollment_end_actual": "", 
      "trial_id": null, 
      "inclusion_criteria": "", 
      "recruitment_country": [
        [
          "AU"
        ], 
        [
          "BE"
        ], 
        [
          "FR"
        ]
      ], 
      "i_code": [], 
      "agemax_value": 0, 
      "agemax_unit": "-", 
      "expanded_access_program": null, 
      "agemin_unit": "-", 
      "scientific_acronym": "(EXPECT)", 
      "acronym": "", 
      "hc_freetext": "", 
      "masking": null, 
      "exported": null, 
      "number_of_arms": null, 
      "status": "processing", 
      "updated": "2010-08-23 20:32:50", 
      "target_sample_size": 0, 
      "study_type": null, 
      "i_freetext": "", 
      "acronym_expansion": "", 
      "enrollment_start_actual": "", 
      "enrollment_end_planned": "", 
      "allocation": null, 
      "scientific_acronym_expansion": "", 
      "purpose": null, 
      "phase": null, 
      "date_registration": null, 
      "agemin_value": 0, 
      "enrollment_start_planned": "", 
      "staff_note": "", 
      "study_design": "", 
      "created": "2010-06-18 19:16:12", 
      "gender": "-", 
      "intervention_assignment": null, 
      "exclusion_criteria": "", 
      "primary_sponsor": 22, 
      "recruitment_status": null
    }
  }, 
  {
    "pk": 19, 
    "model": "repository.clinicaltrial", 
    "fields": {
      "scientific_title": "hghjghjghjhj", 
      "public_title": "", 
      "enrollment_end_actual": "", 
      "trial_id": null, 
      "inclusion_criteria": "", 
      "recruitment_country": [
        [
          "AT"
        ]
      ], 
      "i_code": [], 
      "agemax_value": 0, 
      "agemax_unit": "-", 
      "expanded_access_program": null, 
      "agemin_unit": "-", 
      "scientific_acronym": "", 
      "acronym": "", 
      "hc_freetext": "", 
      "masking": null, 
      "exported": null, 
      "number_of_arms": null, 
      "status": "processing", 
      "updated": "2010-08-23 20:32:47", 
      "target_sample_size": 0, 
      "study_type": null, 
      "i_freetext": "", 
      "acronym_expansion": "", 
      "enrollment_start_actual": "", 
      "enrollment_end_planned": "", 
      "allocation": null, 
      "scientific_acronym_expansion": "", 
      "purpose": null, 
      "phase": null, 
      "date_registration": null, 
      "agemin_value": 0, 
      "enrollment_start_planned": "", 
      "staff_note": "", 
      "study_design": "", 
      "created": "2010-06-17 19:26:29", 
      "gender": "-", 
      "intervention_assignment": null, 
      "exclusion_criteria": "", 
      "primary_sponsor": 21, 
      "recruitment_status": null
    }
  }, 
  {
    "pk": 18, 
    "model": "repository.clinicaltrial", 
    "fields": {
      "scientific_title": "fdfdfdfdf", 
      "public_title": "", 
      "enrollment_end_actual": "", 
      "trial_id": null, 
      "inclusion_criteria": "", 
      "recruitment_country": [
        [
          "BR"
        ]
      ], 
      "i_code": [], 
      "agemax_value": 0, 
      "agemax_unit": "-", 
      "expanded_access_program": null, 
      "agemin_unit": "-", 
      "scientific_acronym": "", 
      "acronym": "", 
      "hc_freetext": "", 
      "masking": null, 
      "exported": null, 
      "number_of_arms": null, 
      "status": "processing", 
      "updated": "2010-08-23 20:32:44", 
      "target_sample_size": 0, 
      "study_type": null, 
      "i_freetext": "", 
      "acronym_expansion": "", 
      "enrollment_start_actual": "", 
      "enrollment_end_planned": "", 
      "allocation": null, 
      "scientific_acronym_expansion": "", 
      "purpose": null, 
      "phase": null, 
      "date_registration": null, 
      "agemin_value": 0, 
      "enrollment_start_planned": "", 
      "staff_note": "", 
      "study_design": "", 
      "created": "2010-06-17 19:23:02", 
      "gender": "-", 
      "intervention_assignment": null, 
      "exclusion_criteria": "", 
      "primary_sponsor": 20, 
      "recruitment_status": null
    }
  }, 
  {
    "pk": 17, 
    "model": "repository.clinicaltrial", 
    "fields": {
      "scientific_title": "Segundo teste do dia 17/06", 
      "public_title": "", 
      "enrollment_end_actual": "", 
      "trial_id": null, 
      "inclusion_criteria": "", 
      "recruitment_country": [
        [
          "BR"
        ]
      ], 
      "i_code": [], 
      "agemax_value": 0, 
      "agemax_unit": "-", 
      "expanded_access_program": null, 
      "agemin_unit": "-", 
      "scientific_acronym": "", 
      "acronym": "", 
      "hc_freetext": "", 
      "masking": null, 
      "exported": null, 
      "number_of_arms": null, 
      "status": "processing", 
      "updated": "2010-08-23 20:32:42", 
      "target_sample_size": 0, 
      "study_type": null, 
      "i_freetext": "", 
      "acronym_expansion": "", 
      "enrollment_start_actual": "", 
      "enrollment_end_planned": "", 
      "allocation": null, 
      "scientific_acronym_expansion": "", 
      "purpose": null, 
      "phase": null, 
      "date_registration": null, 
      "agemin_value": 0, 
      "enrollment_start_planned": "", 
      "staff_note": "", 
      "study_design": "", 
      "created": "2010-06-17 17:48:22", 
      "gender": "-", 
      "intervention_assignment": null, 
      "exclusion_criteria": "", 
      "primary_sponsor": 19, 
      "recruitment_status": null
    }
  }, 
  {
    "pk": 16, 
    "model": "repository.clinicaltrial", 
    "fields": {
      "scientific_title": "Teste do dia 17/06", 
      "public_title": "", 
      "enrollment_end_actual": "", 
      "trial_id": null, 
      "inclusion_criteria": "", 
      "recruitment_country": [
        [
          "BR"
        ]
      ], 
      "i_code": [], 
      "agemax_value": 0, 
      "agemax_unit": "-", 
      "expanded_access_program": null, 
      "agemin_unit": "-", 
      "scientific_acronym": "", 
      "acronym": "", 
      "hc_freetext": "", 
      "masking": null, 
      "exported": null, 
      "number_of_arms": null, 
      "status": "processing", 
      "updated": "2010-08-23 20:32:40", 
      "target_sample_size": 0, 
      "study_type": null, 
      "i_freetext": "", 
      "acronym_expansion": "", 
      "enrollment_start_actual": "", 
      "enrollment_end_planned": "", 
      "allocation": null, 
      "scientific_acronym_expansion": "", 
      "purpose": null, 
      "phase": null, 
      "date_registration": null, 
      "agemin_value": 0, 
      "enrollment_start_planned": "", 
      "staff_note": "", 
      "study_design": "", 
      "created": "2010-06-17 17:47:04", 
      "gender": "-", 
      "intervention_assignment": null, 
      "exclusion_criteria": "", 
      "primary_sponsor": 18, 
      "recruitment_status": null
    }
  }, 
  {
    "pk": 15, 
    "model": "repository.clinicaltrial", 
    "fields": {
      "scientific_title": "My new clinical trial", 
      "public_title": "", 
      "enrollment_end_actual": "", 
      "trial_id": null, 
      "inclusion_criteria": "", 
      "recruitment_country": [
        [
          "BR"
        ]
      ], 
      "i_code": [], 
      "agemax_value": 0, 
      "agemax_unit": "-", 
      "expanded_access_program": null, 
      "agemin_unit": "-", 
      "scientific_acronym": "", 
      "acronym": "", 
      "hc_freetext": "", 
      "masking": null, 
      "exported": null, 
      "number_of_arms": null, 
      "status": "processing", 
      "updated": "2010-08-23 20:32:38", 
      "target_sample_size": 0, 
      "study_type": null, 
      "i_freetext": "", 
      "acronym_expansion": "", 
      "enrollment_start_actual": "", 
      "enrollment_end_planned": "", 
      "allocation": null, 
      "scientific_acronym_expansion": "", 
      "purpose": null, 
      "phase": null, 
      "date_registration": null, 
      "agemin_value": 0, 
      "enrollment_start_planned": "", 
      "staff_note": "", 
      "study_design": "", 
      "created": "2010-06-15 23:27:27", 
      "gender": "-", 
      "intervention_assignment": null, 
      "exclusion_criteria": "", 
      "primary_sponsor": 17, 
      "recruitment_status": null
    }
  }, 
  {
    "pk": 14, 
    "model": "repository.clinicaltrial", 
    "fields": {
      "scientific_title": "Teste do Luciano em 14 de jun de 2010", 
      "public_title": "", 
      "enrollment_end_actual": "", 
      "trial_id": null, 
      "inclusion_criteria": "", 
      "recruitment_country": [
        [
          "BR"
        ]
      ], 
      "i_code": [], 
      "agemax_value": 0, 
      "agemax_unit": "-", 
      "expanded_access_program": null, 
      "agemin_unit": "-", 
      "scientific_acronym": "", 
      "acronym": "", 
      "hc_freetext": "", 
      "masking": null, 
      "exported": null, 
      "number_of_arms": null, 
      "status": "processing", 
      "updated": "2010-08-23 20:32:35", 
      "target_sample_size": 0, 
      "study_type": null, 
      "i_freetext": "", 
      "acronym_expansion": "", 
      "enrollment_start_actual": "", 
      "enrollment_end_planned": "", 
      "allocation": null, 
      "scientific_acronym_expansion": "", 
      "purpose": null, 
      "phase": null, 
      "date_registration": null, 
      "agemin_value": 0, 
      "enrollment_start_planned": "", 
      "staff_note": "", 
      "study_design": "", 
      "created": "2010-06-14 17:48:11", 
      "gender": "-", 
      "intervention_assignment": null, 
      "exclusion_criteria": "", 
      "primary_sponsor": 16, 
      "recruitment_status": null
    }
  }, 
  {
    "pk": 13, 
    "model": "repository.clinicaltrial", 
    "fields": {
      "scientific_title": "Uso da metformina em pacientes com diabetes tipo 2", 
      "public_title": "", 
      "enrollment_end_actual": "", 
      "trial_id": null, 
      "inclusion_criteria": "", 
      "recruitment_country": [
        [
          "AF"
        ], 
        [
          "AO"
        ], 
        [
          "BD"
        ]
      ], 
      "i_code": [], 
      "agemax_value": 0, 
      "agemax_unit": "-", 
      "expanded_access_program": null, 
      "agemin_unit": "-", 
      "scientific_acronym": "", 
      "acronym": "", 
      "hc_freetext": "", 
      "masking": null, 
      "exported": null, 
      "number_of_arms": null, 
      "status": "processing", 
      "updated": "2010-08-23 20:32:33", 
      "target_sample_size": 0, 
      "study_type": null, 
      "i_freetext": "", 
      "acronym_expansion": "", 
      "enrollment_start_actual": "", 
      "enrollment_end_planned": "", 
      "allocation": null, 
      "scientific_acronym_expansion": "", 
      "purpose": null, 
      "phase": null, 
      "date_registration": null, 
      "agemin_value": 0, 
      "enrollment_start_planned": "", 
      "staff_note": "", 
      "study_design": "", 
      "created": "2010-06-14 13:44:50", 
      "gender": "-", 
      "intervention_assignment": null, 
      "exclusion_criteria": "", 
      "primary_sponsor": 15, 
      "recruitment_status": null
    }
  }, 
  {
    "pk": 12, 
    "model": "repository.clinicaltrial", 
    "fields": {
      "scientific_title": "Demo do dia 14 de junho", 
      "public_title": "", 
      "enrollment_end_actual": "", 
      "trial_id": "RBR-46w-jsc", 
      "inclusion_criteria": "", 
      "recruitment_country": [
        [
          "BR"
        ]
      ], 
      "i_code": [], 
      "agemax_value": 0, 
      "agemax_unit": "-", 
      "expanded_access_program": null, 
      "agemin_unit": "-", 
      "scientific_acronym": "", 
      "acronym": "", 
      "hc_freetext": "", 
      "masking": null, 
      "exported": null, 
      "number_of_arms": null, 
      "status": "published", 
      "updated": "2010-08-23 20:32:31", 
      "target_sample_size": 0, 
      "study_type": null, 
      "i_freetext": "", 
      "acronym_expansion": "", 
      "enrollment_start_actual": "", 
      "enrollment_end_planned": "", 
      "allocation": null, 
      "scientific_acronym_expansion": "", 
      "purpose": null, 
      "phase": null, 
      "date_registration": null, 
      "agemin_value": 0, 
      "enrollment_start_planned": "", 
      "staff_note": "", 
      "study_design": "", 
      "created": "2010-06-14 13:40:25", 
      "gender": "-", 
      "intervention_assignment": null, 
      "exclusion_criteria": "", 
      "primary_sponsor": 14, 
      "recruitment_status": null
    }
  }, 
  {
    "pk": 11, 
    "model": "repository.clinicaltrial", 
    "fields": {
      "scientific_title": "T\u00edtulo A", 
      "public_title": "", 
      "enrollment_end_actual": "", 
      "trial_id": null, 
      "inclusion_criteria": "", 
      "recruitment_country": [
        [
          "UG"
        ], 
        [
          "AE"
        ], 
        [
          "UY"
        ], 
        [
          "VU"
        ]
      ], 
      "i_code": [], 
      "agemax_value": 0, 
      "agemax_unit": "-", 
      "expanded_access_program": null, 
      "agemin_unit": "-", 
      "scientific_acronym": "", 
      "acronym": "", 
      "hc_freetext": "", 
      "masking": null, 
      "exported": null, 
      "number_of_arms": null, 
      "status": "processing", 
      "updated": "2010-08-23 20:32:28", 
      "target_sample_size": 0, 
      "study_type": null, 
      "i_freetext": "", 
      "acronym_expansion": "", 
      "enrollment_start_actual": "", 
      "enrollment_end_planned": "", 
      "allocation": null, 
      "scientific_acronym_expansion": "", 
      "purpose": null, 
      "phase": null, 
      "date_registration": null, 
      "agemin_value": 0, 
      "enrollment_start_planned": "", 
      "staff_note": "", 
      "study_design": "", 
      "created": "2010-06-14 13:00:40", 
      "gender": "-", 
      "intervention_assignment": null, 
      "exclusion_criteria": "", 
      "primary_sponsor": 10, 
      "recruitment_status": null
    }
  }, 
  {
    "pk": 8, 
    "model": "repository.clinicaltrial", 
    "fields": {
      "scientific_title": "Prevention of Heterotopic Ossification With Arcoxia After Total Hip Replacement", 
      "public_title": "", 
      "enrollment_end_actual": "", 
      "trial_id": null, 
      "inclusion_criteria": "", 
      "recruitment_country": [
        [
          "NL"
        ]
      ], 
      "i_code": [], 
      "agemax_value": 0, 
      "agemax_unit": "-", 
      "expanded_access_program": null, 
      "agemin_unit": "-", 
      "scientific_acronym": "", 
      "acronym": "", 
      "hc_freetext": "", 
      "masking": null, 
      "exported": null, 
      "number_of_arms": null, 
      "status": "processing", 
      "updated": "2010-08-23 20:32:21", 
      "target_sample_size": 0, 
      "study_type": null, 
      "i_freetext": "", 
      "acronym_expansion": "", 
      "enrollment_start_actual": "", 
      "enrollment_end_planned": "", 
      "allocation": null, 
      "scientific_acronym_expansion": "", 
      "purpose": null, 
      "phase": null, 
      "date_registration": null, 
      "agemin_value": 0, 
      "enrollment_start_planned": "", 
      "staff_note": "", 
      "study_design": "", 
      "created": "2010-04-22 19:17:28", 
      "gender": "-", 
      "intervention_assignment": null, 
      "exclusion_criteria": "", 
      "primary_sponsor": 7, 
      "recruitment_status": null
    }
  }, 
  {
    "pk": 7, 
    "model": "repository.clinicaltrial", 
    "fields": {
      "scientific_title": "Avalia\u00e7\u00e3o da dosagem do praziquantel para o tratamento da esquistossomose no Brasil", 
      "public_title": "sadsad", 
      "enrollment_end_actual": "", 
      "trial_id": null, 
      "inclusion_criteria": "", 
      "recruitment_country": [
        [
          "BR"
        ]
      ], 
      "i_code": [], 
      "agemax_value": 0, 
      "agemax_unit": "-", 
      "expanded_access_program": null, 
      "agemin_unit": "-", 
      "scientific_acronym": "asdasd", 
      "acronym": "asdas", 
      "hc_freetext": "", 
      "masking": null, 
      "exported": null, 
      "number_of_arms": null, 
      "status": "processing", 
      "updated": "2010-08-23 20:32:19", 
      "target_sample_size": 0, 
      "study_type": null, 
      "i_freetext": "", 
      "acronym_expansion": "asdasd", 
      "enrollment_start_actual": "", 
      "enrollment_end_planned": "", 
      "allocation": null, 
      "scientific_acronym_expansion": "sdad", 
      "purpose": null, 
      "phase": null, 
      "date_registration": null, 
      "agemin_value": 0, 
      "enrollment_start_planned": "", 
      "staff_note": "", 
      "study_design": "", 
      "created": "2010-04-22 13:18:47", 
      "gender": "-", 
      "intervention_assignment": null, 
      "exclusion_criteria": "", 
      "primary_sponsor": 6, 
      "recruitment_status": null
    }
  }, 
  {
    "pk": 6, 
    "model": "repository.clinicaltrial", 
    "fields": {
      "scientific_title": "teste de Margot", 
      "public_title": "", 
      "enrollment_end_actual": "", 
      "trial_id": null, 
      "inclusion_criteria": "", 
      "recruitment_country": [
        [
          "BR"
        ]
      ], 
      "i_code": [], 
      "agemax_value": 0, 
      "agemax_unit": "-", 
      "expanded_access_program": null, 
      "agemin_unit": "-", 
      "scientific_acronym": "", 
      "acronym": "", 
      "hc_freetext": "", 
      "masking": null, 
      "exported": null, 
      "number_of_arms": null, 
      "status": "processing", 
      "updated": "2010-08-23 20:32:17", 
      "target_sample_size": 0, 
      "study_type": null, 
      "i_freetext": "", 
      "acronym_expansion": "", 
      "enrollment_start_actual": "", 
      "enrollment_end_planned": "", 
      "allocation": null, 
      "scientific_acronym_expansion": "", 
      "purpose": null, 
      "phase": null, 
      "date_registration": null, 
      "agemin_value": 0, 
      "enrollment_start_planned": "", 
      "staff_note": "", 
      "study_design": "", 
      "created": "2010-04-05 16:56:59", 
      "gender": "-", 
      "intervention_assignment": null, 
      "exclusion_criteria": "", 
      "primary_sponsor": 5, 
      "recruitment_status": null
    }
  }, 
  {
    "pk": 5, 
    "model": "repository.clinicaltrial", 
    "fields": {
      "scientific_title": "Teste da reuni\u00e3o Elluminate", 
      "public_title": "", 
      "enrollment_end_actual": "", 
      "trial_id": null, 
      "inclusion_criteria": "", 
      "recruitment_country": [
        [
          "DZ"
        ], 
        [
          "AO"
        ], 
        [
          "AW"
        ]
      ], 
      "i_code": [], 
      "agemax_value": 0, 
      "agemax_unit": "-", 
      "expanded_access_program": null, 
      "agemin_unit": "-", 
      "scientific_acronym": "", 
      "acronym": "", 
      "hc_freetext": "", 
      "masking": null, 
      "exported": null, 
      "number_of_arms": null, 
      "status": "processing", 
      "updated": "2010-08-23 20:32:15", 
      "target_sample_size": 0, 
      "study_type": null, 
      "i_freetext": "", 
      "acronym_expansion": "", 
      "enrollment_start_actual": "", 
      "enrollment_end_planned": "", 
      "allocation": null, 
      "scientific_acronym_expansion": "", 
      "purpose": null, 
      "phase": null, 
      "date_registration": null, 
      "agemin_value": 0, 
      "enrollment_start_planned": "", 
      "staff_note": "", 
      "study_design": "", 
      "created": "2010-03-30 18:51:44", 
      "gender": "-", 
      "intervention_assignment": null, 
      "exclusion_criteria": "", 
      "primary_sponsor": 4, 
      "recruitment_status": null
    }
  }, 
  {
    "pk": 4, 
    "model": "repository.clinicaltrial", 
    "fields": {
      "scientific_title": "Clinical Investigation: A Continuation in the Clinical Evaluation of the Bioabsorbable Vascular Solutions (BVS) Everolimus Eluting Coronary Stent System (EECCS) in the Treatment of Subjects With de Novo Native Coronary Artery Lesions  ", 
      "public_title": "Clinical Investigation: An assessment of the safety and performance of the Bioabsorbable Vascular Solutions (BVS) Everolimus Eluting Coronary Stent System (EECCS) in the treatment of patients with de novo native coronary artery lesions.", 
      "enrollment_end_actual": "", 
      "trial_id": null, 
      "inclusion_criteria": "Up to two de novo lesions can be treated, each located in a separate native epicardial vessel.\r\n\r\nTarget lesion(s) must measure <= 28 mm in length by Qualitative Coronary Angiography (QCA), or by visual estimation if on line QCA is not available.\r\n\r\nTarget lesion(s) must be in a major artery or branch with a visually estimated stenosis of >= 50% and < 100% with a Thrombolysis in Myocardial Infarction (TIMI) flow of >= 1.\r\n\r\nIf two treatable lesions meet the inclusion criteria they must be in separate major epicardial vessels.\r\n\r\nPercutaneous interventions for lesions in a non-target vessel are allowed if done >= 30 days prior to or if planned to be done > 6 months after the index procedure.\r\n\r\nPercutaneous intervention for lesions in the target vessel are allowed if done > 6 months prior to or if planned to be done 6 months after the index procedure.", 
      "recruitment_country": [
        [
          "AU"
        ], 
        [
          "BE"
        ], 
        [
          "BR"
        ], 
        [
          "DK"
        ], 
        [
          "FR"
        ], 
        [
          "IT"
        ], 
        [
          "NL"
        ], 
        [
          "PL"
        ], 
        [
          "CH"
        ]
      ], 
      "i_code": [
        [
          "device"
        ]
      ], 
      "agemax_value": 0, 
      "agemax_unit": "-", 
      "expanded_access_program": null, 
      "agemin_unit": "Y", 
      "scientific_acronym": "ABSORB EXTEND", 
      "acronym": "ABSORB EXTEND", 
      "hc_freetext": "Coronary Artery Stenosis\r\nCoronary Disease\r\nCoronary Artery Disease\r\n", 
      "masking": null, 
      "exported": null, 
      "number_of_arms": null, 
      "status": "processing", 
      "updated": "2010-08-23 20:32:12", 
      "target_sample_size": 1000, 
      "study_type": null, 
      "i_freetext": "Bioabsorbable Vascular Solutions Everolimus Eluting Coronary Stent System (BVS EECSS). Percutaneous Coronary Intervention (PCI) is commonly known as coronary angioplasty. Typically, PCI is performed by threading a slender balloon-tipped tube, a catheter, from an artery in the groin to a trouble spot in an artery of the heart. The balloon is then inflated, compressing the plaque and dilating (widening) the narrowed coronary artery so that blood can flow more easily. During PCI for this study, the BVS EECSS is then placed in the coronary artery to support the previously narrowed area. The BVS EECSS will remain in place until the bioabsorbtion process is complete, your physician will discuss this process with you. The duration of the PCI procedure will depend on many factors, and is typically less than 2 hours. Your physician will discuss those factors and the length of your procedure with you.\r\n\r\nOptical Coherence Tomography (OCT) subgroup definition:\r\n- A subgroup of up to 50 subjects who:\r\n\r\n- Have their procedures performed at selected investigational sites with OCT capability; and\r\n\r\n- Receive planned overlapping stent treatment of the target lesion.\r\n\r\n- The need for planned overlapping of BVS stents will be determined by the investigator up to the time of the index procedure.\r\n\r\n- Angiography, Intravascular Ultrasound (IVUS) and OCT are required for all subjects in the OCT subgroup post-procedure and at 2-year follow-up\r\n\r\n\r\n\r\nMulti-Slice Computed Tomography subgroup definition:\r\n\r\n- A subgroup of up to 100 subjects who:\r\n\r\n- Have their procedures performed at selected investigational sites having both OCT and MSCT capability; and\r\n\r\n- Receive at least one BVS EECSS in the target lesion.\r\n\r\nMSCT imaging and clinical follow-up at 18 months is required for all subjects in the MSCT subgroup.", 
      "acronym_expansion": "", 
      "enrollment_start_actual": "", 
      "enrollment_end_planned": "", 
      "allocation": null, 
      "scientific_acronym_expansion": "", 
      "purpose": null, 
      "phase": null, 
      "date_registration": null, 
      "agemin_value": 18, 
      "enrollment_start_planned": "", 
      "staff_note": "", 
      "study_design": "", 
      "created": "2010-03-02 13:34:30", 
      "gender": "-", 
      "intervention_assignment": null, 
      "exclusion_criteria": "Lesion(s) located within an arterial or saphenous vein graft or distal to a diseased (defined as vessel irregularity per angiogram and > 20% stenosed lesion by visual estimation) arterial or saphenous vein graft. Lesion(s) involving a bifurcation with side branch vessel >= 2 mm in diameter, ostial lesion > 40% stenosed by visual estimation or side branch requiring predilatation. Total occlusion (TIMI flow 0), prior to wire passing. Target vessel(s) contains visible thrombus. Another clinically significant lesion is located in the same epicardial vessel (including side branch) as the target lesion(s). Subject has received brachytherapy in any epicardial vessel (including side branches).", 
      "primary_sponsor": 3, 
      "recruitment_status": [
        "recruiting"
      ]
    }
  }, 
  {
    "pk": 3, 
    "model": "repository.clinicaltrial", 
    "fields": {
      "scientific_title": "Effect of Ascorbic Acid and Grape Seed Extract \"Vitis Vinifera L.\" on Oxidative Stress Induced by on Pump Coronary Artery bypass Grafting Surgery", 
      "public_title": "Comparison of Ascorbic Acid and Grape Seed Extract in Oxidative Stress Induced by on Pump Heart Surgery", 
      "enrollment_end_actual": "", 
      "trial_id": null, 
      "inclusion_criteria": "Candidates for elective CABG surgery with pump for first time, 3 Vessel Disease (3VD).", 
      "recruitment_country": [
        [
          "IR"
        ]
      ], 
      "i_code": [
        [
          "drug"
        ]
      ], 
      "agemax_value": 0, 
      "agemax_unit": "-", 
      "expanded_access_program": null, 
      "agemin_unit": "-", 
      "scientific_acronym": "", 
      "acronym": "", 
      "hc_freetext": "Condition 1: Coronary Atrery Bypass Graft (CABG).\r\nCondition 2: Atherosclerotic heart disease.\r\nCondition 3: Ischaemic cardiomyopathy.", 
      "masking": [
        "double-blind"
      ], 
      "exported": null, 
      "number_of_arms": 3, 
      "status": "processing", 
      "updated": "2010-08-23 20:32:10", 
      "target_sample_size": 75, 
      "study_type": [
        "interventional"
      ], 
      "i_freetext": "Intervention 1: Control Group: without intervention.\r\nIntervention 2: Grape Seed Extract 100 mg/6h .\r\nIntervention 3: Vit C 25 mg/kg.", 
      "acronym_expansion": "", 
      "enrollment_start_actual": "", 
      "enrollment_end_planned": "", 
      "allocation": [
        "randomized-controlled"
      ], 
      "scientific_acronym_expansion": "", 
      "purpose": [
        "treatment"
      ], 
      "phase": [
        "2-3"
      ], 
      "date_registration": null, 
      "agemin_value": 0, 
      "enrollment_start_planned": "2008-11-01", 
      "staff_note": "", 
      "study_design": "Randomization: randomized. Blinding: Double blind. Placebo: not used. Assignment: Parallel. Purpose: Supportive care. Other design features: .", 
      "created": "2010-01-20 17:47:08", 
      "gender": "-", 
      "intervention_assignment": [
        "parallel"
      ], 
      "exclusion_criteria": "High risk patients, Those who need another heart surgery beside CABG, Urgent patients Diabetics, Ischemic time more than 120 min.", 
      "primary_sponsor": 2, 
      "recruitment_status": [
        "recruitment completed"
      ]
    }
  }, 
  {
    "pk": 2, 
    "model": "repository.clinicaltrial", 
    "fields": {
      "scientific_title": "Minimal trial record (only required fields)", 
      "public_title": "", 
      "enrollment_end_actual": "", 
      "trial_id": null, 
      "inclusion_criteria": "", 
      "recruitment_country": [], 
      "i_code": [], 
      "agemax_value": 0, 
      "agemax_unit": "-", 
      "expanded_access_program": null, 
      "agemin_unit": "-", 
      "scientific_acronym": "", 
      "acronym": "", 
      "hc_freetext": "", 
      "masking": null, 
      "exported": null, 
      "number_of_arms": null, 
      "status": "processing", 
      "updated": "2010-08-23 20:32:08", 
      "target_sample_size": 0, 
      "study_type": null, 
      "i_freetext": "", 
      "acronym_expansion": "", 
      "enrollment_start_actual": "", 
      "enrollment_end_planned": "", 
      "allocation": null, 
      "scientific_acronym_expansion": "", 
      "purpose": null, 
      "phase": null, 
      "date_registration": null, 
      "agemin_value": 0, 
      "enrollment_start_planned": "", 
      "staff_note": "", 
      "study_design": "", 
      "created": "2010-01-20 17:47:08", 
      "gender": "-", 
      "intervention_assignment": null, 
      "exclusion_criteria": "", 
      "primary_sponsor": null, 
      "recruitment_status": null
    }
  }, 
  {
    "pk": 1, 
    "model": "repository.clinicaltrial", 
    "fields": {
      "scientific_title": "A randomised, double-blind, placebo-controlled, factorial-design trial to assess the effect of aspirin and fish oil in the prevention of early thrombosis in arterio-venous fistulae in patients with Stage IV or V chronic kidney disease requiring haemodialysis", 
      "public_title": "", 
      "enrollment_end_actual": "", 
      "trial_id": null, 
      "inclusion_criteria": "1. Stage 4 or 5 chronic kidney disease\r\n2. Currently on haemodialysis or haemodialysis is planned to start within 6\r\nmonths (including patients currently on peritoneal dialysis).\r\n3. Planned AVF will be the primary haemodialysis access mechanism.\r\n4. Surgery to create an arterio-venous fistula in the upper or lower arm is planned.\r\n5. Aged over 18 years\r\n6. Life expectancy predicted to be 12 months minimum\r\n7. Treating team agreeable to patient\\'s involvement in the trial\r\n8. Informed consent ", 
      "recruitment_country": [
        [
          "AW"
        ], 
        [
          "NZ"
        ]
      ], 
      "i_code": [
        [
          "drug"
        ], 
        [
          "dietary supplement"
        ]
      ], 
      "agemax_value": 0, 
      "agemax_unit": "-", 
      "expanded_access_program": null, 
      "agemin_unit": "Y", 
      "scientific_acronym": "FAVOURED (Fish oil and Aspirin in Vascular acccess OUtcomes in REnal Disease)", 
      "acronym": "", 
      "hc_freetext": "Early thrombosis in arterio-venous fistulae in patients with Stage IV or V chronic kidney disease requiring haemodialysis.", 
      "masking": null, 
      "exported": null, 
      "number_of_arms": null, 
      "status": "processing", 
      "updated": "2010-08-23 20:32:05", 
      "target_sample_size": 1200, 
      "study_type": [
        "interventional"
      ], 
      "i_freetext": "Aspirin 100 mg per day or matching placebo, commencing on the day prior to scheduled surgery and continuing for 3 months.", 
      "acronym_expansion": "", 
      "enrollment_start_actual": "", 
      "enrollment_end_planned": "", 
      "allocation": null, 
      "scientific_acronym_expansion": "", 
      "purpose": null, 
      "phase": [
        "1"
      ], 
      "date_registration": null, 
      "agemin_value": 18, 
      "enrollment_start_planned": "", 
      "staff_note": "", 
      "study_design": "", 
      "created": "2010-01-20 17:47:08", 
      "gender": "-", 
      "intervention_assignment": null, 
      "exclusion_criteria": "1. Revision of existing AVF rather than de novo AVF\r\n2. Medical indication for anti-platelet agent(s)\r\n3. Known intolerance of agents including hypersensitivity to aspirin\r\n4. Current use of aspirin within two weeks of commencing trial, and of fish oil within 4 weeks of commencing trial.\r\n5. Pregnancy, lactation or intention to fall pregnant during the time course of the study\r\n6. Known bleeding disorder or established diagnosis of active or suspected bleeding\r\n7. Known active peptic ulcer disease\r\n8. Already receiving anti-coagulation therapy such as warfarin\r\n9. Receiving regular anti-inflammatory agents for another indication such as\r\narthritis\r\n10.Potential non-compliance with treatment regimen in the view of the\r\ntreating clinicians\r\n11.Involved in another clinical trial where the intervention being trialled is likely to confound the outcome of this trial\r\n12.Previously randomised to this trial. ", 
      "primary_sponsor": 1, 
      "recruitment_status": [
        "not yet recruiting"
      ]
    }
  }
]
